lat,lon,altitude_m,inside_receiver_hull,condition,linear_hrmse_0_25us_m,remote_branch_separation_us,mc_p50_0_1us_m,mc_p95_0_1us_m,mc_p50_0_25us_m,mc_p95_0_25us_m,mc_p50_0_5us_m,mc_p95_0_5us_m,mc_p50_1_0us_m,mc_p95_1_0us_m,class
17.5,104.5,10000,False,49.5982910125584,23815.225569088925,0.2723054795859186,6758.715017420287,17535.2790763519,16896.78754355072,43838.19769087975,33793.57508710144,87676.3953817595,67587.15017420288,175352.790763519,VERY POOR
17.5,104.6,10000,False,82.66994124525584,39030.89374924796,0.33918915168371383,10083.473522160566,29484.718528808426,25208.68380540142,73711.79632202107,50417.36761080284,147423.59264404213,100834.73522160568,294847.18528808426,VERY POOR
17.5,104.7,10000,False,104.01839729027942,46978.80116648194,0.6877711161008792,12670.41879481578,36637.67087840458,31676.046987039445,91594.17719601144,63352.09397407889,183188.35439202288,126704.18794815778,366376.70878404577,VERY POOR
17.5,104.8,10000,False,42.204402552036456,17737.732559980574,1.3207831138416388,4577.470251095108,12409.77541721292,11443.675627737772,31024.438543032302,22887.351255475543,62048.877086064604,45774.70251095109,124097.75417212921,VERY POOR
17.5,104.9,10000,False,25.157821523650668,9613.329521816187,1.9382528871890694,2536.7329292203426,6818.233858229823,6341.832323050856,17045.58464557456,12683.664646101712,34091.16929114912,25367.329292203423,68182.33858229824,VERY POOR
17.5,105.0,10000,False,18.646186600005603,6373.537569108927,1.9513630922816567,1711.9837656357358,4606.606555249156,4279.959414089339,11516.516388122891,8559.918828178677,23033.032776245782,17119.837656357355,46066.065552491564,VERY POOR
17.5,105.1,10000,False,15.571595048903815,4718.438164694934,2.1257536025786594,1287.9517706598745,3391.65102967044,3219.879426649686,8479.127574176098,6439.758853299372,16958.255148352197,12879.517706598745,33916.51029670439,VERY POOR
17.5,105.2,10000,False,13.970638396484889,3742.0433957488513,3.4092795564647163,1056.3933052967,2709.411349862501,2640.9832632417497,6773.528374656252,5281.966526483499,13547.056749312504,10563.933052966999,27094.113498625007,VERY POOR
17.5,105.3,10000,False,13.113738931259364,3110.1585052880673,4.136394895326435,836.7061955585283,2247.0698146176055,2091.7654888963207,5617.674536544013,4183.530977792641,11235.349073088026,8367.061955585283,22470.69814617605,VERY POOR
17.5,105.4,10000,False,12.677391409326999,2675.1186700934127,5.067884758320201,719.5715362699605,1976.4531899533638,1798.9288406749015,4941.132974883409,3597.857681349803,9882.265949766817,7195.715362699606,19764.531899533635,POOR
17.5,105.5,10000,False,12.501394778141393,2363.184362943322,4.1351640136837355,647.4839884019425,1739.8049453745703,1618.7099710048562,4349.512363436426,3237.4199420097125,8699.024726872853,6474.839884019425,17398.049453745705,POOR
17.5,105.6,10000,False,12.500959916259344,2134.0548266691435,3.937913728644744,572.5280061447272,1568.7550232094459,1431.3200153618175,3921.887558023615,2862.640030723635,7843.77511604723,5725.28006144727,15687.55023209446,POOR
17.5,105.7,10000,False,12.629976698615772,1964.118278113762,5.3486537719805325,511.8971870111799,1439.5930707357302,1279.7429675279495,3598.982676839326,2559.485935055899,7197.965353678652,5118.971870111798,14395.930707357304,POOR
17.5,105.8,10000,False,12.8640457024649,1838.7859487548749,7.224417277118076,475.8567845781928,1358.6177190463918,1189.6419614454817,3396.5442976159793,2379.2839228909634,6793.088595231959,4758.567845781927,13586.177190463917,POOR
17.5,105.9,10000,False,13.192114814283466,1748.7095829955215,9.912186862782868,453.2559040725371,1298.847277056566,1133.1397601813428,3247.118192641415,2266.2795203626856,6494.23638528283,4532.559040725371,12988.47277056566,POOR
17.5,106.0,10000,False,13.612264432404656,1687.8099593021254,7.882550889735512,440.6364892066021,1270.1423213033845,1101.591223016505,3175.355803258461,2203.18244603301,6350.711606516922,4406.36489206602,12701.423213033844,POOR
17.5,106.1,10000,False,14.129717470327199,1652.215321971029,5.943712088656977,430.3063985060951,1254.0245484316697,1075.7659962652374,3135.061371079175,2151.531992530475,6270.12274215835,4303.06398506095,12540.2454843167,POOR
17.5,106.2,10000,False,14.756225127754604,1639.6927004184004,4.888513460081959,432.59005869535804,1253.4073430516714,1081.4751467383953,3133.518357629178,2162.9502934767906,6267.036715258356,4325.900586953581,12534.073430516712,POOR
17.5,106.3,10000,False,15.510502736979019,1649.3739479818896,5.665576712743398,432.26171379788616,1265.803848233173,1080.6542844947153,3164.509620582933,2161.3085689894306,6329.019241165866,4322.617137978861,12658.038482331733,POOR
17.5,106.4,10000,False,16.41971085306891,1681.6884469247793,7.880687118190931,440.32879971931834,1294.6387537346895,1100.8219992982959,3236.5968843367236,2201.6439985965917,6473.193768673447,4403.287997193183,12946.387537346895,POOR
17.5,106.5,10000,False,17.52226455997443,1738.480833813943,10.684745170852578,454.35290685170753,1341.965295139087,1135.8822671292687,3354.913237847718,2271.7645342585374,6709.826475695436,4543.529068517075,13419.652951390872,POOR
17.5,106.6,10000,False,18.872641490169887,1823.3479484944457,9.0225283473306,478.3619087573063,1410.2863739030104,1195.904771893266,3525.715934757526,2391.809543786532,7051.431869515052,4783.619087573064,14102.863739030105,POOR
17.5,106.7,10000,False,20.549536617429357,1942.3012191627017,7.238666174305534,506.17485831341855,1504.6699826034899,1265.4371457835462,3761.674956508724,2530.8742915670923,7523.349913017448,5061.748583134185,15046.699826034896,POOR
17.5,106.8,10000,False,22.67007247970533,2104.9887650511446,5.842793427337647,549.4555411301726,1632.9368938061511,1373.6388528254315,4082.3422345153776,2747.277705650863,8164.684469030755,5494.555411301726,16329.36893806151,POOR
17.5,106.9,10000,False,25.41577446719333,2326.9838179509293,5.272079077505503,610.1997415691476,1807.284331689954,1525.499353922869,4518.210829224885,3050.998707845738,9036.42165844977,6101.997415691476,18072.84331689954,POOR
17.5,107.0,10000,False,29.08326924548117,2634.2975534654533,3.5193408011473912,689.7002842050076,2048.015779714205,1724.2507105125192,5120.039449285513,3448.5014210250383,10240.078898571026,6897.002842050077,20480.157797142052,VERY POOR
17.5,107.1,10000,False,34.19214041059696,3073.020955878534,3.6067536416458665,800.1106881794929,2391.0338124802656,2000.2767204487318,5977.584531200663,4000.5534408974636,11955.169062401326,8001.106881794927,23910.338124802653,VERY POOR
17.5,107.2,10000,False,41.74233094374123,3732.374245000596,5.32287773759584,982.8511658371262,2905.7205021930827,2457.1279145928156,7264.301255482708,4914.255829185631,14528.602510965417,9828.511658371262,29057.205021930833,VERY POOR
17.5,107.3,10000,False,53.93551242981673,4809.341372937172,6.862725835443891,1276.884174978776,3747.231726961207,3192.21043744694,9368.079317403019,6384.42087489388,18736.158634806037,12768.84174978776,37472.317269612075,VERY POOR
17.5,107.4,10000,False,76.75477156874044,6839.851822548288,4.283991581345084,1798.8870253551272,5335.586007169238,4497.217563387818,13338.965017923096,8994.435126775636,26677.93003584619,17988.87025355127,53355.86007169238,VERY POOR
17.5,107.5,10000,False,134.18787111863315,11973.474133759539,1.9331940947491364,3138.0016639789246,9323.094339234198,7845.00415994731,23307.735848085496,15690.00831989462,46615.47169617099,31380.01663978924,93230.94339234199,VERY POOR
17.5,107.6,10000,False,540.9603017458563,48416.107816369564,3.6395009206411584,12991.234085565318,37702.74324082092,32478.085213913295,94256.8581020523,64956.17042782659,188513.7162041046,129912.34085565318,377027.4324082092,VERY POOR
17.5,107.7,10000,False,265.9255651667832,23909.98979834401,3.2919698585495185,6505.999740338844,18934.8516957835,16264.99935084711,47337.12923945875,32529.99870169422,94674.2584789175,65059.99740338844,189348.516957835,VERY POOR
17.5,107.8,10000,False,107.2949915354627,9705.173890783188,0.47494086885656095,2665.9671507101443,7698.581436795663,6664.917876775361,19246.453591989157,13329.835753550722,38492.907183978314,26659.671507101444,76985.81436795663,VERY POOR
17.5,107.9,10000,False,67.55104380803078,6154.728348630779,2.7037346886063904,1695.1679724103858,4885.943606568945,4237.919931025965,12214.859016422364,8475.83986205193,24429.71803284473,16951.67972410386,48859.43606568946,VERY POOR
17.5,108.0,10000,False,49.566197287956825,4554.154100757293,1.4923986354529495,1242.6419532394436,3618.801125554932,3106.604883098609,9047.00281388733,6213.209766197218,18094.00562777466,12426.419532394437,36188.01125554932,VERY POOR
17.5,108.1,10000,False,39.368921148382185,3651.4211419611033,1.7860377088471315,983.5693607798436,2904.198591779014,2458.923401949609,7260.4964794475345,4917.846803899218,14520.992958895069,9835.693607798436,29041.985917790138,VERY POOR
17.5,108.2,10000,False,32.84116211409217,3077.5639268902855,3.3476383873785696,840.1631080839144,2445.4050279428484,2100.407770209786,6113.512569857121,4200.815540419572,12227.025139714242,8401.631080839144,24454.050279428484,VERY POOR
17.5,108.3,10000,False,28.333856823341307,2684.880730131106,3.9965283118580275,737.6300734747174,2129.1744409233943,1844.0751836867935,5322.936102308486,3688.150367373587,10645.872204616971,7376.300734747174,21291.744409233943,VERY POOR
17.5,108.4,10000,False,25.057754887445782,2402.719533218484,5.6398280591855885,666.5513985136206,1901.7212850289989,1666.3784962840516,4754.3032125724985,3332.756992568103,9508.606425144997,6665.513985136206,19017.212850289994,POOR
17.5,108.5,10000,False,22.58764760649853,2193.0477906088904,2.327761673638564,609.4808699367782,1731.9192732364415,1523.7021748419454,4329.798183091104,3047.404349683891,8659.596366182208,6094.808699367782,17319.192732364416,POOR
17.5,108.6,10000,False,20.674161055187714,2033.5861061190767,6.365146184120108,564.6575958362318,1605.7266563236794,1411.6439895905794,4014.316640809199,2823.287979181159,8028.633281618398,5646.575958362318,16057.266563236795,POOR
17.5,108.7,10000,False,19.161367850787215,1910.4252753995163,5.4329978954211136,534.7459937327907,1508.4955600030598,1336.8649843319768,3771.23890000765,2673.7299686639535,7542.4778000153,5347.459937327907,15084.9556000306,POOR
17.5,108.8,10000,False,17.946753006873042,1814.4389866272938,4.701377736050109,507.0566390137893,1438.9536600220717,1267.6415975344732,3597.3841500551794,2535.2831950689465,7194.768300110359,5070.566390137893,14389.536600220717,POOR
17.5,108.9,10000,False,16.960136636598914,1739.3953301827598,4.208360614630735,487.55075534271793,1389.4885421472704,1218.8768883567948,3473.721355368176,2437.7537767135896,6947.442710736352,4875.507553427179,13894.885421472703,POOR
17.5,109.0,10000,False,16.15184731651463,1680.8972646004972,3.979307681498124,477.48321096775703,1346.9132774261634,1193.7080274193927,3367.283193565408,2387.4160548387854,6734.566387130816,4774.832109677571,13469.132774261632,POOR
17.6,104.5,10000,False,42.715368423540205,19767.1556931949,0.3302196480453282,5516.112376041461,14265.736444812632,13790.280940103654,35664.34111203158,27580.561880207308,71328.68222406316,55161.123760414615,142657.36444812632,VERY POOR
17.6,104.6,10000,False,52.830364445640136,24571.18874299439,0.253593414316536,6860.832135992503,18504.20471426749,17152.080339981258,46260.51178566872,34304.160679962515,92521.02357133744,68608.32135992503,185042.04714267488,VERY POOR
17.6,104.7,10000,False,100.16792954556287,45544.87028796115,0.35275638193505954,12328.993102610102,35147.523900559136,30822.482756525256,87868.80975139784,61644.96551305051,175737.6195027957,123289.93102610103,351475.2390055914,VERY POOR
17.6,104.8,10000,False,71.63565975679018,30826.7044143218,0.8268109533551226,7957.582182804877,22887.699206853882,19893.95545701219,57219.248017134705,39787.91091402438,114438.49603426941,79575.82182804876,228876.99206853882,VERY POOR
17.6,104.9,10000,False,31.92005456432971,12602.586387070014,1.6465757931302154,3262.2386482101074,8644.956144652268,8155.596620525268,21612.390361630674,16311.193241050536,43224.78072326135,32622.386482101072,86449.5614465227,VERY POOR
17.6,105.0,10000,False,20.65992165370472,7304.376871999492,2.2759969354580885,2013.8250512375762,5172.896352465639,5034.5626280939405,12932.240881164098,10069.125256187881,25864.481762328196,20138.250512375762,51728.96352465639,VERY POOR
17.6,105.1,10000,False,16.1033746396996,5021.690104869812,2.113258712497043,1393.9782355189823,3673.5892023139727,3484.945588797456,9183.973005784932,6969.891177594912,18367.946011569864,13939.782355189824,36735.89202313973,VERY POOR
17.6,105.2,10000,False,13.920987396307298,3803.769216320861,2.9397742204695247,1059.4487213938053,2730.6993510295147,2648.6218034845133,6826.748377573786,5297.243606969027,13653.496755147571,10594.487213938053,27306.993510295142,VERY POOR
17.6,105.3,10000,False,12.802536445210892,3065.162854609745,4.501969359785947,821.65480091053,2200.517653856429,2054.137002276325,5501.294134641073,4108.27400455265,11002.588269282145,8216.5480091053,22005.17653856429,VERY POOR
17.6,105.4,10000,False,12.2357043817882,2578.553288633955,5.400215445454212,696.5139770784581,1888.9632401374827,1741.2849426961452,4722.408100343706,3482.5698853922904,9444.816200687412,6965.139770784581,18889.632401374824,POOR
17.6,105.5,10000,False,11.987102861134026,2240.182418991374,4.650650071477709,612.4483428839524,1646.289246283055,1531.1208572098808,4115.723115707637,3062.2417144197616,8231.446231415273,6124.483428839523,16462.892462830547,POOR
17.6,105.6,10000,False,11.940025658083833,1996.9739631882542,4.239875437029633,540.4187837069894,1469.359081439164,1351.0469592674735,3673.3977035979096,2702.093918534947,7346.795407195819,5404.187837069894,14693.590814391639,POOR
17.6,105.7,10000,False,12.033201415518397,1819.3284548039996,5.618691901653199,474.3037038339327,1331.2735579117439,1185.7592595848316,3328.1838947793594,2371.5185191696633,6656.367789558719,4743.0370383393265,13312.735579117438,POOR
17.6,105.8,10000,False,12.234501109386885,1689.5992189661342,7.939588972833493,436.81783092299986,1247.6006764523306,1092.0445773074996,3119.0016911308267,2184.089154614999,6238.003382261653,4368.178309229998,12476.006764523307,POOR
17.6,105.9,10000,False,12.528625696072371,1596.7394883490585,10.337969011413753,413.6189056055513,1184.8218516657114,1034.0472640138782,2962.054629164279,2068.0945280277565,5924.109258328558,4136.189056055513,11848.218516657116,POOR
17.6,106.0,10000,False,12.911064013094746,1533.6402982206,8.123710271900869,400.2717628608559,1153.6831850206675,1000.6794071521399,2884.207962551669,2001.3588143042798,5768.415925103338,4002.7176286085596,11536.831850206676,POOR
17.6,106.1,10000,False,13.385181132232608,1495.7432591600511,6.1510043824792024,389.3815976266982,1135.0576406894645,973.4539940667455,2837.6441017236616,1946.907988133491,5675.288203447323,3893.815976266982,11350.576406894646,POOR
17.6,106.2,10000,False,13.96108640809046,1480.3054629169721,5.45774282630413,390.83412219839704,1131.4577284711377,977.0853054959925,2828.6443211778446,1954.170610991985,5657.288642355689,3908.34122198397,11314.577284711379,POOR
17.6,106.3,10000,False,14.655726615503957,1486.0297307932797,6.814052975803971,389.55413449070704,1140.23826695208,973.8853362267675,2850.5956673802,1947.770672453535,5701.1913347604,3895.54134490707,11402.3826695208,POOR
17.6,106.4,10000,False,15.49407800352892,1512.9308329931864,9.457127637061415,396.10690188282535,1164.5012909208795,990.2672547070632,2911.253227302198,1980.5345094141264,5822.506454604396,3961.069018828253,11645.012909208792,POOR
17.6,106.5,10000,False,16.51163534105123,1562.3939190235735,11.608514676242963,408.2332080608485,1205.7733322136173,1020.5830201521211,3014.4333305340433,2041.1660403042422,6028.866661068087,4082.3320806084844,12057.733322136173,POOR
17.6,106.6,10000,False,17.75877927927903,1637.443290704912,9.584046800960373,429.566696107634,1265.9878777187469,1073.916740269085,3164.9696942968667,2147.83348053817,6329.939388593733,4295.66696107634,12659.878777187467,POOR
17.6,106.7,10000,False,19.308236034828717,1743.3091434791415,7.186984223477929,454.4756667637474,1349.9514062322783,1136.1891669093686,3374.878515580696,2272.3783338187372,6749.757031161392,4544.7566676374745,13499.514062322784,POOR
17.6,106.8,10000,False,21.268089125368444,1888.4954578686375,7.00689883208206,492.83198429757135,1464.371875728103,1232.0799607439285,3660.9296893202577,2464.159921487857,7321.859378640515,4928.319842975714,14643.71875728103,POOR
17.6,106.9,10000,False,23.805529406512715,2086.792475792512,4.782445981762185,546.7576910393703,1620.051096105624,1366.894227598426,4050.127740264061,2733.788455196852,8100.255480528122,5467.576910393704,16200.510961056243,POOR
17.6,107.0,10000,False,27.1930827768563,2361.247165022939,3.9552307194631204,619.3057628770691,1834.9779793743862,1548.264407192673,4587.444948435966,3096.528814385346,9174.889896871931,6193.057628770692,18349.779793743863,POOR
17.6,107.1,10000,False,31.906574753982,2752.6243334762603,5.093469586594226,716.4413989795792,2140.9042254408896,1791.1034974489476,5352.2605636022245,3582.206994897895,10704.521127204449,7164.41398979579,21409.042254408898,VERY POOR
17.6,107.2,10000,False,38.857686832021024,3339.535697499312,7.203652843568097,879.1608289970641,2598.9605728245465,2197.9020724926604,6497.401432061366,4395.804144985321,12994.802864122732,8791.608289970642,25989.605728245464,VERY POOR
17.6,107.3,10000,False,50.04071252084533,4294.4627623078995,6.023864308130723,1138.8502085273649,3344.741543758979,2847.125521318412,8361.853859397448,5694.251042636824,16723.707718794896,11388.502085273649,33447.41543758979,VERY POOR
17.6,107.4,10000,False,70.81725193703346,6081.705977721728,3.1551402630643506,1600.6355372312214,4742.800738889993,4001.5888430780533,11857.001847224983,8003.177686156107,23714.003694449966,16006.355372312213,47428.00738889993,VERY POOR
17.6,107.5,10000,False,122.21151660408832,10522.728225239594,3.4887718650478488,2758.322344906718,8195.502996057343,6895.805862266796,20488.757490143355,13791.611724533592,40977.51498028671,27583.223449067184,81955.02996057342,VERY POOR
17.6,107.6,10000,False,452.5836471895685,39137.11382248621,5.176862498176137,10404.838601802909,30457.63800884756,26012.096504507273,76144.09502211888,52024.19300901455,152288.19004423777,104048.3860180291,304576.38008847553,VERY POOR
17.6,107.7,10000,False,265.27832412966893,23074.55016532653,1.3487576337963245,6278.992156596669,18272.32606587811,15697.480391491672,45680.815164695276,31394.960782983344,91361.63032939055,62789.92156596669,182723.2606587811,VERY POOR
17.6,107.8,10000,False,103.12879971824587,9035.5017337234,3.128281509846383,2479.170539835617,7167.073036789344,6197.926349589042,17917.68259197336,12395.852699178084,35835.36518394672,24791.705398356167,71670.73036789344,VERY POOR
17.6,107.9,10000,False,64.35343189980487,5686.197222525786,0.46044734597280007,1565.1505675164321,4512.231409913252,3912.87641879108,11280.57852478313,7825.75283758216,22561.15704956626,15651.50567516432,45122.31409913252,VERY POOR
17.6,108.0,10000,False,47.044835772306826,4196.819511656574,2.1983436877516023,1144.1345827839027,3333.7302048237316,2860.336456959757,8334.32551205933,5720.672913919514,16668.65102411866,11441.345827839028,33337.30204823732,VERY POOR
17.6,108.1,10000,False,37.29987724731704,3362.807401514427,3.176222188121383,906.1361344926327,2671.946346819277,2265.340336231582,6679.865867048193,4530.680672463164,13359.731734096385,9061.361344926328,26719.46346819277,VERY POOR
17.6,108.2,10000,False,31.090524210457637,2835.2356234854115,3.5532994432583114,775.0905398152388,2250.295983927338,1937.726349538097,5625.739959818346,3875.452699076194,11251.479919636691,7750.905398152388,22502.959839273382,VERY POOR
17.6,108.3,10000,False,26.818368143230536,2475.6900975598996,3.7078958156433934,680.5745011804127,1960.924093461516,1701.436252951032,4902.3102336537895,3402.872505902064,9804.620467307579,6805.745011804128,19609.240934615158,POOR
17.6,108.4,10000,False,23.722778335907865,2218.3409207432833,3.2158906690744398,617.9251918114451,1753.5458581671896,1544.8129795286127,4383.864645417975,3089.6259590572254,8767.72929083595,6179.251918114451,17535.4585816719,POOR
17.6,108.5,10000,False,21.39559038217684,2027.892720153181,6.541683892388308,563.3252502959966,1599.7538296448195,1408.3131257399914,3999.384574112049,2816.626251479983,7998.769148224098,5633.252502959966,15997.538296448196,POOR
17.6,108.6,10000,False,19.598124301118137,1883.730688575139,4.26550287178721,523.3225345233526,1485.8019759799736,1308.3063363083816,3714.504939949934,2616.612672616763,7429.009879899868,5233.225345233526,14858.019759799736,POOR
17.6,108.7,10000,False,18.181471908630964,1773.014399109409,4.77583133778741,495.15034172981257,1398.4689853543432,1237.8758543245315,3496.1724633858585,2475.751708649063,6992.344926771717,4951.503417298126,13984.689853543434,POOR
17.6,108.8,10000,False,17.047904241740397,1687.3344025314716,4.281100908207848,472.11859957819627,1341.265890322779,1180.2964989454908,3353.164725806948,2360.5929978909817,6706.329451613896,4721.185995781963,13412.658903227792,POOR
17.6,108.9,10000,False,16.130611361468894,1620.9571554704655,4.0859152113391035,457.3282035437133,1297.7516913694892,1143.320508859283,3244.3792284237234,2286.641017718566,6488.758456847447,4573.282035437132,12977.516913694893,POOR
17.6,109.0,10000,False,15.382360455175714,1569.842602264966,4.168571756201185,445.4865777496099,1257.9810816711117,1113.7164443740248,3144.952704177779,2227.4328887480497,6289.905408355558,4454.865777496099,12579.810816711117,POOR
17.7,104.5,10000,False,44.85614087179316,19576.832119376544,0.4394434745963346,5593.361471594745,14898.78731213596,13983.403678986862,37246.968280339905,27966.807357973725,74493.93656067981,55933.61471594745,148987.87312135962,VERY POOR
17.7,104.6,10000,False,43.877741380270216,19669.91801616532,0.3364911811044706,5327.4314261281415,14258.419745470826,13318.578565320357,35646.04936367707,26637.157130640713,71292.09872735414,53274.314261281426,142584.19745470828,VERY POOR
17.7,104.7,10000,False,57.817579253431305,26008.061747835818,0.22692006477921112,7061.599728338662,18861.554246377294,17653.999320846655,47153.88561594325,35307.99864169331,94307.7712318865,70615.99728338662,188615.542463773,VERY POOR
17.7,104.8,10000,False,116.27457777748631,50744.47282548217,0.33918915168371383,13967.811226200603,40368.46238634294,34919.52806550151,100921.15596585735,69839.05613100302,201842.3119317147,139678.11226200603,403684.6238634294,VERY POOR
17.7,104.9,10000,False,48.72533915852871,19852.25738384293,0.6877711161008792,5162.335930297517,14029.522452134364,12905.839825743791,35073.80613033591,25811.679651487582,70147.61226067183,51623.359302975165,140295.22452134365,VERY POOR
17.7,105.0,10000,False,24.702885425060042,9076.14989695982,1.3207831138416388,2414.753779267876,6342.361112747181,6036.884448169689,15855.902781867953,12073.768896339378,31711.805563735907,24147.537792678755,63423.61112747181,VERY POOR
17.7,105.1,10000,False,17.216650890018652,5566.106740084771,2.2578449143128894,1484.0926727135984,4015.2939794094627,3710.2316817839956,10038.23494852366,7420.463363567991,20076.46989704732,14840.926727135982,40152.93979409464,VERY POOR
17.7,105.2,10000,False,14.069735374280583,3951.313249926578,2.6269512788248575,1074.4237578735997,2836.2063957643068,2686.059394683999,7090.515989410766,5372.118789367998,14181.031978821533,10744.237578735996,28362.063957643066,VERY POOR
17.7,105.3,10000,False,12.56691627771315,3056.1013287031274,4.446267189751721,850.6853513724209,2210.7032727180617,2126.7133784310518,5526.758181795153,4253.4267568621035,11053.516363590306,8506.853513724207,22107.032727180613,VERY POOR
17.7,105.4,10000,False,11.82722110607999,2499.789988234377,5.394650391313856,680.8030430749302,1814.8534592255087,1702.0076076873256,4537.133648063773,3404.0152153746512,9074.267296127546,6808.0304307493025,18148.53459225509,POOR
17.7,105.5,10000,False,11.491980390747651,2127.979235505691,5.23985761671237,584.5553963409689,1562.8472136926594,1461.3884908524224,3907.1180342316484,2922.7769817048447,7814.236068463297,5845.5539634096895,15628.472136926594,POOR
17.7,105.6,10000,False,11.394874797982682,1868.0478078319,4.612648831265374,510.3961603839391,1375.7835506445795,1275.9904009598479,3439.4588766114484,2551.9808019196958,6878.917753222897,5103.9616038393915,13757.835506445794,POOR
17.7,105.7,10000,False,11.452848526679796,1681.91620726873,5.970832361023064,438.57737405591956,1228.6641511036294,1096.443435139799,3071.6603777590735,2192.886870279598,6143.320755518147,4385.773740559196,12286.641511036294,POOR
17.7,105.8,10000,False,11.623443397521248,1547.8710939301982,8.851913267332543,402.1576857725136,1141.9163971696366,1005.3942144312837,2854.7909929240914,2010.7884288625673,5709.581985848183,4021.5768577251347,11419.163971696365,POOR
17.7,105.9,10000,False,11.886103085158448,1452.7226086955761,10.740043540239151,376.10366270966836,1077.4100450625801,940.2591567741708,2693.5251126564503,1880.5183135483417,5387.050225312901,3761.0366270966833,10774.100450625801,POOR
17.7,106.0,10000,False,12.233377546681364,1388.1220345756076,8.32815727960884,362.3305121402601,1044.0838356966808,905.8262803506504,2610.209589241703,1811.652560701301,5220.419178483406,3623.305121402602,10440.838356966811,POOR
17.7,106.1,10000,False,12.666711895973554,1348.722748775499,6.421470583467307,350.9571847080281,1023.5394090538911,877.3929617700702,2558.848522634728,1754.7859235401404,5117.697045269456,3509.571847080281,10235.394090538912,POOR
17.7,106.2,10000,False,13.194636259320648,1331.227295259075,6.306549198268015,352.00861986732673,1017.5853642831499,880.0215496683169,2543.963410707875,1760.0430993366338,5087.92682141575,3520.0861986732675,10175.8536428315,POOR
17.7,106.3,10000,False,13.832449236086287,1333.8992622393323,8.33107831729264,349.91422325215177,1023.396601355546,874.7855581303793,2558.491503388865,1749.5711162607586,5116.98300677773,3499.142232521517,10233.96601355546,POOR
17.7,106.4,10000,False,14.603098272791659,1356.3524732298706,11.42804879258318,354.9437105532637,1043.8396008001084,887.3592763831593,2609.599002000271,1774.7185527663187,5219.198004000542,3549.4371055326374,10438.396008001084,POOR
17.7,106.5,10000,False,15.539350403795206,1399.5457097356746,11.725024684449782,365.8336727112063,1079.6993867700278,914.5841817780156,2699.24846692507,1829.1683635560312,5398.49693385014,3658.3367271120624,10796.99386770028,POOR
17.7,106.6,10000,False,16.68773944921158,1465.9834377861603,9.16979705918921,384.38815006275547,1132.969437974208,960.9703751568886,2832.42359493552,1921.9407503137772,5664.84718987104,3843.8815006275545,11329.69437974208,POOR
17.7,106.7,10000,False,18.11537286646198,1560.1921170087085,7.9421098313524086,406.90197173026144,1207.6372377984453,1017.2549293256536,3019.093094496113,2034.5098586513072,6038.186188992226,4069.0197173026145,12076.372377984451,POOR
17.7,106.8,10000,False,19.92182395179978,1689.6467670143113,6.359055409760838,441.0604777140227,1309.6019051800752,1102.6511942850566,3274.004762950188,2205.302388570113,6548.009525900376,4410.604777140226,13096.019051800751,POOR
17.7,106.9,10000,False,22.26081040290677,1866.5345480589651,4.831013133652686,488.623907466593,1448.4097381230645,1221.5597686664823,3621.024345307661,2443.1195373329647,7242.048690615322,4886.239074665929,14484.097381230644,POOR
17.7,107.0,10000,False,25.38227707926331,2111.240264292794,5.206629676561002,553.7694939679368,1639.9701635656106,1384.423734919842,4099.925408914027,2768.847469839684,8199.850817828054,5537.694939679368,16399.701635656107,POOR
17.7,107.1,10000,False,29.721239979773046,2459.7586236419857,7.039787936988831,640.1256960317471,1912.3164633079605,1600.314240079368,4780.791158269902,3200.628480158736,9561.582316539803,6401.256960317472,19123.164633079607,POOR
17.7,107.2,10000,False,36.107601838711524,2981.2477904927823,7.959745517150519,784.6159705251971,2319.2245132461467,1961.539926312993,5798.061283115367,3923.079852625986,11596.122566230733,7846.159705251972,23192.245132461467,VERY POOR
17.7,107.3,10000,False,46.34533938468301,3826.5317828514,4.762353747167221,1013.4864639340099,2979.017971807326,2533.7161598350244,7447.544929518317,5067.432319670049,14895.089859036634,10134.864639340098,29790.17971807327,VERY POOR
17.7,107.4,10000,False,65.23448463382171,5397.474496046362,3.943673958752487,1423.488318466978,4207.817524465529,3558.720796167445,10519.543811163823,7117.44159233489,21039.087622327646,14234.88318466978,42078.17524465529,VERY POOR
17.7,107.5,10000,False,111.20464930196907,9237.774320827008,6.156327294833721,2421.6595454099124,7195.578716927595,6054.148863524781,17988.946792318988,12108.297727049561,35977.893584637975,24216.595454099122,71955.78716927595,VERY POOR
17.7,107.6,10000,False,382.8177398880365,31981.487428095137,3.0749311898911653,8516.111632926002,24874.62894594024,21290.279082315006,62186.572364850595,42580.55816463001,124373.14472970119,85161.11632926002,248746.28945940238,VERY POOR
17.7,107.7,10000,False,264.8405486254829,22284.76202031764,3.717924615653761,6064.265404207232,17646.014359766472,15160.663510518081,44115.03589941618,30321.327021036162,88230.07179883236,60642.654042072325,176460.14359766472,VERY POOR
17.7,107.8,10000,False,98.92718622250318,8395.410984170172,1.186124593943076,2300.801415216594,6658.552064277423,5752.003538041485,16646.38016069356,11504.00707608297,33292.76032138712,23008.01415216594,66585.52064277424,VERY POOR
17.7,107.9,10000,False,61.17317508354741,5242.197632996179,1.6664602757311648,1441.9642068008322,4158.20610765239,3604.9105170020803,10395.515269130974,7209.8210340041605,20791.030538261948,14419.642068008321,41582.061076523896,VERY POOR
17.7,108.0,10000,False,44.55414641072848,3859.5134567551963,2.554055936837919,1051.1706155886832,3064.719046065561,2627.926538971708,7661.797615163902,5255.853077943416,15323.595230327805,10511.706155886832,30647.19046065561,VERY POOR
17.7,108.1,10000,False,35.264191854696044,3090.8916641673677,1.0444674456378498,833.7067433835175,2453.2808700872274,2084.266858458794,6133.202175218069,4168.533716917588,12266.404350436138,8337.067433835176,24532.808700872276,VERY POOR
17.7,108.2,10000,False,29.372731495664233,2607.140750711755,0.887201591002466,712.5268813528089,2066.7570678708735,1781.3172033820222,5166.892669677183,3562.6344067640443,10333.785339354366,7125.268813528089,20667.570678708733,VERY POOR
17.7,108.3,10000,False,25.334231275066312,2278.864273863142,6.299593415055389,628.2795347283671,1802.704473097996,1570.6988368209181,4506.76118274499,3141.3976736418363,9013.52236548998,6282.7953472836725,18027.04473097996,POOR
17.7,108.4,10000,False,22.4174309095931,2044.8740268276786,6.365146184120108,570.9057674588435,1614.206063520142,1427.2644186471084,4035.5151588003546,2854.528837294217,8071.030317600709,5709.057674588434,16142.060635201418,POOR
17.7,108.5,10000,False,20.231478465510342,1872.4939233851933,2.8549385994273333,518.9827266139438,1476.2994287372921,1297.4568165348596,3690.74857184323,2594.9136330697193,7381.49714368646,5189.8272661394385,14762.99428737292,POOR
17.7,108.6,10000,False,18.548480092561622,1742.6952206721216,4.701377736050109,485.1659206564957,1372.9847281207933,1212.9148016412394,3432.4618203019827,2425.8296032824787,6864.923640603965,4851.6592065649575,13729.84728120793,POOR
17.7,108.7,10000,False,17.226570793808193,1643.6525123969336,4.208360614630735,458.5985656336987,1299.0851557527492,1146.4964140842467,3247.7128893818726,2292.9928281684934,6495.425778763745,4585.985656336987,12990.85155752749,POOR
17.7,108.8,10000,False,16.172804796937907,1567.6353928534797,3.979307681498124,439.2062981961657,1249.2779295907849,1098.0157454904142,3123.1948239769627,2196.0314909808285,6246.389647953925,4392.062981961657,12492.77929590785,POOR
17.7,108.9,10000,False,15.323729298834966,1509.3814038801681,4.33563107441811,428.15527778930397,1209.211744223424,1070.3881944732598,3023.02936055856,2140.7763889465195,6046.05872111712,4281.552777893039,12092.11744223424,POOR
17.7,109.0,10000,False,14.63453438106939,1465.1873510696748,4.708303741585676,413.5665229513522,1173.9679298360402,1033.9163073783807,2934.9198245901,2067.8326147567614,5869.8396491802,4135.665229513523,11739.6792983604,POOR
17.8,104.5,10000,False,59.93897107060301,24135.445633884232,0.6640013366742424,6978.845154041459,17825.397470385302,17447.11288510365,44563.493675963255,34894.2257702073,89126.98735192651,69788.4515404146,178253.97470385302,VERY POOR
17.8,104.6,10000,False,46.7393007299833,19678.740765455674,0.46915199313531386,5633.352111270952,14782.9905657111,14083.380278177381,36957.47641427775,28166.760556354762,73914.9528285555,56333.521112709524,147829.905657111,VERY POOR
17.8,104.7,10000,False,45.71038062522682,19828.625763815784,0.3302196480453282,5296.629712645695,14602.37161533135,13241.574281614237,36505.92903832838,26483.148563228475,73011.85807665676,52966.29712645695,146023.71615331352,VERY POOR
17.8,104.8,10000,False,66.0234787608783,28673.09073802396,0.19148415549320955,7350.05953936502,20374.89345102394,18375.148848412544,50937.23362755985,36750.29769682509,101874.4672551197,73500.59539365018,203748.9345102394,VERY POOR
17.8,104.9,10000,False,99.21140289457466,41373.94109133191,0.35275638193505954,10663.169207977857,32203.78800408708,26657.923019944647,80509.4700102177,53315.84603988929,161018.9400204354,106631.69207977859,322037.8800408708,VERY POOR
17.8,105.0,10000,False,34.11935837860714,13051.033181154045,0.8268109533551226,3342.880219013297,9156.587191242883,8357.20054753324,22891.467978107205,16714.40109506648,45782.93595621441,33428.80219013296,91565.87191242882,VERY POOR
17.8,105.1,10000,False,19.501700832383605,6586.811907378914,1.6465757931302154,1783.4520744996762,4741.0144327584885,4458.630186249191,11852.536081896222,8917.260372498382,23705.072163792443,17834.520744996764,47410.14432758489,VERY POOR
17.8,105.2,10000,False,14.554917455342494,4240.328405665045,1.9513630922816567,1178.6885598149297,3102.8498801314063,2946.7213995373254,7757.124700328516,5893.442799074651,15514.249400657032,11786.885598149302,31028.498801314065,VERY POOR
17.8,105.3,10000,False,12.441002858604365,3098.1450748896455,2.1257536025786594,857.4550040693854,2232.5726878191113,2143.637510173464,5581.431719547778,4287.275020346928,11162.863439095556,8574.550040693855,22325.72687819111,VERY POOR
17.8,105.4,10000,False,11.458480945898831,2442.964157153114,3.4092795564647163,657.5777820934309,1763.0387759712414,1643.9444552335767,4407.596939928104,3287.8889104671534,8815.193879856208,6575.777820934307,17630.387759712416,POOR
17.8,105.5,10000,False,11.015332691950865,2027.3651283440015,5.067884758320201,550.0248573193848,1493.913739623306,1375.0621432984622,3734.784349058265,2750.1242865969243,7469.56869811653,5500.248573193849,14939.13739623306,POOR
17.8,105.6,10000,False,10.863452206068917,1747.020040413868,4.1351640136837355,482.47936109501654,1286.6627477637826,1206.1984027375415,3216.6568694094567,2412.396805475083,6433.313738818913,4824.793610950166,12866.627477637827,POOR
17.8,105.7,10000,False,10.887114862407604,1551.3349969860226,3.937913728644744,405.1743245562178,1133.490131545734,1012.9358113905444,2833.725328864335,2025.8716227810887,5667.45065772867,4051.7432455621774,11334.90131545734,POOR
17.8,105.8,10000,False,11.029615769528487,1413.0272197327583,5.3486537719805325,368.3614261037379,1041.6075421230728,920.9035652593448,2604.018855307682,1841.8071305186895,5208.037710615364,3683.614261037379,10416.075421230727,POOR
17.8,105.9,10000,False,11.263746156992163,1316.1418149279255,8.047151899791071,340.57521768245283,976.2108039205302,851.438044206132,2440.527009801326,1702.876088412264,4881.054019602652,3405.752176824528,9762.108039205305,POOR
17.8,106.0,10000,False,11.578692623523835,1250.8090353420112,7.882550889735512,326.6862590392647,940.9889631705839,816.7156475981617,2352.4724079264597,1633.4312951963234,4704.944815852919,3266.862590392647,9409.889631705839,POOR
17.8,106.1,10000,False,11.973937254922106,1210.76206906347,5.943712088656977,314.92834933853106,919.1478712142988,787.3208733463277,2297.869678035747,1574.6417466926555,4595.739356071494,3149.283493385311,9191.478712142987,POOR
17.8,106.2,10000,False,12.456533974535468,1192.092544289982,4.888513460081959,315.2197211117883,911.2508030504541,788.0493027794707,2278.1270076261358,1576.0986055589415,4556.2540152522715,3152.197211117883,9112.508030504543,POOR
17.8,106.3,10000,False,13.040289480711992,1192.6121160015157,5.665576712743398,313.6839229009969,914.9791266024704,784.2098072524923,2287.447816506176,1568.4196145049846,4574.895633012352,3136.839229009969,9149.791266024704,POOR
17.8,106.4,10000,False,13.746301969005419,1211.549025794582,7.880687118190931,316.7549829882942,932.3282339614993,791.8874574707354,2330.8205849037486,1583.7749149414708,4661.641169807497,3167.5498298829416,9323.282339614994,POOR
17.8,106.5,10000,False,14.604814953370019,1249.4715041876793,10.684745170852578,326.8782904800392,963.5858346903003,817.1957262000979,2408.964586725751,1634.3914524001957,4817.929173451502,3268.7829048003914,9635.858346903004,POOR
17.8,106.6,10000,False,15.658765834836531,1308.418461164119,9.437966928800781,342.74571192521773,1010.7929512194697,856.8642798130443,2526.9823780486745,1713.7285596260886,5053.964756097349,3427.457119252177,10107.929512194698,POOR
17.8,106.7,10000,False,16.969982252643863,1392.289020790578,7.750910989613584,363.28115203250826,1077.2032365429454,908.2028800812707,2693.008091357364,1816.4057601625414,5386.016182714728,3632.8115203250827,10772.032365429455,POOR
17.8,106.8,10000,False,18.63003077830616,1507.639039877982,5.272079077505503,393.7208368165251,1167.9919634924756,984.3020920413128,2919.9799087311894,1968.6041840826256,5839.959817462379,3937.208368165251,11679.919634924758,POOR
17.8,106.9,10000,False,20.779968682419046,1665.2202147517198,3.5193408011473912,435.5305451719777,1291.58027468406,1088.826362929944,3228.95068671015,2177.652725859888,6457.9013734203,4355.305451719776,12915.8027468406,POOR
17.8,107.0,10000,False,23.6485841726081,1883.0324148159802,3.6067536416458665,493.44783981880965,1462.0139584100239,1233.6195995470243,3655.0348960250594,2467.2391990940487,7310.069792050119,4934.478398188097,14620.139584100238,POOR
17.8,107.1,10000,False,27.632828032619145,2192.8051768186506,5.32287773759584,570.6074439988927,1704.0007320902505,1426.5186099972311,4260.001830225627,2853.0372199944622,8520.003660451253,5706.0744399889245,17040.007320902507,POOR
17.8,107.2,10000,False,33.48680414979139,2655.2814374773766,6.6412804207706175,698.6247356005056,2064.7679815909114,1746.5618390012642,5161.919953977279,3493.1236780025283,10323.839907954558,6986.247356005057,20647.679815909116,VERY POOR
17.8,107.3,10000,False,42.83971321381511,3402.1542406280137,5.05953469897038,899.8752452861283,2647.4022969974912,2249.688113215321,6618.505742493728,4499.376226430642,13237.011484987455,8998.752452861285,26474.02296997491,VERY POOR
17.8,107.4,10000,False,59.983521082134246,4780.86158217055,6.443693804876514,1262.3320906217677,3725.7284659147517,3155.83022655442,9314.321164786881,6311.66045310884,18628.642329573762,12623.32090621768,37257.284659147525,VERY POOR
17.8,107.5,10000,False,101.06976087736813,8099.558856966473,5.135790097282427,2123.9762698308778,6308.947728800402,5309.940674577194,15772.369322001005,10619.881349154388,31544.73864400201,21239.762698308776,63089.47728800402,VERY POOR
17.8,107.6,10000,False,326.4465192157195,26347.05577459388,4.3603793759973675,6972.65054816697,20442.779873813983,17431.626370417423,51106.94968453496,34863.25274083485,102213.89936906991,69726.5054816697,204427.79873813983,VERY POOR
17.8,107.7,10000,False,264.6855309640446,21546.085351867907,1.6329414848650636,5863.274294379764,17060.240404699158,14658.185735949406,42650.601011747895,29316.371471898812,85301.20202349579,58632.742943797624,170602.40404699158,VERY POOR
17.8,107.8,10000,False,94.69580875867113,7784.968365419528,1.1153435411338437,2130.8682804356476,6171.450505951659,5327.170701089119,15428.626264879149,10654.341402178237,30857.252529758298,21308.682804356475,61714.505059516596,VERY POOR
17.8,107.9,10000,False,58.01464751687024,4822.353460695293,2.643695239293647,1323.805598015142,3823.558717678057,3309.513995037855,9558.896794195141,6619.02799007571,19117.793588390283,13238.05598015142,38235.587176780566,VERY POOR
17.8,108.0,10000,False,42.09714203979973,3541.7608479025043,2.1409531403553914,963.6153439237198,2811.0911058103984,2409.0383598092994,7027.727764525997,4818.076719618599,14055.455529051995,9636.153439237198,28110.91105810399,VERY POOR
17.8,108.1,10000,False,33.264029293285226,2835.1995493654686,3.581200177736442,765.8762899316057,2247.805531190311,1914.6907248290145,5619.513827975777,3829.381449658029,11239.027655951553,7658.762899316058,22478.055311903106,VERY POOR
17.8,108.2,10000,False,27.689422873985198,2392.834875454682,5.152350729168066,653.6889155854406,1894.4174759492303,1634.2222889636012,4736.043689873076,3268.4445779272023,9472.087379746152,6536.889155854405,18944.174759492304,POOR
17.8,108.3,10000,False,23.8827474927913,2093.9959603126463,6.541683892388308,579.8092175104715,1654.1764890168995,1449.523043776179,4135.441222542249,2899.046087552358,8270.882445084499,5798.092175104716,16541.764890168997,POOR
17.8,108.4,10000,False,21.142788907305402,1881.948498411007,2.2074308178698843,524.6795542061811,1483.3937589896996,1311.6988855154525,3708.4843974742494,2623.397771030905,7416.968794948499,5246.79554206181,14833.937589896997,POOR
17.8,108.5,10000,False,19.096233785462445,1726.5153851912266,4.77583133778741,477.4733240518673,1360.3488709093021,1193.6833101296684,3400.872177273255,2387.3666202593367,6801.74435454651,4774.7332405186735,13603.48870909302,POOR
17.8,108.6,10000,False,17.52604201627257,1610.17479385162,4.281100908207848,448.71683943609344,1267.0225308185138,1121.7920985902333,3167.5563270462844,2243.5841971804666,6335.112654092569,4487.168394360933,12670.225308185138,POOR
17.8,108.7,10000,False,16.2974007270131,1522.0626220527083,4.0859152113391035,425.60384578142725,1206.0190110294727,1064.0096144535682,3015.0475275736817,2128.0192289071365,6030.095055147363,4256.038457814273,12060.190110294727,POOR
17.8,108.8,10000,False,15.3221348835211,1455.0899603272405,4.168571756201185,408.2516730784714,1162.8024581509462,1020.6291826961788,2907.0061453773656,2041.2583653923575,5814.012290754731,4082.516730784715,11628.024581509462,POOR
17.8,108.9,10000,False,14.540129627469113,1404.4384873993,4.968997074437622,398.5298323794713,1125.1173751409099,996.3245809486782,2812.7934378522746,1992.6491618973564,5625.586875704549,3985.298323794713,11251.173751409098,POOR
17.8,109.0,10000,False,13.908977856852822,1366.7220722782479,5.025247066446745,386.0879663387952,1094.8824235809727,965.219915846988,2737.2060589524317,1930.439831693976,5474.412117904863,3860.879663387952,10948.824235809727,POOR
17.9,104.5,10000,False,108.10782784646486,39394.0724440763,1.1417876395488638,10518.462471380648,28865.816955228533,26296.156178451623,72164.54238807134,52592.31235690325,144329.08477614267,105184.6247138065,288658.16955228534,VERY POOR
17.9,104.6,10000,False,67.94959636939879,26171.162197746202,0.7519375966397555,7205.211146386753,19114.80147696582,18013.02786596688,47787.00369241454,36026.05573193376,95574.00738482908,72052.11146386752,191148.01476965816,VERY POOR
17.9,104.7,10000,False,49.80881170463555,20189.09454304576,0.4394434745963346,5841.762875988054,15057.052133529703,14604.40718997013,37642.63033382426,29208.81437994026,75285.26066764852,58417.62875988052,150570.52133529703,VERY POOR
17.9,104.8,10000,False,48.725059477768724,20428.48727269761,0.3364911811044706,5562.619498316398,15103.396202534172,13906.548745790995,37758.49050633543,27813.09749158199,75516.98101267086,55626.19498316398,151033.96202534172,VERY POOR
17.9,104.9,10000,False,80.32275773184334,33602.48230455436,0.15971549764153647,9160.66774409209,25026.56534253161,22901.669360230226,62566.41335632902,45803.33872046045,125132.82671265805,91606.6774409209,250265.6534253161,VERY POOR
17.9,105.0,10000,False,63.24323380587022,25048.122719985648,0.39728277699328857,6606.946719130943,18675.116580408827,16517.36679782735,46687.791451022065,33034.7335956547,93375.58290204413,66069.4671913094,186751.16580408826,VERY POOR
17.9,105.1,10000,False,24.629146064846957,8743.144326918016,1.0464070572288195,2229.3364629662974,5932.780825546914,5573.341157415742,14831.952063867282,11146.682314831483,29663.904127734564,22293.364629662967,59327.80825546913,VERY POOR
17.9,105.2,10000,False,15.682678948926553,4791.924612961954,1.9382528871890694,1268.3781462195193,3449.090766905252,3170.9453655487982,8622.72691726313,6341.8907310975965,17245.45383452626,12683.781462195193,34490.90766905252,VERY POOR
17.9,105.3,10000,False,12.490016044838706,3219.4893436842576,2.113258712497043,880.9094043036769,2302.5576884484876,2202.2735107591916,5756.39422112122,4404.547021518383,11512.78844224244,8809.094043036766,23025.57688448488,VERY POOR
17.9,105.4,10000,False,11.140593211123651,2415.0223136999266,2.9397742204695247,649.6600480797051,1741.234419163895,1624.150120199263,4353.086047909737,3248.300240398526,8706.172095819475,6496.600480797052,17412.34419163895,POOR
17.9,105.5,10000,False,10.555882409278457,1939.6509411082495,4.136394895326435,518.8687086338899,1429.8209784914416,1297.1717715847249,3574.552446228604,2594.3435431694497,7149.104892457208,5188.6870863388995,14298.209784914416,POOR
17.9,105.6,10000,False,10.342604671068749,1633.6272908883388,4.650650071477709,450.81971719195633,1199.97836709744,1127.0492929798907,2999.9459177436,2254.0985859597813,5999.8918354872,4508.197171919563,11999.7836709744,POOR
17.9,105.7,10000,False,10.333475709218474,1426.9406555314404,4.239875437029633,374.0045723610893,1042.9103605734247,935.0114309027231,2607.275901433562,1870.0228618054462,5214.551802867124,3740.0457236108923,10429.103605734248,POOR
17.9,105.8,10000,False,10.45143660076062,1284.418282774552,5.618691901653199,335.19730767023736,946.2008912498105,837.9932691755935,2365.5022281245265,1675.986538351187,4731.004456249053,3351.973076702374,9462.008912498106,POOR
17.9,105.9,10000,False,10.66068427544142,1186.4506904598206,7.224417277118076,306.89062877677793,880.8019304090855,767.2265719419446,2202.004826022714,1534.4531438838892,4404.009652045428,3068.9062877677784,8808.019304090856,POOR
17.9,106.0,10000,False,10.946554319588353,1121.265801369743,8.123710271900869,293.21386338450554,844.0481127813041,733.0346584612637,2110.12028195326,1466.0693169225274,4220.24056390652,2932.1386338450548,8440.48112781304,POOR
17.9,106.1,10000,False,11.306588017292855,1081.505775435921,6.1510043824792024,282.0059449350458,821.5849873811792,705.0148623376147,2053.962468452948,1410.0297246752293,4107.924936905896,2820.0594493504586,8215.849873811792,POOR
17.9,106.2,10000,False,11.746546362756094,1062.5832125131974,5.45774282630413,281.0354695970651,812.3863253789696,702.588673992663,2030.9658134474234,1405.177347985326,4061.931626894847,2810.354695970652,8123.863253789694,POOR
17.9,106.3,10000,False,12.278962252043685,1061.8462575421756,6.814052975803971,280.3293447177568,814.7218072999372,700.823361794392,2036.8045182498429,1401.646723588784,4073.6090364996858,2803.293447177568,8147.2180729993715,POOR
17.9,106.4,10000,False,12.923302302147333,1078.1590766866962,9.457127637061415,281.46828010456045,829.5801836694201,703.6707002614012,2073.9504591735504,1407.3414005228024,4147.900918347101,2814.6828010456047,8295.801836694201,POOR
17.9,106.5,10000,False,13.707508744439,1111.741682455079,10.22759240052296,291.23223177253425,857.0867406309529,728.0805794313355,2142.716851577382,1456.161158862671,4285.433703154764,2912.322317725342,8570.867406309528,POOR
17.9,106.6,10000,False,14.67117562220851,1164.2260185116006,7.238666174305534,304.5314238184799,899.0412378843857,761.3285595461997,2247.6030947109643,1522.6571190923994,4495.206189421929,3045.314238184799,8990.412378843857,POOR
17.9,106.7,10000,False,15.871179608912103,1238.9609497691947,5.842793427337647,323.4464732419755,958.1420928149239,808.6161831049388,2395.3552320373096,1617.2323662098777,4790.710464074619,3234.4647324197554,9581.420928149239,POOR
17.9,106.8,10000,False,17.391560056828475,1341.6888026263284,4.782445981762185,350.3037424833899,1038.9224839542076,875.7593562084749,2597.306209885519,1751.5187124169497,5194.612419771038,3503.0374248338994,10389.224839542076,POOR
17.9,106.9,10000,False,19.361481157559137,1481.8823360804827,3.9552307194631204,387.21565644113633,1148.8001647618594,968.0391411028407,2872.000411904648,1936.0782822056815,5744.000823809296,3872.156564411363,11488.001647618592,POOR
17.9,107.0,10000,False,21.9899113673042,1675.4108799628839,5.093469586594226,438.60576057715025,1300.155438177377,1096.5144014428754,3250.388595443442,2193.028802885751,6500.777190886884,4386.057605771502,13001.554381773767,POOR
17.9,107.1,10000,False,25.638295402576443,1950.1969715874095,7.203652843568097,508.1320861983992,1514.7270965037915,1270.330215495998,3786.8177412594787,2540.660430991996,7573.635482518957,5081.320861983992,15147.270965037915,POOR
17.9,107.2,10000,False,30.990467217858974,2359.5014435504777,4.283991581345084,620.6201638396035,1833.9190789253203,1551.550409599009,4584.797697313301,3103.100819198018,9169.595394626602,6206.201638396036,18339.190789253204,POOR
17.9,107.3,10000,False,39.515045549034625,3018.1305858127203,1.9331940947491364,797.150103509719,2347.3866936650106,1992.8752587742977,5868.466734162526,3985.7505175485953,11736.933468325053,7971.501035097191,23473.866936650105,VERY POOR
17.9,107.4,10000,False,55.04386273869351,4226.085477351165,3.6395009206411584,1117.221998122318,3292.021827764527,2793.054995305795,8230.054569411317,5586.10999061159,16460.109138822634,11172.21998122318,32920.21827764527,VERY POOR
17.9,107.5,10000,False,91.72333045932665,7091.511132976384,5.531554943159422,1860.329662021052,5523.0511989888355,4650.824155052629,13807.62799747209,9301.648310105258,27615.25599494418,18603.296620210516,55230.51198988836,VERY POOR
17.9,107.6,10000,False,280.0448388778204,21837.80630248017,2.4789780649682855,5752.59026167175,16898.99535829548,14381.475654179374,42247.48839573871,28762.951308358748,84494.97679147741,57525.902616717496,168989.95358295483,VERY POOR
17.9,107.7,10000,False,264.90654189560064,20864.85809615668,0.9806881254798251,5678.006586284449,16520.023199728028,14195.016465711124,41300.057999320066,28390.032931422247,82600.11599864013,56780.065862844494,165200.23199728027,VERY POOR
17.9,107.8,10000,False,90.4403244298802,7204.068643731057,2.1983436877516023,1969.3315258149637,5708.091463860355,4923.328814537408,14270.228659650891,9846.657629074816,28540.457319301782,19693.315258149632,57080.914638603565,VERY POOR
17.9,107.9,10000,False,54.882188156668995,4426.189394012592,1.0771901954646337,1212.1116635464464,3507.9012253924766,3030.2791588661157,8769.753063481192,6060.558317732231,17539.506126962384,12121.116635464463,35079.01225392477,VERY POOR
17.9,108.0,10000,False,39.67679194774304,3243.0266299034593,2.385708084627265,881.3176131097377,2570.9297787497985,2203.2940327743445,6427.324446874496,4406.588065548689,12854.648893748992,8813.176131097378,25709.297787497984,VERY POOR
17.9,108.1,10000,False,31.301518712851884,2595.2186359768234,3.561436837028916,701.3345624308175,2055.093453503304,1753.3364060770439,5137.733633758258,3506.6728121540878,10275.467267516517,7013.3456243081755,20550.934535033033,VERY POOR
17.9,108.2,10000,False,26.04221334556096,2191.848679463156,3.8982369723845047,598.5828920638064,1732.8865889869655,1496.4572301595163,4332.216472467415,2992.9144603190325,8664.43294493483,5985.828920638065,17328.86588986966,POOR
17.9,108.3,10000,False,22.465204841409594,1920.6613677209548,3.0393388231845897,534.3118381818231,1514.9878722376184,1335.7795954545577,3787.4696805940457,2671.5591909091154,7574.939361188091,5343.118381818231,15149.878722376183,POOR
17.9,108.4,10000,False,19.899924825485037,1729.1831206519848,4.795396075917326,481.2755782125905,1360.7920258733075,1203.1889455314765,3401.980064683268,2406.377891062953,6803.960129366536,4812.755782125906,13607.920258733073,POOR
17.9,108.5,10000,False,17.990782665585076,1589.6141558219206,4.316351693396987,439.6108982875295,1251.589885610805,1099.0272457188235,3128.974714027013,2198.054491437647,6257.949428054026,4396.108982875294,12515.898856108051,POOR
17.9,108.6,10000,False,16.531635161293064,1485.8603953330075,4.180348204206791,414.789753793524,1169.9269090739738,1036.97438448381,2924.8172726849343,2073.94876896762,5849.634545369869,4147.89753793524,11699.269090739737,POOR
17.9,108.7,10000,False,15.394715580215621,1407.9657266214817,4.33563107441811,394.2755734721602,1118.7081279715885,985.6889336804004,2796.7703199289717,1971.3778673608008,5593.5406398579435,3942.7557347216016,11187.081279715887,POOR
17.9,108.8,10000,False,14.49659765423494,1349.44568783819,4.708303741585676,381.22988090913975,1080.8189869884995,953.0747022728492,2702.0474674712486,1906.1494045456984,5404.094934942497,3812.298809091397,10808.189869884995,POOR
17.9,108.9,10000,False,13.78047897567452,1305.8996264514676,5.924375330359577,368.72351781218447,1046.0133569169745,921.8087945304611,2615.0333922924365,1843.6175890609222,5230.066784584873,3687.2351781218445,10460.133569169746,POOR
17.9,109.0,10000,False,13.206330881891265,1274.2391027294343,6.633858416312248,362.9161202499278,1020.5553945185762,907.2903006248196,2551.3884862964405,1814.5806012496391,5102.776972592881,3629.1612024992783,10205.553945185762,POOR
18.0,104.5,10000,False,82.78599963951761,26901.572556355743,1.3826616831375171,7601.500401992982,21840.765759821243,19003.751004982452,54601.91439955311,38007.502009964905,109203.82879910622,76015.00401992981,218407.65759821245,VERY POOR
18.0,104.6,10000,False,117.89232661188689,40609.56044874814,1.3767652600539733,10892.395924693683,31841.90396181848,27230.9898117342,79604.75990454618,54461.9796234684,159209.51980909237,108923.9592469368,318419.03961818473,VERY POOR
18.0,104.7,10000,False,81.72596004711917,29975.56290236774,0.6640013366742424,7963.567536369957,22505.01687111738,19908.918840924896,56262.54217779344,39817.83768184979,112525.08435558688,79635.67536369959,225050.16871117376,VERY POOR
18.0,104.8,10000,False,55.12509030219449,21455.431076023877,0.46915199313531386,6118.391998304151,15844.214454950896,15295.97999576038,39610.53613737723,30591.95999152076,79221.07227475446,61183.91998304152,158442.14454950893,VERY POOR
18.0,104.9,10000,False,54.02965208213563,21866.040435347983,0.34081817634908573,5946.405428507371,16074.987471773999,14866.013571268424,40187.468679435,29732.02714253685,80374.93735887,59464.0542850737,160749.87471774,VERY POOR
18.0,105.0,10000,False,100.91649068180348,40547.90167868219,0.19148415549320955,11227.814620096216,31085.085933995688,28069.536550240544,77712.71483498922,56139.07310048109,155425.42966997845,112278.14620096218,310850.8593399569,VERY POOR
18.0,105.1,10000,False,38.956264154127666,14524.137902158951,0.5017433781984055,3747.326253723997,10101.804593312716,9368.315634309994,25254.511483281793,18736.63126861999,50509.022966563585,37473.26253723998,101018.04593312717,VERY POOR
18.0,105.2,10000,False,18.251451637657823,5916.482406920864,1.3943084546308835,1562.694505707336,4251.11167552513,3906.7362642683406,10627.779188812825,7813.472528536681,21255.55837762565,15626.945057073362,42511.1167552513,VERY POOR
18.0,105.3,10000,False,12.851923772858393,3477.937899960689,2.2759969354580885,963.9902364685761,2542.7297831024716,2409.97559117144,6356.824457756178,4819.95118234288,12713.648915512356,9639.90236468576,25427.297831024713,VERY POOR
18.0,105.4,10000,False,10.893607056924214,2428.270015499905,2.6269512788248575,683.9387299505026,1758.433593787766,1709.8468248762567,4396.083984469416,3419.6936497525135,8792.167968938831,6839.387299505027,17584.335937877662,POOR
18.0,105.5,10000,False,10.11096816067181,1866.9864967614892,4.446267189751721,513.2905009403964,1357.858939781403,1283.226252350991,3394.647349453507,2566.452504701982,6789.294698907014,5132.905009403964,13578.589397814028,POOR
18.0,105.6,10000,False,9.827126647058167,1527.5608286753354,5.23985761671237,420.09610526066365,1122.4350326226445,1050.2402631516593,2806.087581556611,2100.4805263033186,5612.175163113222,4200.961052606637,11224.350326226444,POOR
18.0,105.7,10000,False,9.78818417397926,1307.9254712832335,4.612648831265374,345.4296605751239,956.0784786993178,863.5741514378097,2390.196196748295,1727.1483028756195,4780.39239349659,3454.296605751239,9560.78478699318,POOR
18.0,105.8,10000,False,9.886831961638803,1161.2830871117399,5.970832361023064,303.0663902081477,855.1435562969345,757.6659755203693,2137.8588907423364,1515.3319510407387,4275.717781484673,3030.6639020814773,8551.435562969345,POOR
18.0,105.9,10000,False,10.075972040594833,1063.0669157482698,7.939588972833493,274.8968642365967,790.7327096119129,687.2421605914915,1976.8317740297823,1374.484321182983,3953.6635480595646,2748.968642365966,7907.327096119129,POOR
18.0,106.0,10000,False,10.336613059785536,999.0796850688276,8.32815727960884,261.79171895436053,752.922725432617,654.4792973859014,1882.3068135815424,1308.9585947718028,3764.613627163085,2617.9171895436057,7529.22725432617,POOR
18.0,106.1,10000,False,10.664546933590598,960.6534959636003,6.421470583467307,251.40173166647025,730.5894279506269,628.5043291661757,1826.4735698765676,1257.0086583323514,3652.947139753135,2514.017316664703,7305.89427950627,POOR
18.0,106.2,10000,False,11.064580394833282,942.4458067534492,6.306549198268015,249.4406087131851,720.7771805188252,623.6015217829627,1801.9429512970632,1247.2030435659253,3603.8859025941265,2494.4060871318507,7207.771805188253,POOR
18.0,106.3,10000,False,11.548294798859235,941.3389243399056,8.33107831729264,248.62610227389456,722.4044478168064,621.5652556847364,1806.011119542016,1243.1305113694727,3612.022239084032,2486.2610227389455,7224.044478168064,POOR
18.0,106.4,10000,False,12.133800194291078,955.8683882420316,11.42804879258318,249.075575615269,735.3396709949361,622.6889390381725,1838.3491774873403,1245.377878076345,3676.6983549746806,2490.75575615269,7353.396709949361,POOR
18.0,106.5,10000,False,12.846984211267081,985.9604380610089,9.0225283473306,258.58488864489357,759.881665628306,646.4622216122337,1899.7041640707653,1292.9244432244675,3799.4083281415305,2585.848886448935,7598.816656283061,POOR
18.0,106.6,10000,False,13.724354076194478,1032.9062373877748,7.186984223477929,269.8062317087872,797.3141366117692,674.5155792719681,1993.285341529423,1349.0311585439363,3986.570683058846,2698.0623170878725,7973.141366117692,POOR
18.0,106.7,10000,False,14.818153602362225,1099.5837776231574,6.359055409760838,287.23518432395224,849.9577302817052,718.0879608098808,2124.894325704263,1436.1759216197615,4249.788651408526,2872.351843239523,8499.577302817052,POOR
18.0,106.8,10000,False,16.205350451966666,1191.0241044892016,4.831013133652686,310.7720417133584,921.7827047326127,776.9301042833961,2304.4567618315323,1553.8602085667922,4608.913523663065,3107.7204171335843,9217.82704732613,POOR
18.0,106.9,10000,False,18.003939883743524,1315.567161972557,5.206629676561002,343.42082497024194,1019.3171681711103,858.5520624256048,2548.292920427776,1717.1041248512097,5096.585840855552,3434.2082497024194,10193.171681711105,POOR
18.0,107.0,10000,False,20.404326589296964,1487.1847257228476,5.399793570348169,388.9219977861299,1153.4575184705113,972.3049944653246,2883.643796176278,1944.6099889306493,5767.287592352556,3889.2199778612985,11534.575184705112,POOR
18.0,107.1,10000,False,23.73483988890492,1730.407380121599,6.023864308130723,452.0735712291892,1343.2968548458432,1130.1839280729732,3358.242137114609,2260.3678561459465,6716.484274229218,4520.735712291893,13432.968548458435,POOR
18.0,107.2,10000,False,28.614167046559018,2091.8516332799404,3.1551402630643506,549.6272570632077,1625.0669558731333,1374.068142658019,4062.6673896828333,2748.136285316038,8125.334779365667,5496.272570632076,16250.669558731333,POOR
18.0,107.3,10000,False,36.36334270939595,2671.4301260020425,3.4887718650478488,704.489354080097,2076.5944813161113,1761.2233852002423,5191.486203290278,3522.4467704004846,10382.972406580557,7044.893540800969,20765.944813161113,VERY POOR
18.0,107.4,10000,False,50.397146173070745,3727.8094903426077,3.8284197448095676,986.2335455647974,2902.5294210855523,2465.5838639119934,7256.3235527138795,4931.167727823987,14512.647105427759,9862.335455647974,29025.294210855518,VERY POOR
18.0,107.5,10000,False,83.0934040437394,6199.11449968251,0.47494086885656095,1626.9146843330936,4826.839838933791,4067.2867108327337,12067.099597334476,8134.573421665467,24134.199194668952,16269.146843330935,48268.398389337905,VERY POOR
18.0,107.6,10000,False,241.2715525828645,18182.484094440384,1.186124593943076,4781.92918609048,14077.195306915852,11954.8229652262,35192.98826728963,23909.6459304524,70385.97653457925,47819.2918609048,140771.9530691585,VERY POOR
18.0,107.7,10000,False,265.6244207879051,20248.678956234242,1.6664602757311648,5510.664681706527,16031.380256896875,13776.661704266317,40078.450642242184,27553.323408532633,80156.90128448437,55106.646817065266,160313.80256896873,VERY POOR
18.0,107.8,10000,False,86.16638103351336,6652.432936129077,0.3433757659644334,1816.103210605983,5268.241785717417,4540.258026514957,13170.604464293541,9080.516053029914,26341.208928587082,18161.03210605983,52682.417857174165,VERY POOR
18.0,107.9,10000,False,51.780103764413,4053.135084716802,1.2356886040397903,1107.1448447988398,3210.7700167983307,2767.8621119970994,8026.925041995826,5535.724223994199,16053.850083991652,11071.448447988398,32107.700167983305,VERY POOR
18.0,108.0,10000,False,37.29602671311769,2962.720305062186,1.4163236069419265,804.1110900566293,2345.7638594456344,2010.2777251415732,5864.409648614086,4020.5554502831465,11728.819297228172,8041.110900566293,23457.638594456344,VERY POOR
18.0,108.1,10000,False,29.378759692061305,2370.4025067544108,0.7634894248193863,640.079157959743,1874.6908370241754,1600.1978948993572,4686.727092560439,3200.3957897987143,9373.454185120878,6400.791579597429,18746.908370241756,POOR
18.0,108.2,10000,False,24.43270015733867,2003.6914561210724,5.509401986499517,548.8851051607255,1581.7567940865415,1372.2127629018137,3954.3919852163535,2744.4255258036274,7908.783970432707,5488.851051607255,15817.567940865414,POOR
18.0,108.3,10000,False,21.082884821930467,1758.4232412788967,4.69161080516434,491.68221698547745,1384.7755736928523,1229.2055424636937,3461.938934232131,2458.4110849273875,6923.877868464262,4916.822169854775,13847.755736928524,POOR
18.0,108.4,10000,False,18.689914591337686,1586.188459717617,4.197301203048942,441.033445250607,1247.8527098222287,1102.5836131265173,3119.6317745555725,2205.1672262530346,6239.263549111145,4410.334452506069,12478.52709822229,POOR
18.0,108.5,10000,False,16.916063598809874,1461.4426890158236,4.255989461573593,405.31424796161775,1149.7422709836076,1013.2856199040444,2874.3556774590193,2026.5712398080889,5748.7113549180385,4053.1424796161778,11497.422709836077,POOR
18.0,108.6,10000,False,15.566104397087633,1369.441003261141,4.501867135626223,380.80957911186107,1081.227797884948,952.0239477796529,2703.06949471237,1904.0478955593057,5406.13898942474,3808.0957911186115,10812.27797884948,POOR
18.0,108.7,10000,False,14.519295590576336,1301.0827166690674,4.968997074437622,364.91992402275525,1036.9450897691713,912.2998100568882,2592.3627244229283,1824.5996201137764,5184.725448845857,3649.1992402275528,10369.450897691713,POOR
18.0,108.8,10000,False,13.696928263842159,1250.4514811707631,5.5521648777283374,353.5539521329429,1001.4165344522197,883.8848803323573,2503.541336130549,1767.7697606647146,5007.082672261098,3535.539521329429,10014.165344522196,POOR
18.0,108.9,10000,False,13.045480725645616,1213.5384642774738,7.126270574495841,343.3963285830355,971.8220117020677,858.4908214575887,2429.5550292551698,1716.9816429151774,4859.1100585103395,3433.963285830355,9718.220117020679,POOR
18.0,109.0,10000,False,12.527274133741182,1187.534063791434,7.289273642278814,338.6983280606011,950.8195938163558,846.7458201515028,2377.0489845408893,1693.4916403030056,4754.0979690817785,3386.9832806060112,9508.195938163557,POOR
18.1,104.5,10000,False,41.40245454821202,11885.710380580662,1.5858672612052134,3588.125010803673,8913.0559398812,8970.312527009184,22282.639849703,17940.62505401837,44565.279699406,35881.25010803674,89130.559398812,VERY POOR
18.1,104.6,10000,False,57.13239860513775,17317.888179799447,1.9341252555923203,4965.723395738174,13348.47779360904,12414.308489345434,33371.19448402259,24828.61697869087,66742.38896804518,49657.23395738174,133484.77793609037,VERY POOR
18.1,104.7,10000,False,93.12148992120936,30096.494137227208,1.1417876395488638,8036.018303502289,24483.484000375294,20090.045758755718,61208.71000093823,40180.091517511435,122417.42000187645,80360.18303502287,244834.8400037529,VERY POOR
18.1,104.8,10000,False,103.11076756037718,35801.00914461535,0.7519375966397555,9750.415043439043,27346.47845557928,24376.03760859761,68366.1961389482,48752.07521719522,136732.3922778964,97504.15043439044,273464.7845557928,VERY POOR
18.1,104.9,10000,False,65.20242604992613,24286.53193147994,0.5043772000253544,6230.438367131361,17177.554780028353,15576.095917828403,42943.88695007088,31152.191835656806,85887.77390014176,62304.38367131361,171775.54780028353,VERY POOR
18.1,105.0,10000,False,64.34585472792527,25102.603498272463,0.34214046635372797,6535.658747661349,17848.28582221131,16339.14686915337,44620.71455552827,32678.29373830674,89241.42911105654,65356.58747661348,178482.85822211308,VERY POOR
18.1,105.1,10000,False,88.06792455486593,33843.508566742836,0.15971549764153647,8960.059605003742,26324.93894849446,22400.149012509355,65812.34737123614,44800.29802501871,131624.6947424723,89600.59605003742,263249.3894849446,VERY POOR
18.1,105.2,10000,False,24.884315864851533,8617.291028246524,0.708697563954777,2234.882316145082,6028.128869427122,5587.205790362705,15070.322173567802,11174.41158072541,30140.644347135603,22348.82316145082,60281.28869427121,VERY POOR
18.1,105.3,10000,False,13.860459079493825,4008.7291826522455,1.9556310263775163,1077.483054717176,2874.440972586105,2693.7076367929403,7186.102431465262,5387.415273585881,14372.204862930525,10774.830547171761,28744.40972586105,VERY POOR
18.1,105.4,10000,False,10.756663552291593,2506.1026790198753,2.605416638765448,691.4807557864049,1788.293642739607,1728.701889466012,4470.734106849018,3457.403778932024,8941.468213698035,6914.807557864048,17882.93642739607,POOR
18.1,105.5,10000,False,9.674453008571255,1812.8998092218744,3.870214898366251,492.36248914893986,1308.7388625890594,1230.9062228723494,3271.8471564726483,2461.812445744699,6543.694312945297,4923.624891489398,13087.388625890593,POOR
18.1,105.6,10000,False,9.3077220835412,1428.3621251569614,5.394650391313856,390.1642024971293,1047.317347066219,975.4105062428232,2618.2933676655475,1950.8210124856464,5236.586735331095,3901.642024971293,10473.17347066219,POOR
18.1,105.7,10000,False,9.24532522299964,1193.1988854991198,5.059569086766076,317.1797074294877,872.1952748361423,792.9492685737191,2180.4881870903564,1585.8985371474382,4360.976374180713,3171.7970742948764,8721.952748361426,POOR
18.1,105.8,10000,False,9.332974149758954,1042.6936947730471,6.431082220190459,271.71235822218927,767.7621193670791,679.2808955554731,1919.4052984176978,1358.5617911109462,3838.8105968353957,2717.1235822218923,7677.621193670791,POOR
18.1,105.9,10000,False,9.508615751304292,945.3715960515449,8.851913267332543,244.42993096815292,704.8833438924796,611.0748274203822,1762.2083597311994,1222.1496548407645,3524.4167194623988,2444.299309681529,7048.8334389247975,POOR
18.1,106.0,10000,False,9.748720585189483,883.8880200258313,8.488385277715517,231.41032836824144,667.3032561916189,578.5258209206036,1668.258140479047,1157.0516418412071,3336.516280958094,2314.1032836824143,6673.032561916188,POOR
18.1,106.1,10000,False,10.04792814120415,847.9921425436053,6.849544318533848,223.32409499894402,645.9591418855308,558.31023749736,1614.8978547138272,1116.62047499472,3229.7957094276544,2233.24094998944,6459.591418855309,POOR
18.1,106.2,10000,False,10.410728391313292,831.515870610999,7.578197008884428,219.56953536036082,636.2735607611418,548.923838400902,1590.6839019028546,1097.847676801804,3181.367803805709,2195.695353603608,6362.735607611418,POOR
18.1,106.3,10000,False,10.848244935106269,830.8996310080619,10.33586284728552,218.65805444579036,637.8046799796945,546.6451361144759,1594.5116999492361,1093.2902722289518,3189.0233998984722,2186.5805444579037,6378.0467997969445,POOR
18.1,106.4,10000,False,11.377586903128408,844.4126840394764,11.608514676242963,220.06734819171857,649.502307958545,550.1683704792963,1623.755769896362,1100.3367409585926,3247.511539792724,2200.673481917185,6495.023079585448,POOR
18.1,106.5,10000,False,12.022861937639169,871.7614893981886,9.16979705918921,228.55426683464452,671.6724527471792,571.3856670866112,1679.1811318679484,1142.7713341732224,3358.3622637358967,2285.5426683464448,6716.724527471793,POOR
18.1,106.6,10000,False,12.81774754015267,913.9734401978103,7.9421098313524086,238.68572466408006,705.2222099589399,596.7143116602001,1763.0555248973494,1193.4286233204002,3526.111049794699,2386.8572466408004,7052.222099589398,POOR
18.1,106.7,10000,False,13.81015860545124,973.5381889024566,6.127034283133489,254.48596528226966,752.1576866024502,636.2149132056741,1880.3942165061253,1272.4298264113481,3760.7884330122506,2544.8596528226963,7521.576866024501,POOR
18.1,106.8,10000,False,15.070420963050104,1054.8742582474483,5.764490583631665,275.0334931786359,815.9628082976255,687.5837329465899,2039.9070207440639,1375.1674658931797,4079.8140414881277,2750.3349317863594,8159.628082976255,POOR
18.1,106.9,10000,False,16.70604294188642,1165.3244192587645,7.087544267602236,303.88865465721284,902.3817444164509,759.721636643032,2255.9543610411274,1519.443273286064,4511.908722082255,3038.886546572128,9023.81744416451,POOR
18.1,107.0,10000,False,18.890045988689696,1317.1752496134814,7.218757183970001,344.0786122871657,1020.9926201029683,860.1965307179141,2552.4815502574206,1720.3930614358283,5104.963100514841,3440.7861228716565,10209.926201029682,POOR
18.1,107.1,10000,False,21.919880833178095,1531.9402223225588,4.762353747167221,401.3776711642821,1188.5349266712412,1003.4441779107052,2971.337316678103,2006.8883558214104,5942.674633356206,4013.776711642821,11885.349266712412,POOR
18.1,107.2,10000,False,26.353845386684934,1850.3424778511799,3.943673958752487,485.4971448146683,1436.6523628346947,1213.7428620366707,3591.6309070867364,2427.4857240733413,7183.261814173473,4854.971448146683,14366.523628346946,POOR
18.1,107.3,10000,False,33.37732236117348,2359.170033529804,5.400664932574307,621.1108515726669,1832.7640939009964,1552.7771289316672,4581.91023475249,3105.5542578633344,9163.82046950498,6211.108515726669,18327.64093900996,POOR
18.1,107.4,10000,False,46.02687555259385,3281.0857651342358,1.3487576337963245,868.1742160648915,2553.383730469144,2170.435540162229,6383.4593261728605,4340.871080324458,12766.918652345721,8681.742160648915,25533.837304691442,VERY POOR
18.1,107.5,10000,False,75.11765658969995,5409.567446602517,1.6329414848650636,1419.6802805378052,4210.5314287898345,3549.2007013445127,10526.328571974587,7098.401402689025,21052.657143949174,14196.80280537805,42105.31428789835,VERY POOR
18.1,107.6,10000,False,208.4725075636666,15188.907777587301,1.1153435411338437,3995.416175681944,11765.242060138818,9988.54043920486,29413.105150347044,19977.08087840972,58826.21030069409,39954.16175681944,117652.42060138818,VERY POOR
18.1,107.7,10000,False,266.99898837480384,19706.997615973483,2.1104825878992,5363.695987039405,15601.79526668353,13409.239967598513,39004.48816670883,26818.479935197025,78008.97633341765,53636.95987039405,156017.9526668353,VERY POOR
18.1,107.8,10000,False,81.87961139875851,6129.60984409006,2.30582799818277,1671.0476531164409,4851.5309325683065,4177.619132791102,12128.827331420767,8355.238265582204,24257.654662841534,16710.476531164408,48515.30932568307,VERY POOR
18.1,107.9,10000,False,48.712674143786614,3702.5309830145434,1.501205912301482,1008.7023348155869,2931.6306482947066,2521.7558370389675,7329.076620736767,5043.511674077935,14658.153241473534,10087.02334815587,29316.306482947068,VERY POOR
18.1,108.0,10000,False,34.95774459492678,2700.2014740269133,3.2635510408679824,731.8158060742556,2135.060714929985,1829.5395151856392,5337.651787324963,3659.0790303712783,10675.303574649926,7318.158060742557,21350.607149299853,VERY POOR
18.1,108.1,10000,False,27.497829225431197,2160.1754604605258,5.621242837704279,582.894166075446,1706.1207975785983,1457.2354151886154,4265.301993946496,2914.470830377231,8530.603987892991,5828.941660754462,17061.207975785983,POOR
18.1,108.2,10000,False,22.862470391554773,1827.8550788563996,4.5050715221813595,502.7432709582016,1440.606658171558,1256.858177395504,3601.516645428895,2513.716354791008,7203.03329085779,5027.432709582016,14406.06658171558,POOR
18.1,108.3,10000,False,19.73707065526356,1606.8342404234722,2.9779583145393396,451.30533237239035,1263.168415841578,1128.2633309309758,3157.9210396039452,2256.5266618619517,6315.8420792078905,4513.053323723903,12631.684158415781,POOR
18.1,108.4,10000,False,17.513846542838117,1452.569788417148,4.264226664142731,402.5896625170925,1142.8932155268694,1006.4741562927311,2857.2330388171745,2012.9483125854622,5714.466077634349,4025.8966251709244,11428.932155268698,POOR
18.1,108.5,10000,False,15.873036929521662,1341.651416953805,4.6629873292332364,372.16388934628475,1054.5236214442464,930.4097233657119,2636.3090536106156,1860.8194467314238,5272.618107221231,3721.6388934628476,10545.236214442462,POOR
18.1,108.6,10000,False,14.630324692103677,1260.6058886369472,5.24330370081195,351.45079958229667,998.3404651357994,878.626998955742,2495.8511628394986,1757.253997911484,4991.702325678997,3514.507995822968,9983.404651357994,POOR
18.1,108.7,10000,False,13.671958209754504,1201.1364617531206,5.924375330359577,337.18111546106456,960.3675319525432,842.9527886526616,2400.918829881358,1685.9055773053233,4801.837659762716,3371.8111546106466,9603.675319525431,POOR
18.1,108.8,10000,False,12.923905117045006,1157.8594847179772,6.633858416312248,326.591714160725,927.0831617520766,816.4792854018127,2317.7079043801914,1632.9585708036254,4635.415808760383,3265.917141607251,9270.831617520766,POOR
18.1,108.9,10000,False,12.335886515060126,1127.1328446321586,7.184951452663104,321.59721234146144,902.3616260820264,803.9930308536536,2255.904065205066,1607.9860617073073,4511.808130410132,3215.9721234146145,9023.616260820265,POOR
18.1,109.0,10000,False,11.872540577648124,1106.4075266860445,9.309760758666336,314.81918465342517,885.4955913747501,787.0479616335629,2213.738978436875,1574.0959232671257,4427.47795687375,3148.1918465342515,8854.9559137475,POOR
18.2,104.5,10000,False,26.801614059480823,6767.452280422045,1.8840390765631145,2089.8542826744488,5149.350508916693,5224.635706686122,12873.376272291733,10449.271413372244,25746.752544583465,20898.542826744488,51493.50508916693,VERY POOR
18.2,104.6,10000,False,31.273199750598874,8265.035943551908,2.2926541796334186,2504.1585023332755,6257.345944322155,6260.39625583319,15643.364860805388,12520.79251166638,31286.729721610776,25041.58502333276,62573.45944322155,VERY POOR
18.2,104.7,10000,False,39.79847197525809,11136.772143806353,1.962579016703466,3297.810382271131,8338.862781545777,8244.525955677827,20847.15695386444,16489.051911355655,41694.31390772888,32978.10382271131,83388.62781545776,VERY POOR
18.2,104.8,10000,False,59.372094613567874,17822.54747824516,1.3767652600539733,5007.624180771843,13837.503571843008,12519.060451929607,34593.758929607524,25038.120903859213,69187.51785921505,50076.24180771843,138375.0357184301,VERY POOR
18.2,104.9,10000,False,102.27027625056932,33332.83590078263,0.8790962737741598,8927.912359725258,26239.144624796034,22319.78089931314,65597.86156199008,44639.56179862628,131195.72312398016,89279.12359725256,262391.4462479603,VERY POOR
18.2,105.0,10000,False,85.59756959750896,30368.97883039478,0.5512218454509825,7920.73092128801,22838.471891091165,19801.82730322003,57096.17972772792,39603.65460644006,114192.35945545584,79207.30921288012,228384.71891091167,VERY POOR
18.2,105.1,10000,False,85.37794718434105,32060.291361604508,0.34116932641076225,8875.826165616807,24864.210883793658,22189.565414042016,62160.52720948415,44379.13082808403,124321.0544189683,88758.26165616806,248642.1088379366,VERY POOR
18.2,105.2,10000,False,46.51563441462512,16985.284110394176,0.20133287327500615,4283.186276442574,12741.117219014333,10707.965691106436,31852.79304753583,21415.93138221287,63705.58609507166,42831.86276442574,127411.17219014332,VERY POOR
18.2,105.3,10000,False,16.47030626979175,5185.447058079814,1.089134529349669,1377.4554732319555,3630.569046747533,3443.6386830798883,9076.422616868833,6887.277366159777,18152.845233737666,13774.554732319553,36305.69046747533,VERY POOR
18.2,105.4,10000,False,10.813784451789564,2697.0017477424667,2.8215906595135234,744.5166213630312,1962.1960605372863,1861.2915534075782,4905.490151343216,3722.5831068151565,9810.980302686432,7445.166213630313,19621.960605372864,POOR
18.2,105.5,10000,False,9.230681345264466,1783.111180507357,3.439569978387772,487.0999312331459,1285.4821011268098,1217.749828082865,3213.705252817024,2435.49965616573,6427.410505634048,4870.99931233146,12854.821011268095,POOR
18.2,105.6,10000,False,8.766257924175127,1335.121617584933,5.583174155566154,367.933538215985,978.5322039123457,919.8338455399622,2446.3305097808643,1839.6676910799245,4892.661019561729,3679.335382159849,9785.322039123457,POOR
18.2,105.7,10000,False,8.694912442599572,1081.1587456785267,5.582053515999911,288.25662655911157,790.0750437822888,720.6415663977789,1975.1876094557222,1441.2831327955578,3950.3752189114443,2882.5662655911156,7900.750437822889,POOR
18.2,105.8,10000,False,8.785879321690425,927.4758356140512,7.041782192905986,241.3643514724742,682.6723939135214,603.4108786811854,1706.6809847838035,1206.8217573623708,3413.361969567607,2413.6435147247416,6826.723939135214,POOR
18.2,105.9,10000,False,8.957692316557937,832.7286592714444,10.058159457570383,216.02734627953203,622.527635545027,540.06836569883,1556.3190888625675,1080.13673139766,3112.638177725135,2160.27346279532,6225.27635545027,POOR
18.2,106.0,10000,False,9.183119343797195,775.4353239820975,8.624220137481126,202.42911491046203,586.9473813757252,506.07278727615505,1467.3684534393128,1012.1455745523101,2934.7369068786256,2024.2911491046202,5869.473813757251,ACCEPTABLE
18.2,106.1,10000,False,9.457202237349003,743.4494322023771,7.627859152032287,197.45145848635968,567.1075199227386,493.62864621589927,1417.7687998068463,987.2572924317985,2835.5375996136927,1974.514584863597,5671.075199227385,ACCEPTABLE
18.2,106.2,10000,False,9.785324302188219,729.7512000455463,9.465772907450392,193.32424328167755,558.8157058274213,483.3106082041938,1397.039264568553,966.6212164083876,2794.078529137106,1933.2424328167751,5588.157058274212,ACCEPTABLE
18.2,106.3,10000,False,10.178915582369372,730.4227763716333,12.984011718513962,191.35200959066532,560.7457538352966,478.3800239766632,1401.8643845882414,956.7600479533264,2803.7287691764827,1913.5200959066528,5607.4575383529655,ACCEPTABLE
18.2,106.4,10000,False,10.654539947493143,743.5757562743842,11.614667062925282,194.6308634807998,571.8831848592697,486.57715870199945,1429.7079621481741,973.1543174039989,2859.4159242963483,1946.3086348079978,5718.831848592697,ACCEPTABLE
18.2,106.5,10000,False,11.23482100017005,768.7982744017041,9.437966928800781,201.06779514330677,592.1758609731438,502.66948785826685,1480.4396524328595,1005.3389757165337,2960.879304865719,2010.6779514330674,5921.758609731438,ACCEPTABLE
18.2,106.6,10000,False,11.95085378299315,806.9432842893558,7.718401880121692,210.66233858368673,622.3769770433366,526.6558464592168,1555.9424426083417,1053.3116929184337,3111.8848852166834,2106.6233858368673,6223.769770433367,POOR
18.2,106.7,10000,False,12.846506550671622,860.1966703120434,6.768232254072591,224.9395843317119,664.2431894057912,562.3489608292797,1660.607973514478,1124.6979216585594,3321.215947028956,2249.3958433171188,6642.431894057912,POOR
18.2,106.8,10000,False,13.985863862473256,932.4580922085179,7.636272657943799,242.888076651189,720.8449427453974,607.2201916279726,1802.1123568634935,1214.440383255945,3604.224713726987,2428.88076651189,7208.449427453974,POOR
18.2,106.9,10000,False,15.46658708816359,1030.197244199461,8.328863704845272,268.36023846410706,797.2393579352283,670.9005961602677,1993.0983948380708,1341.8011923205354,3986.1967896761416,2683.602384641071,7972.393579352283,POOR
18.2,107.0,10000,False,17.445424088057344,1164.2073549169963,6.6412804207706175,303.75882811450583,901.8360863434225,759.3970702862645,2254.5902158585563,1518.794140572529,4509.180431717113,3037.588281145058,9018.360863434225,POOR
18.2,107.1,10000,False,20.19104287986913,1353.321739558515,5.05953469897038,355.0116422499489,1049.2837444304507,887.5291056248724,2623.209361076127,1775.0582112497448,5246.418722152254,3550.1164224994895,10492.837444304509,POOR
18.2,107.2,10000,False,24.20577849428738,1633.0417446767885,6.443693804876514,427.8290964331885,1267.1605518163074,1069.5727410829713,3167.9013795407686,2139.1454821659427,6335.802759081537,4278.290964331885,12671.605518163075,POOR
18.2,107.3,10000,False,30.550341690094633,2078.599343395846,3.0749311898911653,546.268076148225,1613.8329719406347,1365.6701903705623,4034.582429851587,2731.3403807411246,8069.164859703174,5462.680761482249,16138.329719406349,POOR
18.2,107.4,10000,False,41.91819482382102,2881.310585576102,2.4789780649682855,761.7937856973911,2240.983887362408,1904.4844642434778,5602.45971840602,3808.9689284869555,11204.91943681204,7617.937856973911,22409.83887362408,VERY POOR
18.2,107.5,10000,False,67.74182841729572,4711.515480338073,0.46044734597280007,1235.1122135318199,3665.4183171796376,3087.7805338295493,9163.545792949093,6175.561067659099,18327.091585898186,12351.122135318197,36654.18317179637,VERY POOR
18.2,107.6,10000,False,180.44589867105637,12716.991525143863,3.1855816202427074,3345.563276334484,9853.943745568633,8363.90819083621,24634.859363921583,16727.81638167242,49269.71872784317,33455.63276334484,98539.43745568633,VERY POOR
18.2,107.7,10000,False,269.24672938437567,19252.046119238126,2.1409531403553914,5240.469885338776,15240.95604118615,13101.174713346943,38102.39010296538,26202.349426693887,76204.78020593076,52404.698853387774,152409.56041186152,VERY POOR
18.2,107.8,10000,False,77.58563151529547,5634.979990649975,4.501660156180821,1533.747237579918,4457.454895350357,3834.3680939497954,11143.637238375895,7668.736187899591,22287.27447675179,15337.472375799181,44574.54895350358,VERY POOR
18.2,107.9,10000,False,45.684159943072586,3373.6360331646215,6.300481725126625,916.5592291756964,2668.569207285424,2291.3980729392415,6671.423018213561,4582.796145878483,13342.846036427121,9165.592291756966,26685.692072854243,VERY POOR
18.2,108.0,10000,False,32.66481976303677,2454.786459941488,5.505792590911386,665.7982945115377,1938.2536870089912,1664.495736278844,4845.634217522478,3328.991472557688,9691.268435044956,6657.982945115376,19382.536870089913,POOR
18.2,108.1,10000,False,25.660790445736087,1963.9379208637636,4.218615097507789,530.1256187265459,1548.8877374338404,1325.3140468163647,3872.219343584601,2650.6280936327294,7744.438687169202,5301.256187265459,15488.877374338404,POOR
18.2,108.2,10000,False,21.33311042525994,1663.8184582618237,3.039765462835887,459.7201294067137,1309.0044570202965,1149.3003235167844,3272.5111425507416,2298.6006470335687,6545.022285101483,4597.2012940671375,13090.044570202966,POOR
18.2,108.3,10000,False,18.42905763978123,1465.440688535189,4.139663069139111,410.50826446061023,1149.7899986036007,1026.2706611515255,2874.474996509002,2052.541322303051,5748.949993018004,4105.082644606102,11497.899986036007,POOR
18.2,108.4,10000,False,16.372832739452775,1327.9303110274511,4.812946817382352,367.6716034729493,1044.9581637725425,919.1790086823731,2612.3954094313563,1838.3580173647463,5224.7908188627125,3676.7160347294925,10449.581637725425,POOR
18.2,108.5,10000,False,14.862697078199162,1229.8915811662157,5.5291526231897326,342.1305324669679,967.1742190138186,855.3263311674199,2417.9355475345465,1710.6526623348398,4835.871095069093,3421.3053246696795,9671.742190138186,POOR
18.2,108.6,10000,False,13.725214139000858,1159.0471459985272,6.324526854918466,324.25621761111086,921.0363624023953,810.6405440277772,2302.590906005988,1621.2810880555544,4605.181812011976,3242.562176111109,9210.363624023952,POOR
18.2,108.7,10000,False,12.853571764857236,1107.8541085046409,7.126270574495841,311.907578159638,886.850930170058,779.768945399095,2217.1273254251446,1559.53789079819,4434.254650850289,3119.07578159638,8868.509301700578,POOR
18.2,108.8,10000,False,12.178363970831771,1071.4271964425031,7.898959460151124,303.8668363216144,857.6414491884574,759.6670908040362,2144.1036229711435,1519.3341816080724,4288.207245942287,3038.668363216145,8576.414491884574,POOR
18.2,108.9,10000,False,11.652510576920607,1046.4667804287026,10.056914312346251,299.3674957734196,837.4544525695247,748.418739433549,2093.6361314238115,1496.837478867098,4187.272262847623,2993.674957734196,8374.544525695246,POOR
18.2,109.0,10000,False,11.242929846807822,1030.6668626992891,7.0242144810049725,291.52052463227176,824.1716886250395,728.8013115806793,2060.4292215625987,1457.6026231613587,4120.8584431251975,2915.2052463227174,8241.716886250395,POOR
18.3,104.5,10000,False,20.043904294489668,4450.356790739799,2.458845059028881,1332.1844459429753,3425.6697353755653,3330.4611148574386,8564.174338438912,6660.922229714877,17128.348676877824,13321.844459429754,34256.69735375565,VERY POOR
18.3,104.6,10000,False,21.556376217548834,4951.88617392578,2.145319633784161,1512.9796593609599,3775.8417915792106,3782.4491484024,9439.604478948026,7564.8982968048,18879.20895789605,15129.7965936096,37758.4179157921,VERY POOR
18.3,104.7,10000,False,24.018996725462323,5770.784324818155,2.2085513978596714,1785.5847618534212,4376.169380297413,4463.961904633554,10940.423450743534,8927.923809267108,21880.846901487068,17855.847618534215,43761.693802974136,VERY POOR
18.3,104.8,10000,False,28.41820449198264,7240.720114409694,2.4613934704040807,2189.291077028135,5491.290818545705,5473.227692570337,13728.227046364262,10946.455385140674,27456.454092728523,21892.91077028135,54912.90818545705,VERY POOR
18.3,104.9,10000,False,37.51686275100914,10312.71324360115,1.7301276271559307,3027.411220312611,7683.303697861144,7568.528050781528,19208.25924465286,15137.056101563056,38416.51848930572,30274.11220312611,76833.03697861145,VERY POOR
18.3,105.0,10000,False,60.290395632090906,18216.665505050474,1.0808085173684558,4832.837232024722,14253.780026303124,12082.093080061804,35634.45006575781,24164.18616012361,71268.90013151562,48328.37232024722,142537.80026303124,VERY POOR
18.3,105.1,10000,False,96.18395723349832,32271.5122438122,0.6274156404091692,8770.517048953225,23969.118908864897,21926.292622383062,59922.79727216226,43852.585244766124,119845.59454432451,87705.17048953225,239691.18908864903,VERY POOR
18.3,105.2,10000,False,83.42768719804776,30108.60194005307,0.34970412778330606,7877.705533944775,23727.803821791917,19694.263834861937,59319.509554479795,39388.52766972387,118639.01910895959,78777.05533944775,237278.03821791918,VERY POOR
18.3,105.3,10000,False,23.66073647362482,8116.718767074585,0.41066450471787647,2126.9254980755777,5637.127063280526,5317.313745188945,14092.817658201315,10634.62749037789,28185.63531640263,21269.25498075578,56371.27063280526,VERY POOR
18.3,105.4,10000,False,11.260080490475868,3108.599069238299,1.7928022860543011,856.9009299449762,2236.578136596069,2142.25232486244,5591.445341490173,4284.50464972488,11182.890682980345,8569.00929944976,22365.78136596069,VERY POOR
18.3,105.5,10000,False,8.734699726163806,1785.9054031986316,3.3279904318370503,498.3144496665801,1289.2424488467345,1245.7861241664505,3223.1061221168356,2491.572248332901,6446.212244233671,4983.144496665802,12892.424488467343,POOR
18.3,105.6,10000,False,8.16350943621526,1245.5297017556502,5.767708363667812,335.6287558881181,917.2670252092911,839.0718897202952,2293.1675630232276,1678.1437794405904,4586.335126046455,3356.2875588811808,9172.67025209291,POOR
18.3,105.7,10000,False,8.118780510360827,969.2247095146042,6.17896961043863,258.4572603860943,707.7914944166205,646.1431509652357,1769.4787360415512,1292.2863019304714,3538.9574720831024,2584.5726038609428,7077.914944166205,POOR
18.3,105.8,10000,False,8.239848748513985,814.1061905875816,7.882346906232841,212.37679862719904,598.9851465284888,530.9419965679975,1497.462866321222,1061.883993135995,2994.925732642444,2123.76798627199,5989.851465284888,ACCEPTABLE
18.3,105.9,10000,False,8.422729760114752,724.5633790107618,11.425745110109204,189.1439937890368,543.8156163329131,472.859984472592,1359.5390408322826,945.719968945184,2719.078081664565,1891.439937890368,5438.15616332913,ACCEPTABLE
18.3,106.0,10000,False,8.640809423659666,673.6898041602739,8.853057129661055,176.9996393347207,511.76124708112553,442.4990983368018,1279.4031177028137,884.9981966736036,2558.8062354056274,1769.9963933472072,5117.612470811255,ACCEPTABLE
18.3,106.1,10000,False,8.89337832554342,647.1778587284609,9.097540915678586,172.05775212192714,494.35330444087975,430.1443803048179,1235.8832611021994,860.2887606096358,2471.766522204399,1720.5775212192716,4943.533044408798,ACCEPTABLE
18.3,106.2,10000,False,9.188998152600545,637.2704823394,12.222510137627035,168.2940538613189,488.3670689100196,420.7351346532972,1220.917672275049,841.4702693065944,2441.835344550098,1682.940538613189,4883.670689100196,ACCEPTABLE
18.3,106.3,10000,False,9.540552701433741,639.89309745697,14.388287297960643,166.97083729361373,491.3479016191625,417.42709323403415,1228.369754047906,834.8541864680683,2456.739508095812,1669.7083729361366,4913.479016191624,ACCEPTABLE
18.3,106.4,10000,False,9.964604982301712,653.1773008892848,11.445919350452932,171.11170539693256,502.3247123632935,427.77926349233144,1255.8117809082337,855.5585269846629,2511.6235618164674,1711.1170539693258,5023.247123632935,ACCEPTABLE
18.3,106.5,10000,False,10.482581269530334,676.7254008289513,9.499853219707745,176.68507499813924,521.1095903474653,441.7126874953482,1302.7739758686635,883.4253749906964,2605.547951737327,1766.8507499813927,5211.095903474654,ACCEPTABLE
18.3,106.6,10000,False,11.12320914118478,711.3140990573822,8.140956918774027,186.1031162481496,548.3767468832223,465.25779062037395,1370.9418672080556,930.5155812407479,2741.883734416111,1861.0311624814958,5483.767468832222,ACCEPTABLE
18.3,106.7,10000,False,11.926558578802338,758.907523065868,8.557677383725737,198.1573934623197,585.6969827365967,495.3934836557993,1464.2424568414917,990.7869673115986,2928.4849136829835,1981.5739346231971,5856.969827365967,ACCEPTABLE
18.3,106.8,10000,False,12.95083906550028,822.971433773323,10.148704817076807,214.1289409285758,635.7936862282661,535.3223523214394,1589.4842155706654,1070.6447046428789,3178.9684311413307,2141.2894092857578,6357.936862282661,POOR
18.3,106.9,10000,False,14.284462708011628,909.2129269048326,8.750935460660042,236.57286014535745,703.1234401823126,591.4321503633935,1757.8086004557813,1182.864300726787,3515.6172009115626,2365.728601453574,7031.234401823125,POOR
18.3,107.0,10000,False,16.068946823242236,1027.102845893886,6.7162289461845965,267.64539439291707,795.0611099359417,669.1134859822927,1987.6527748398544,1338.2269719645853,3975.3055496797087,2676.4539439291707,7950.6110993594175,POOR
18.3,107.1,10000,False,18.546143374410843,1193.0953437633093,7.293407268136393,312.84719191429554,924.399311751449,782.1179797857387,2310.9982793786226,1564.2359595714775,4621.996558757245,3128.471919142955,9243.99311751449,POOR
18.3,107.2,10000,False,22.166551170813204,1438.0688156916094,5.135790097282427,376.1219444904752,1115.117030023336,940.304861226188,2787.79257505834,1880.609722452376,5575.58515011668,3761.219444904752,11151.17030023336,POOR
18.3,107.3,10000,False,27.87633588149388,1827.088211083172,3.3969451044366274,479.2476017582255,1417.6801458255497,1198.1190043955637,3544.2003645638742,2396.2380087911274,7088.4007291277485,4792.476017582255,14176.801458255497,POOR
18.3,107.4,10000,False,38.057693301129945,2524.190259008622,1.3996040482550804,666.1547394828815,1961.9697684908288,1665.3868487072036,4904.924421227072,3330.7736974144073,9809.848842454145,6661.5473948288145,19619.69768490829,POOR
18.3,107.5,10000,False,60.91845444082135,4094.839350175053,2.2966950652191787,1073.2240186269707,3183.715009193118,2683.0600465674265,7959.287522982795,5366.120093134853,15918.57504596559,10732.240186269706,31837.15009193118,VERY POOR
18.3,107.6,10000,False,156.29753061082604,10662.1230659397,1.0771901954646337,2805.0956134539147,8263.620481333142,7012.739033634786,20659.051203332856,14025.478067269572,41318.10240666571,28050.956134539145,82636.20481333142,VERY POOR
18.3,107.7,10000,False,272.66916219391044,18900.351956633574,3.581200177736442,5145.54538907981,14961.95321083871,12863.863472699526,37404.883027096774,25727.726945399052,74809.76605419355,51455.453890798104,149619.5321083871,VERY POOR
18.3,107.8,10000,False,73.29004342442913,5167.764477080432,5.716461285166735,1403.0712351792572,4085.3832483614315,3507.678087948143,10213.45812090358,7015.356175896286,20426.91624180716,14030.712351792572,40853.83248361432,VERY POOR
18.3,107.9,10000,False,42.6988134550834,3065.637347698622,5.377962639759227,830.4714839622129,2421.273782444952,2076.1787099055327,6053.18445611238,4152.3574198110655,12106.36891222476,8304.714839622131,24212.73782444952,VERY POOR
18.3,108.0,10000,False,30.420112776874053,2225.756041870587,3.8254675545329473,604.4657988088439,1754.7483974592867,1511.16449702211,4386.870993648216,3022.32899404422,8773.741987296433,6044.65798808844,17547.483974592866,POOR
18.3,108.1,10000,False,23.86970358737864,1781.0725476782684,2.003373888228409,482.2693288722559,1402.4822403739763,1205.6733221806398,3506.2056009349417,2411.3466443612797,7012.411201869883,4822.693288722559,14024.822403739767,POOR
18.3,108.2,10000,False,19.846217885594914,1511.0524926328023,3.912020287195646,419.6822295664805,1186.512049837655,1049.2055739162013,2966.280124594138,2098.4111478324025,5932.560249188276,4196.822295664805,11865.120498376553,POOR
18.3,108.3,10000,False,17.16016633902722,1333.7867029987544,4.943438306992451,371.562445263012,1046.2235695424256,928.9061131575298,2615.558923856064,1857.8122263150597,5231.117847712128,3715.6244526301193,10462.235695424257,POOR
18.3,108.4,10000,False,15.26802343109117,1211.8747048882383,2.766731212807473,335.3404426191079,952.6654353893333,838.3511065477696,2381.6635884733337,1676.7022130955393,4763.327176946667,3353.4044261910785,9526.654353893335,POOR
18.3,108.5,10000,False,13.886088199095738,1125.818343374572,6.7521009370989145,311.9184954697165,888.3389678037825,779.7962386742913,2220.847419509457,1559.5924773485826,4441.694839018914,3119.1849546971653,8883.389678037827,POOR
18.3,108.6,10000,False,12.851750608772116,1064.4624819720657,6.028568708918337,297.57580571187066,848.710591874151,743.9395142796768,2121.7764796853776,1487.8790285593536,4243.552959370755,2975.7580571187073,8487.10591874151,POOR
18.3,108.7,10000,False,12.065072854275709,1020.9696227224081,8.516760104596024,286.796140747711,817.0974685942474,716.9903518692774,2042.7436714856183,1433.980703738555,4085.4873429712366,2867.96140747711,8170.974685942473,POOR
18.3,108.8,10000,False,11.461215788255334,990.9198175729922,7.220296540237299,282.4865794838813,792.8982106682167,706.2164487097032,1982.2455266705417,1412.4328974194063,3964.4910533410834,2824.8657948388127,7928.982106682167,POOR
18.3,108.9,10000,False,10.996247766683824,971.3326504282688,9.063205333350723,275.5130741307038,776.9282438075575,688.7826853267595,1942.320609518894,1377.565370653519,3884.641219037788,2755.130741307038,7769.282438075576,POOR
18.3,109.0,10000,False,10.63932617924144,960.1283162663365,10.447050704626513,273.15297097759253,766.6894130028368,682.8824274439812,1916.7235325070922,1365.7648548879624,3833.4470650141843,2731.529709775925,7666.894130028369,POOR
18.4,104.5,10000,False,16.280584222576685,3188.0602496086603,4.795471666181159,965.6645767179255,2390.881280355282,2414.161441794813,5977.203200888204,4828.322883589626,11954.406401776409,9656.645767179252,23908.812803552817,VERY POOR
18.4,104.6,10000,False,16.767371028670212,3353.9929221947777,4.070760371359682,1021.0589461490072,2548.8317941020778,2552.647365372518,6372.079485255194,5105.294730745036,12744.158970510389,10210.589461490072,25488.317941020778,VERY POOR
18.4,104.7,10000,False,17.524793556726255,3612.270120106825,3.3715110517907987,1083.3786368107685,2800.2232767588985,2708.4465920269213,7000.558191897246,5416.893184053843,14001.116383794491,10833.786368107685,28002.232767588983,VERY POOR
18.4,104.8,10000,False,18.73827532781631,4027.123389911039,1.8840390765631145,1210.2704821726345,3081.3886848147777,3025.6762054315864,7703.471712036944,6051.352410863173,15406.943424073888,12102.704821726345,30813.886848147777,VERY POOR
18.4,104.9,10000,False,20.798375617447665,4735.957510172945,1.5858672612052134,1446.5105295627036,3573.998145971869,3616.276323906759,8934.995364929671,7232.552647813518,17869.990729859343,14465.105295627036,35739.981459718685,VERY POOR
18.4,105.0,10000,False,24.635529029338446,6075.074190224776,1.3826616831375171,1874.2309096618724,4616.298204523764,4685.577274154682,11540.745511309407,9371.154548309363,23081.491022618815,18742.309096618726,46162.98204523763,VERY POOR
18.4,105.1,10000,False,32.63901640207933,8963.562142519737,1.431968036380403,2529.7574514238995,6477.858237031962,6324.39362855975,16194.645592579902,12648.7872571195,32389.291185159804,25297.574514239,64778.58237031961,VERY POOR
18.4,105.2,10000,False,46.711271933280685,14641.547839894605,0.7841013597654874,3873.144318891461,11567.794085143576,9682.860797228654,28919.485212858937,19365.721594457307,57838.970425717875,38731.443188914614,115677.94085143575,VERY POOR
18.4,105.3,10000,False,34.09774123163257,11810.500292363373,0.42803315907666917,3302.5340045821267,9058.993369609609,8256.335011455318,22647.483424024023,16512.670022910635,45294.96684804805,33025.34004582127,90589.9336960961,VERY POOR
18.4,105.4,10000,False,12.442942666293995,3919.8703780555056,0.8851376401386603,1046.9958210461098,2657.4495917710237,2617.4895526152745,6643.623979427558,5234.979105230549,13287.247958855116,10469.958210461098,26574.495917710232,VERY POOR
18.4,105.5,10000,False,8.03887356915336,1824.3746837514964,3.1963922235573023,501.2233374256891,1315.5096549641537,1253.0583435642225,3288.7741374103834,2506.116687128445,6577.548274820767,5012.23337425689,13155.096549641534,POOR
18.4,105.6,10000,False,7.4036271017727895,1152.5084393566904,5.195671378733117,317.9744814734254,837.834324696721,794.9362036835635,2094.5858117418024,1589.872407367127,4189.171623483605,3179.744814734254,8378.34324696721,POOR
18.4,105.7,10000,False,7.481079057208395,852.8310056351686,6.846561424437411,228.6081934464171,621.9071105208552,571.5204836160428,1554.7677763021384,1143.0409672320857,3109.5355526042767,2286.0819344641714,6219.0711052085535,POOR
18.4,105.8,10000,False,7.687063631177312,700.6453306623469,9.125412422528386,181.38809403181526,517.6597427862828,453.47023507953816,1294.1493569657068,906.9404701590763,2588.2987139314137,1813.8809403181526,5176.597427862827,ACCEPTABLE
18.4,105.9,10000,False,7.904819026037184,620.6058060607857,11.29926304077626,162.4529403994514,468.44529236216624,406.13235099862857,1171.1132309054155,812.2647019972571,2342.226461810831,1624.5294039945143,4684.452923621662,ACCEPTABLE
18.4,106.0,10000,False,8.12422283629969,579.0685212440884,9.576294516626659,154.42460575349645,441.2231267675974,386.0615143837412,1103.057816918994,772.1230287674824,2206.115633837988,1544.2460575349648,4412.231267675976,ACCEPTABLE
18.4,106.1,10000,False,8.358219898014578,559.6702256328218,11.764833064446307,148.61948694396193,428.2490437839323,371.5487173599048,1070.6226094598305,743.0974347198096,2141.245218919661,1486.1948694396192,4282.490437839322,ACCEPTABLE
18.4,106.2,10000,False,8.62268766694327,554.3819352593006,16.171822209364848,144.96675313145107,425.1381152052982,362.41688282862765,1062.8452880132456,724.8337656572553,2125.6905760264913,1449.6675313145106,4251.3811520529825,ACCEPTABLE
18.4,106.3,10000,False,8.933502615330282,559.369970666482,13.781288306820352,146.62918527741067,429.6332013056414,366.5729631935267,1074.0830032641036,733.1459263870534,2148.166006528207,1466.2918527741067,4296.332013056414,ACCEPTABLE
18.4,106.4,10000,False,9.307754303585066,573.0425033099851,11.368146774786174,149.55737261285293,440.67392374551275,373.89343153213235,1101.6848093637818,747.7868630642647,2203.3696187275636,1495.5737261285294,4406.739237455127,ACCEPTABLE
18.4,106.5,10000,False,9.765875682977992,595.1683642316316,9.785968614350297,155.72417824072,458.16941242308724,389.3104456018,1145.4235310577183,778.6208912036,2290.8470621154365,1557.2417824072,4581.694124230873,ACCEPTABLE
18.4,106.6,10000,False,10.33437312081142,626.5423396975917,9.921375396674511,163.79982940303051,482.7879950766927,409.4995735075763,1206.9699876917316,818.9991470151526,2413.939975383463,1637.9982940303053,4827.879950766926,ACCEPTABLE
18.4,106.7,10000,False,11.049717691441643,668.9771285404389,11.44081878572672,174.37126849027578,515.9698572218206,435.9281712256894,1289.9246430545516,871.8563424513789,2579.849286109103,1743.7126849027577,5159.698572218206,ACCEPTABLE
18.4,106.8,10000,False,11.964570960687324,725.5754411861094,11.058480193982758,188.56691700388203,560.1472042449118,471.417292509705,1400.3680106122795,942.83458501941,2800.736021224559,1885.66917003882,5601.472042449118,ACCEPTABLE
18.4,106.9,10000,False,13.158651767508522,801.3760155527619,8.802832952106387,208.27643455483457,619.2502046513592,520.6910863870864,1548.1255116283983,1041.382172774173,3096.2510232567965,2082.764345548346,6192.502046513593,POOR
18.4,107.0,10000,False,14.759227858641887,904.676939268097,8.777891269777548,235.74941521402744,699.7361696542847,589.3735380350687,1749.3404241357118,1178.7470760701374,3498.6808482714237,2357.4941521402748,6997.361696542847,POOR
18.4,107.1,10000,False,16.983183500507334,1049.820126880302,7.545570263812807,275.1698450264097,812.7501869223994,687.9246125660243,2031.8754673059984,1375.8492251320486,4063.750934611997,2751.698450264097,8127.501869223994,POOR
18.4,107.2,10000,False,20.23303582873179,1263.5933228656163,5.064933176815144,329.8872023022039,979.0866626746423,824.7180057555097,2447.716656686606,1649.4360115110194,4895.433313373212,3298.872023022039,9790.866626746423,POOR
18.4,107.3,10000,False,25.34976579675879,1602.122637588002,3.0994532297713966,419.36799492651704,1242.2650688088559,1048.4199873162927,3105.6626720221393,2096.8399746325854,6211.325344044279,4193.679949265171,12422.650688088557,POOR
18.4,107.4,10000,False,34.433239507385075,2205.7166741343226,2.6598982209100623,580.9371235272206,1713.203528193201,1452.3428088180513,4283.008820483003,2904.6856176361025,8566.017640966005,5809.371235272205,17132.03528193201,POOR
18.4,107.5,10000,False,54.605824425850855,3550.488402121195,0.3433757659644334,932.402020438755,2758.438069335669,2331.005051096887,6896.095173339174,4662.010102193774,13792.190346678348,9324.020204387549,27584.380693356696,VERY POOR
18.4,107.6,10000,False,135.3482416583627,8944.548502226662,2.385708084627265,2353.179970160356,6933.335237329056,5882.94992540089,17333.338093322644,11765.89985080178,34666.67618664529,23531.79970160356,69333.35237329057,VERY POOR
18.4,107.7,10000,False,277.70026456014796,18675.28718303918,4.970497288193639,5085.378980340001,14783.299313475902,12713.447450850002,36958.248283689754,25426.894901700005,73916.49656737951,50853.78980340001,147832.99313475902,VERY POOR
18.4,107.8,10000,False,68.99844411115257,4727.037640098472,5.31918943765342,1278.9895650185413,3734.569634827972,3197.473912546354,9336.424087069932,6394.947825092708,18672.848174139865,12789.895650185415,37345.69634827973,VERY POOR
18.4,107.9,10000,False,39.76089298501792,2777.661886798516,3.360655102426789,750.1794157811034,2190.289854639626,1875.4485394527587,5475.724636599064,3750.8970789055174,10951.449273198128,7501.794157811035,21902.898546396256,VERY POOR
18.4,108.0,10000,False,28.226483896755795,2012.364272024466,1.8130607582360048,547.2361649014651,1583.9298760203908,1368.090412253663,3959.824690050977,2736.180824507326,7919.649380101954,5472.361649014652,15839.298760203908,POOR
18.4,108.1,10000,False,22.12663992952716,1610.951028223237,3.552035220033142,438.20743441492857,1266.1495820178427,1095.5185860373215,3165.373955044607,2191.037172074643,6330.747910089214,4382.074344149286,12661.495820178428,POOR
18.4,108.2,10000,False,18.403417012697215,1369.0255062535855,5.0434155156887455,382.42677618461494,1072.6890758857,956.0669404615371,2681.72268971425,1912.1338809230742,5363.4453794285,3824.2677618461485,10726.890758857,POOR
18.4,108.3,10000,False,15.931759666702794,1211.41871599942,1.2467379567894747,335.39637323062175,950.3715718607687,838.4909330765544,2375.928929651922,1676.9818661531087,4751.857859303844,3353.9637323062175,9503.715718607687,POOR
18.4,108.4,10000,False,14.200625872075694,1104.0130026790202,7.204912989072659,306.2611996611046,866.844675134153,765.6529991527616,2167.1116878353823,1531.3059983055232,4334.223375670765,3062.6119966110464,8668.44675134153,POOR
18.4,108.5,10000,False,12.94432453237009,1029.0942105491717,4.797405009579882,286.11050068158244,815.1283913319443,715.2762517039562,2037.820978329861,1430.5525034079124,4075.641956659722,2861.1050068158247,8151.283913319444,POOR
18.4,108.6,10000,False,12.010993321834395,976.5583033449758,9.189267797518118,273.59059118552125,780.1586659260824,683.9764779638032,1950.3966648152061,1367.9529559276064,3900.7933296304122,2735.9059118552127,7801.5866592608245,POOR
18.4,108.7,10000,False,11.307488747991655,940.2266219888072,4.2733005346141875,265.98444966972926,752.2076232757271,664.9611241743232,1880.5190581893175,1329.9222483486465,3761.038116378635,2659.844496697293,7522.07623275727,POOR
18.4,108.8,10000,False,10.773469556767296,916.1128864490312,10.840516342411766,261.1660277168743,732.667154413008,652.9150692921855,1831.66788603252,1305.830138584371,3663.33577206504,2611.660277168742,7326.67154413008,POOR
18.4,108.9,10000,False,10.36809640522074,901.53367487742,7.87044683351523,254.87027568003418,720.4558878751603,637.1756892000853,1801.139719687901,1274.3513784001707,3602.279439375802,2548.7027568003414,7204.558878751604,POOR
18.4,109.0,10000,False,10.062720937784249,894.6193523561215,8.141947365795613,255.34575128333466,711.1523048262353,638.3643782083367,1777.880762065588,1276.7287564166734,3555.761524131176,2553.4575128333468,7111.523048262352,POOR
18.5,104.5,10000,False,13.925823896323609,2418.2328601139884,5.3758477195336996,712.4927733594748,1818.4791223928207,1781.231933398687,4546.197805982051,3562.463866797374,9092.395611964102,7124.927733594748,18184.791223928205,POOR
18.5,104.6,10000,False,13.994129928364373,2450.866524124663,5.443795432841333,723.5087164831006,1837.2595996155076,1808.7717912077512,4593.148999038769,3617.5435824155024,9186.297998077538,7235.087164831005,18372.595996155076,POOR
18.5,104.7,10000,False,14.141893419521914,2513.1070838370533,5.687448741708648,746.7413670276949,1879.8448148773168,1866.853417569237,4699.612037193292,3733.706835138474,9399.224074386584,7467.413670276948,18798.44814877317,POOR
18.5,104.8,10000,False,14.405749114999544,2619.4003158848377,2.458845059028881,785.2518223642987,1960.7412059795206,1963.129555910747,4901.8530149488015,3926.259111821494,9803.706029897603,7852.518223642988,19607.412059795206,POOR
18.5,104.9,10000,False,14.848416226907881,2795.5329266597355,2.145319633784161,841.7302420730746,2106.2573347954494,2104.3256051826856,5265.643336988624,4208.651210365371,10531.286673977247,8417.302420730743,21062.573347954494,VERY POOR
18.5,105.0,10000,False,15.583075708314688,3091.0615181327025,2.2085513978596714,933.0417509890369,2383.8489685016157,2332.604377472592,5959.622421254039,4665.208754945184,11919.244842508078,9330.417509890369,23838.489685016157,VERY POOR
18.5,105.1,10000,False,16.815613452290695,3607.699085492189,1.9341252555923203,1089.8343473701007,2713.8554674447223,2724.5858684252516,6784.638668611805,5449.171736850503,13569.27733722361,10898.343473701007,27138.55467444722,VERY POOR
18.5,105.2,10000,False,18.80136861590886,4539.609332169918,1.2761002215725794,1390.1666789519143,3414.3627571062198,3475.416697379786,8535.90689276555,6950.833394759572,17071.8137855311,13901.666789519144,34143.6275710622,VERY POOR
18.5,105.3,10000,False,20.18781299855483,5772.696350959158,1.1638872091166828,1657.2863421257211,4252.600887881357,4143.215855314304,10631.502219703394,8286.431710628607,21263.004439406788,16572.863421257214,42526.008878813576,VERY POOR
18.5,105.4,10000,False,12.837572743710748,4269.056088126141,0.76558555302312,1235.2406094406563,3157.4648960647146,3088.101523601641,7893.662240161785,6176.203047203282,15787.32448032357,12352.406094406564,31574.64896064714,VERY POOR
18.5,105.5,10000,False,6.644258636151728,1819.819460592036,1.9805000161380357,488.0101433859687,1308.5048535435772,1220.0253584649217,3271.262133858943,2440.0507169298435,6542.524267717886,4880.101433859687,13085.048535435772,POOR
18.5,105.6,10000,False,6.221892265860539,1030.639762467729,4.915651002360913,278.5396314582993,739.4861573723322,696.3490786457482,1848.7153934308303,1392.6981572914965,3697.4307868616606,2785.396314582993,7394.861573723321,POOR
18.5,105.7,10000,False,6.705690599370969,723.2468312802056,7.589566581979892,193.35891103751146,525.7705287701683,483.3972775937787,1314.4263219254206,966.7945551875574,2628.852643850841,1933.5891103751148,5257.705287701682,ACCEPTABLE
18.5,105.8,10000,False,7.1196988444826665,585.0609640628048,11.204035784623509,152.02923630373166,436.9387656536527,380.07309075932915,1092.346914134132,760.1461815186583,2184.693828268264,1520.2923630373166,4369.387656536528,ACCEPTABLE
18.5,105.9,10000,False,7.409675862500538,521.5649488168482,11.145316658927037,139.59458579853845,396.34362953763747,348.9864644963462,990.8590738440938,697.9729289926923,1981.7181476881876,1395.9458579853847,3963.4362953763753,ACCEPTABLE
18.5,106.0,10000,False,7.638265426007684,492.81937512308264,11.784975923753379,131.29882814376322,376.6326881224221,328.2470703594081,941.5817203060553,656.4941407188162,1883.1634406121107,1312.9882814376324,3766.3268812242213,ACCEPTABLE
18.5,106.1,10000,False,7.854344363643186,481.8677521527966,16.268329275536612,126.20954431836114,369.24820077942263,315.5238607959028,923.1205019485566,631.0477215918056,1846.2410038971132,1262.0954431836112,3692.4820077942263,ACCEPTABLE
18.5,106.2,10000,False,8.087515888972733,481.56118643401265,16.24244192433122,126.1347347095766,369.57875058655424,315.33683677394157,923.9468764663857,630.6736735478831,1847.8937529327713,1261.3473470957663,3695.7875058655427,ACCEPTABLE
18.5,106.3,10000,False,8.358096358827837,488.9283962730503,13.202529650076208,127.55968963129527,375.63724040224054,318.89922407823815,939.0931010056013,637.7984481564763,1878.1862020112026,1275.5968963129526,3756.372404022405,ACCEPTABLE
18.5,106.4,10000,False,8.683915908488403,502.9456968421303,11.627277830250513,131.61539663181262,386.7401088599511,329.0384915795315,966.8502721498777,658.076983159063,1933.7005442997554,1316.153966318126,3867.401088599511,ACCEPTABLE
18.5,106.5,10000,False,9.084414392679076,523.6812596458196,11.726422688170693,136.8831550245896,402.99717748569054,342.207887561474,1007.4929437142263,684.415775122948,2014.9858874284525,1368.831550245896,4029.971774856905,ACCEPTABLE
18.5,106.6,10000,False,9.583913462862096,552.0146600515368,13.129037153719516,143.94438743353757,425.12420114821873,359.86096858384394,1062.8105028705468,719.7219371676879,2125.6210057410935,1439.4438743353758,4251.242011482187,ACCEPTABLE
18.5,106.7,10000,False,10.215424665819112,589.6534833346882,13.526441354514745,153.38526093121004,454.468203966557,383.4631523280251,1136.1705099163923,766.9263046560502,2272.3410198327847,1533.8526093121004,4544.682039665569,ACCEPTABLE
18.5,106.8,10000,False,11.026349058577104,639.3884256736798,11.264086440389473,165.98303817836495,493.2111342465759,414.95759544591243,1233.02783561644,829.9151908918249,2466.05567123288,1659.8303817836497,4932.11134246576,ACCEPTABLE
18.5,106.9,10000,False,12.088229465599564,705.6658087034795,10.89833568459215,183.20673659926234,544.8168756930567,458.0168414981558,1362.0421892326415,916.0336829963117,2724.084378465283,1832.0673659926233,5448.168756930566,ACCEPTABLE
18.5,107.0,10000,False,13.515008470153706,795.7394211734106,9.834770326792551,207.39285525138445,614.9260735826687,518.482138128461,1537.3151839566713,1036.964276256922,3074.6303679133425,2073.928552513844,6149.260735826685,POOR
18.5,107.1,10000,False,15.500343178547755,922.0740451771,6.795570119836828,241.42439520683038,713.2200897427672,603.5609880170759,1783.0502243569176,1207.1219760341519,3566.1004487138352,2414.2439520683038,7132.2008974276705,POOR
18.5,107.2,10000,False,18.402376316597714,1107.838566574899,4.821930270409617,289.92993837497147,857.6764751238417,724.8248459374288,2144.1911878096043,1449.6496918748576,4288.382375619209,2899.299383749715,8576.764751238417,POOR
18.5,107.3,10000,False,22.965573895383333,1401.304640269824,3.943566112151085,365.98012853299406,1085.7111478292966,914.9503213324851,2714.277869573242,1829.9006426649703,5428.555739146484,3659.8012853299406,10857.111478292967,POOR
18.5,107.4,10000,False,31.033839060390243,1922.1514977101065,2.1104825878992,505.13220869433064,1491.7577621402452,1262.8305217358266,3729.3944053506134,2525.661043471653,7458.788810701227,5051.322086943306,14917.577621402454,POOR
18.5,107.5,10000,False,48.767127019310834,3070.3500303416,1.2356886040397903,808.122566104455,2383.311989614328,2020.306415261137,5958.279974035821,4040.612830522274,11916.559948071643,8081.225661044548,23833.119896143286,VERY POOR
18.5,107.6,10000,False,117.07281605222408,7502.381834039801,3.561436837028916,1973.6255111749272,5815.678623934084,4934.063777937317,14539.196559835209,9868.127555874635,29078.393119670418,19736.25511174927,58156.786239340836,VERY POOR
18.5,107.7,10000,False,284.9897521218583,18611.563398062677,5.377962639759227,5069.57463516079,14732.488131265101,12673.936587901975,36831.22032816276,25347.87317580395,73662.44065632552,50695.7463516079,147324.88131265104,VERY POOR
18.5,107.8,10000,False,64.7164419679796,4311.744280477124,2.993719495440723,1162.3673604452174,3404.165811051027,2905.918401113043,8510.414527627567,5811.836802226086,17020.829055255133,11623.673604452171,34041.65811051027,VERY POOR
18.5,107.9,10000,False,36.874681554855485,2508.7900553721856,0.9665470364248903,677.2813514006269,1974.8597498607942,1693.2033785015674,4937.149374651985,3386.4067570031348,9874.29874930397,6772.8135140062695,19748.59749860794,POOR
18.5,108.0,10000,False,26.086810082761946,1813.8482955753318,3.040946350008559,492.780070204146,1425.1704279697626,1231.9501755103652,3562.926069924407,2463.9003510207303,7125.852139848814,4927.800702041461,14251.704279697627,POOR
18.5,108.1,10000,False,20.433699817663534,1452.9415056118046,5.018781527028034,397.32424994848714,1139.5218612456786,993.3106248712179,2848.8046531141963,1986.6212497424358,5697.609306228393,3973.2424994848716,11395.218612456785,POOR
18.5,108.2,10000,False,17.006378782686138,1237.209166256151,3.9700696895412397,345.01069383665265,968.0082600349396,862.5267345916317,2420.0206500873487,1725.0534691832634,4840.041300174697,3450.1069383665267,9680.082600349395,POOR
18.5,108.3,10000,False,14.74526543814987,1097.890404725089,7.67826244266676,304.588215282869,861.4666836083862,761.4705382071725,2153.6667090209658,1522.941076414345,4307.3334180419315,3045.88215282869,8614.666836083863,POOR
18.5,108.4,10000,False,13.171929204956491,1003.9648545580267,6.801478028942163,278.80572184490995,788.9272670330976,697.0143046122748,1972.318167582744,1394.0286092245497,3944.636335165488,2788.0572184490993,7889.272670330976,POOR
18.5,108.5,10000,False,12.038617258157705,939.3928275244606,9.91787787011679,261.74768911076455,746.6712210361997,654.3692227769114,1866.6780525904992,1308.7384455538229,3733.3561051809984,2617.4768911076458,7466.712210361997,POOR
18.5,108.6,10000,False,11.204111152144675,895.0531670719082,6.512893230293252,250.9638226646164,715.731619099405,627.409556661541,1789.3290477485123,1254.819113323082,3578.6580954970245,2509.638226646164,7157.316190994049,POOR
18.5,108.7,10000,False,10.581966550743857,865.3815664431216,10.447050704626513,245.9266940336139,691.9839507726113,614.8167350840348,1729.959876931528,1229.6334701680696,3459.919753863056,2459.266940336139,6919.839507726112,POOR
18.5,108.8,10000,False,10.116261719815068,846.7952666443418,3.6069709218450408,239.1447110393634,676.7709200010488,597.8617775984085,1691.927300002622,1195.723555196817,3383.854600005244,2391.447110393634,6767.709200010488,POOR
18.5,108.9,10000,False,9.76918744185831,836.8867408974155,10.563278909187966,238.20693858116323,666.6788939820976,595.517346452908,1666.697234955244,1191.034692905816,3333.394469910488,2382.069385811632,6666.788939820976,POOR
18.5,109.0,10000,False,9.514241055323257,833.981348507569,9.400056535473702,237.63312546294964,658.4405228230075,594.082813657374,1646.1013070575186,1188.165627314748,3292.2026141150372,2376.331254629496,6584.4052282300745,POOR
18.6,104.5,10000,False,12.329666365656164,1912.648148900999,6.502502462918738,536.2328928895163,1455.9019867820193,1340.5822322237905,3639.754966955048,2681.164464447581,7279.509933910096,5362.328928895162,14559.019867820192,POOR
18.6,104.6,10000,False,12.211581918417274,1887.8369720834605,7.048432632505885,529.8903499765379,1435.6388077244083,1324.7258749413447,3589.097019311021,2649.4517498826895,7178.194038622042,5298.903499765379,14356.388077244084,POOR
18.6,104.7,10000,False,12.112611356910094,1872.4524181276952,7.636971946560316,526.7318429554768,1421.9889160692765,1316.8296073886922,3554.972290173191,2633.6592147773845,7109.944580346382,5267.318429554769,14219.889160692765,POOR
18.6,104.8,10000,False,12.036771551665764,1869.4802938405799,4.795471666181159,530.6442194050692,1417.5286766859608,1326.610548512673,3543.8216917149025,2653.221097025346,7087.643383429805,5306.442194050692,14175.28676685961,POOR
18.6,104.9,10000,False,11.988412108237585,1883.5594431022112,4.070760371359682,537.1624735241626,1427.1214427677116,1342.9061838104062,3567.8036069192785,2685.8123676208124,7135.607213838557,5371.624735241625,14271.214427677114,POOR
18.6,105.0,10000,False,11.970000378167342,1922.1174515340742,3.3715110517907987,561.8928222848124,1453.6593902572697,1404.7320557120308,3634.148475643174,2809.4641114240617,7268.296951286348,5618.928222848123,14536.593902572697,POOR
18.6,105.1,10000,False,11.972465899499266,1997.0927281135434,2.8327698769554557,596.8787045728574,1504.3610393035667,1492.1967614321434,3760.9025982589174,2984.3935228642868,7521.805196517835,5968.7870457285735,15043.61039303567,POOR
18.6,105.2,10000,False,11.932550630899414,2125.2615807313273,2.6772779918614464,628.3276111436521,1602.3707781570342,1570.81902785913,4005.9269453925854,3141.63805571826,8011.853890785171,6283.27611143652,16023.707781570341,POOR
18.6,105.3,10000,False,11.529239118558406,2305.3544276689354,2.4897148100127495,678.8902809733199,1772.130915762051,1697.2257024332998,4430.327289405127,3394.4514048665997,8860.654578810254,6788.902809733199,17721.309157620508,POOR
18.6,105.4,10000,False,9.34628015914312,2306.8950056291,1.555390871052362,676.40844773357,1728.0559990826132,1691.021119333925,4320.139997706532,3382.04223866785,8640.279995413064,6764.0844773357,17280.55999082613,POOR
18.6,105.5,10000,False,4.307472016961154,1400.7475636235245,1.8947640774052532,420.01244530493955,1022.7176830363585,1050.0311132623488,2556.794207590896,2100.0622265246975,5113.588415181792,4200.124453049395,10227.176830363584,POOR
18.6,105.6,10000,False,3.9321857067082826,786.3652426792734,5.194434180366425,226.64949904713913,555.8242655207141,566.6237476178478,1389.5606638017857,1133.2474952356956,2779.1213276035714,2266.4949904713912,5558.242655207143,ACCEPTABLE
18.6,105.7,10000,False,5.6395671097449265,564.5650310857758,8.558671244867082,149.03416454238743,410.9640428638289,372.5854113559685,1027.4101071595721,745.170822711937,2054.8202143191443,1490.341645423874,4109.6404286382885,ACCEPTABLE
18.6,105.8,10000,False,6.548491492162412,467.67327533354313,13.750422537219453,125.5655064312303,354.0481063536944,313.91376607807575,885.1202658842359,627.8275321561515,1770.2405317684718,1255.655064312303,3540.4810635369436,ACCEPTABLE
18.6,105.9,10000,False,6.954703124399085,430.7041231157306,12.429217952484754,114.90295288425364,329.0384880311013,287.2573822106341,822.5962200777533,574.5147644212682,1645.1924401555066,1149.0295288425364,3290.384880311013,ACCEPTABLE
18.6,106.0,10000,False,7.191039932359466,417.4458990128587,17.060342975625957,109.5938129845363,319.9171684397191,273.9845324613408,799.7929210992977,547.9690649226816,1599.5858421985954,1095.9381298453632,3199.171684397191,ACCEPTABLE
18.6,106.1,10000,False,7.384766050906209,415.11308490638476,17.839153670888706,108.46818222404922,318.5694267160824,271.17045556012306,796.4235667902062,542.3409111202461,1592.8471335804124,1084.6818222404922,3185.694267160825,ACCEPTABLE
18.6,106.2,10000,False,7.584404955832915,419.3065767962786,14.877435232282847,109.82215534221277,322.0442998334903,274.5553883555319,805.1107495837257,549.1107767110637,1610.2214991674514,1098.2215534221275,3220.4429983349028,ACCEPTABLE
18.6,106.3,10000,False,7.814444752742745,428.5358921073165,13.671928308288892,112.20465521860805,329.31675691772654,280.51163804652015,823.2918922943165,561.0232760930403,1646.583784588633,1122.0465521860806,3293.167569177266,ACCEPTABLE
18.6,106.4,10000,False,8.092882218622567,442.5285374215447,14.049884796311533,115.44060425225356,340.2329933877367,288.601510630634,850.5824834693418,577.203021261268,1701.1649669386836,1154.406042522536,3402.3299338773672,ACCEPTABLE
18.6,106.5,10000,False,8.437850407148245,461.6988336774749,15.513723573236566,120.24117244516778,355.1445173076108,300.60293111291946,887.861293269027,601.2058622258389,1775.722586538054,1202.4117244516779,3551.445173076108,ACCEPTABLE
18.6,106.6,10000,False,8.871397636038363,487.02304424268084,16.126917682391028,126.6243690472864,374.8270748727189,316.56092261821595,937.0676871817973,633.1218452364319,1874.1353743635946,1266.2436904728638,3748.270748727189,ACCEPTABLE
18.6,106.7,10000,False,9.423160263397412,520.1159450961167,14.097649833059865,134.98417155985985,400.54638291986447,337.4604288996496,1001.3659572996611,674.9208577992993,2002.7319145993222,1349.8417155985985,4005.4638291986444,ACCEPTABLE
18.6,106.8,10000,False,10.135533773281349,563.4845250669761,13.65336031325254,146.0916337603814,434.2577760187753,365.2290844009534,1085.6444400469384,730.4581688019068,2171.2888800938767,1460.9163376038136,4342.5777601877535,ACCEPTABLE
18.6,106.9,10000,False,11.072370035029687,621.0403405047241,11.706700827350762,161.27317227731493,479.00494183901196,403.1829306932873,1197.5123545975298,806.3658613865746,2395.0247091950596,1612.7317227731492,4790.049418390119,ACCEPTABLE
18.6,107.0,10000,False,12.335161054663875,699.1016452796401,8.847278340475654,182.25555745070216,539.6975177558536,455.63889362675536,1349.2437943896343,911.2777872535107,2698.4875887792687,1822.5555745070214,5396.975177558537,ACCEPTABLE
18.6,107.1,10000,False,14.095979613520035,808.462328221264,6.9448725685279165,211.18747962456882,624.7145405770334,527.9686990614221,1561.7863514425837,1055.9373981228441,3123.5727028851675,2111.8747962456882,6247.145405770335,POOR
18.6,107.2,10000,False,16.67197623494043,969.0897769407621,6.689313972319476,254.33563186079778,749.5421838848463,635.8390796519946,1873.8554597121158,1271.678159303989,3747.7109194242316,2543.356318607978,7495.421838848463,POOR
18.6,107.3,10000,False,20.719147643994397,1222.3574531172735,1.7860377088471315,318.46878812327554,946.2364283281395,796.171970308189,2365.5910708203487,1592.343940616378,4731.182141640697,3184.687881232756,9462.364283281395,POOR
18.6,107.4,10000,False,27.849513261899247,1670.017695940887,1.0444674456378498,437.9454084377777,1294.9092751362145,1094.863521094444,3237.2731878405366,2189.727042188888,6474.546375681073,4379.454084377776,12949.092751362146,POOR
18.6,107.5,10000,False,43.36974128462191,2647.147659982609,1.4163236069419265,697.3820552846828,2052.6956145704735,1743.455138211707,5131.739036426184,3486.910276423414,10263.478072852367,6973.820552846828,20526.956145704735,VERY POOR
18.6,107.6,10000,False,101.05856890169358,6286.876851053226,5.31918943765342,1653.662914197308,4873.224330293428,4134.157285493269,12183.06082573357,8268.314570986538,24366.12165146714,16536.629141973077,48732.24330293428,VERY POOR
18.6,107.7,10000,False,295.5583496228953,18763.627665290845,3.17172219658749,5113.222875028067,14852.639975781083,12783.057187570168,37131.59993945271,25566.114375140336,74263.19987890542,51132.22875028067,148526.39975781084,VERY POOR
18.6,107.8,10000,False,60.449682832403816,3920.7212632456585,0.554174387649714,1052.864374849305,3093.2391593606794,2632.1609371232626,7733.097898401699,5264.321874246525,15466.195796803398,10528.64374849305,30932.391593606797,VERY POOR
18.6,107.9,10000,False,34.04451101629054,2258.071007104912,2.4349493433209175,609.7857654987213,1774.2024150607072,1524.4644137468035,4435.506037651769,3048.928827493607,8871.012075303537,6097.857654987214,17742.024150607074,POOR
18.6,108.0,10000,False,24.004006965240166,1629.439042088528,4.879802697134917,442.06876641326926,1277.8381122466499,1105.1719160331731,3194.5952806166247,2210.3438320663463,6389.190561233249,4420.687664132693,12778.381122466499,POOR
18.6,108.1,10000,False,18.79303643181263,1306.4165881296274,6.680678821399563,358.40430209290616,1023.1178263696471,896.0107552322654,2557.7945659241177,1792.0215104645308,5115.589131848235,3584.0430209290616,10231.17826369647,POOR
18.6,108.2,10000,False,15.656847834169904,1115.0848795948477,5.169014995491272,308.98691550350344,871.6790122055727,772.4672887587584,2179.197530513932,1544.9345775175168,4358.395061027864,3089.8691550350336,8716.790122055729,POOR
18.6,108.3,10000,False,13.60220673462142,992.7680728300024,9.506172044255582,276.0431413229104,779.1637168496478,690.1078533072761,1947.9092921241195,1380.2157066145521,3895.818584248239,2760.4314132291042,7791.637168496478,POOR
18.6,108.4,10000,False,12.183337957650668,911.3642391382438,5.4030100443269875,252.27099330523296,719.2832115477689,630.6774832630824,1798.2080288694224,1261.3549665261648,3596.4160577388448,2522.7099330523297,7192.8321154776895,POOR
18.6,108.5,10000,False,11.170310474128922,856.4032231215216,11.346881272127291,239.28361088520853,682.5478685398266,598.2090272130214,1706.3696713495665,1196.4180544260428,3412.739342699133,2392.8361088520855,6825.478685398266,POOR
18.6,108.6,10000,False,10.43242024915873,819.6816876461703,8.038043384735595,232.33107116303796,655.3104734996367,580.8276779075948,1638.2761837490914,1161.6553558151895,3276.552367498183,2323.310711630379,6553.104734996366,POOR
18.6,108.7,10000,False,9.889811579914362,796.2074073842402,7.374029194292177,225.97715716530007,636.2354106162801,564.9428929132503,1590.5885265407,1129.8857858265005,3181.1770530814,2259.771571653001,6362.3541061628,POOR
18.6,108.8,10000,False,9.490894471575885,782.772589850665,11.008368620541075,221.3302266488189,624.9668113477514,553.3255666220472,1562.4170283693784,1106.6511332440944,3124.8340567387568,2213.3022664881887,6249.6681134775135,POOR
18.6,108.9,10000,False,9.20082194598882,777.2256768567627,4.204830583930401,221.79187225129965,615.7638071951278,554.4796806282491,1539.4095179878198,1108.9593612564981,3078.8190359756395,2217.9187225129963,6157.638071951279,POOR
18.6,109.0,10000,False,8.995185159817908,778.0727283957609,11.004997678161434,223.8507585618304,614.3330563494699,559.626896404576,1535.8326408736748,1119.253792809152,3071.6652817473496,2238.507585618304,6143.330563494699,POOR
18.7,104.5,10000,False,11.182295630533977,1563.1016638312324,5.618185099639304,444.408833525933,1199.6387205675956,1111.0220838148325,2999.0968014189893,2222.044167629665,5998.193602837979,4444.08833525933,11996.387205675957,POOR
18.7,104.6,10000,False,10.978150169666542,1513.2228351261583,5.987962328247854,430.9577564141355,1161.5045926220648,1077.3943910353382,2903.7614815551624,2154.7887820706765,5807.522963110325,4309.577564141353,11615.04592622065,POOR
18.7,104.7,10000,False,10.774193693722868,1465.983472072626,6.3870330455103845,416.7765683135459,1125.3061157101006,1041.941420783865,2813.2652892752517,2083.88284156773,5626.530578550503,4167.76568313546,11253.061157101007,POOR
18.7,104.8,10000,False,10.567863823345684,1421.5471269077116,6.502502462918738,403.8670391536633,1091.1326992210757,1009.6675978841581,2727.8317480526885,2019.3351957683162,5455.663496105377,4038.6703915366325,10911.326992210754,POOR
18.7,104.9,10000,False,10.354127970304924,1380.06008228402,5.3758477195336996,392.8261295637779,1059.03589654188,982.0653239094448,2647.5897413547,1964.1306478188897,5295.1794827094,3928.2612956377793,10590.3589654188,POOR
18.7,105.0,10000,False,10.1227335367658,1341.5379986297185,5.443795432841333,382.1999097071579,1029.223415600209,955.4997742678947,2573.058539000522,1910.9995485357895,5146.117078001044,3821.999097071579,10292.234156002089,POOR
18.7,105.1,10000,False,9.8515114840827,1305.493653064014,5.687448741708648,371.41859786915666,1002.7985716106738,928.5464946728916,2506.9964290266844,1857.0929893457833,5013.992858053369,3714.1859786915666,10027.985716106738,POOR
18.7,105.2,10000,False,9.488329635345513,1269.6582257318594,5.386180661055548,362.2398667691509,976.4500691273632,905.5996669228773,2441.1251728184084,1811.1993338457546,4882.250345636817,3622.398667691509,9764.500691273633,POOR
18.7,105.3,10000,False,8.896706831702936,1225.1559186126563,4.582754863903119,348.76273223277855,943.2323925136453,871.9068305819462,2358.080981284114,1743.8136611638924,4716.161962568228,3487.627322327785,9432.323925136456,POOR
18.7,105.4,10000,False,7.680428703540309,1136.3818293524942,4.040487671496081,326.46906030371065,874.8563090286784,816.1726507592765,2187.1407725716963,1632.345301518553,4374.281545143393,3264.690603037106,8748.563090286785,POOR
18.7,105.5,10000,False,4.824335343461873,869.99236641441,4.1596921165011045,253.30452084653547,661.6875016193189,633.2613021163386,1654.2187540482973,1266.5226042326772,3308.4375080965947,2533.0452084653543,6616.875016193189,POOR
18.7,105.6,10000,False,1.1246411927168831,410.1010728457516,6.42827408297464,139.56458213987383,279.91316102444836,348.9114553496845,699.782902561121,697.822910699369,1399.565805122242,1395.645821398738,2799.131610244484,ACCEPTABLE
18.7,105.7,10000,False,4.356247220616035,376.2796559592655,11.781452971249239,103.3526297412857,281.1531296787714,258.3815743532142,702.8828241969284,516.7631487064284,1405.7656483938567,1033.5262974128568,2811.5312967877135,ACCEPTABLE
18.7,105.8,10000,False,6.090130813617671,361.30941571560396,13.797475464697785,94.84699294548425,276.42547944065643,237.11748236371062,691.063698601641,474.23496472742124,1382.127397203282,948.4699294548425,2764.254794406564,ACCEPTABLE
18.7,105.9,10000,False,6.575077713300978,355.8129907215668,19.417202134396334,93.57997807118704,273.114618362122,233.94994517796763,682.7865459053048,467.89989035593527,1365.5730918106096,935.7997807118705,2731.1461836212193,ACCEPTABLE
18.7,106.0,10000,False,6.791156438950247,356.43128911433337,18.52557547792713,93.99640835771676,273.82792045009137,234.99102089429198,684.5698011252284,469.98204178858396,1369.1396022504568,939.9640835771679,2738.2792045009137,ACCEPTABLE
18.7,106.1,10000,False,6.951252267836756,360.66704460339656,16.460818909484733,95.19235411875766,277.15423237942684,237.98088529689414,692.8855809485669,475.9617705937883,1385.7711618971339,951.9235411875766,2771.5423237942678,ACCEPTABLE
18.7,106.2,10000,False,7.1134081413162935,367.8164463095743,16.227834467106355,96.94386387735935,282.67020437960224,242.35965969339833,706.6755109490057,484.71931938679666,1413.3510218980114,969.4386387735933,2826.7020437960227,ACCEPTABLE
18.7,106.3,10000,False,7.302199953904866,377.87594924278545,17.214646862059066,99.35863257839569,290.4161100171948,248.39658144598917,726.040275042987,496.79316289197834,1452.080550085974,993.5863257839567,2904.161100171948,ACCEPTABLE
18.7,106.4,10000,False,7.534235978001912,391.21297310217767,18.87687966868719,102.57304171858357,300.6967853698983,256.4326042964589,751.7419634247458,512.8652085929178,1503.4839268494916,1025.7304171858357,3006.967853698983,ACCEPTABLE
18.7,106.5,10000,False,7.825764973986953,408.49872530796387,18.904641218048592,106.7873629100038,314.04432575397493,266.9684072750095,785.1108143849375,533.936814550019,1570.221628769875,1067.873629100038,3140.44325753975,ACCEPTABLE
18.7,106.6,10000,False,8.196398349687193,430.7531152609781,17.38361338725818,112.29149992104948,331.25790892821635,280.7287498026237,828.1447723205408,561.4574996052474,1656.2895446410816,1122.914999210495,3312.5790892821633,ACCEPTABLE
18.7,106.7,10000,False,8.67245638390222,459.4770436979222,16.823311199345916,119.5065076367016,353.5083834720491,298.766269091754,883.7709586801229,597.532538183508,1767.5419173602459,1195.065076367016,3535.0838347204917,ACCEPTABLE
18.7,106.8,10000,False,9.291567938178636,496.9023450594171,13.805935388727525,129.0575837867991,382.53296389125086,322.6439594669978,956.3324097281272,645.2879189339956,1912.6648194562545,1290.5758378679911,3825.329638912509,ACCEPTABLE
18.7,106.9,10000,False,10.110356568076245,546.4483138443478,11.258583304083276,142.08038180541178,420.98953181291245,355.2009545135295,1052.4738295322811,710.401909027059,2104.9476590645622,1420.803818054118,4209.8953181291245,ACCEPTABLE
18.7,107.0,10000,False,11.218695985120588,613.5898376010346,9.515547262612058,160.02827491855732,473.12949570336104,400.0706872963933,1182.8237392584024,800.1413745927866,2365.6474785168048,1600.2827491855733,4731.2949570336095,ACCEPTABLE
18.7,107.1,10000,False,12.76862926047214,707.6309766545874,8.999097084285708,185.02247097406155,546.171402848045,462.5561774351539,1365.4285071201125,925.1123548703079,2730.857014240225,1850.2247097406157,5461.71402848045,ACCEPTABLE
18.7,107.2,10000,False,15.039491551338331,845.7066759946886,6.07292204416917,222.18377155140922,653.3980136289908,555.4594288785231,1633.495034072477,1110.9188577570462,3266.990068144954,2221.8377155140925,6533.980136289908,POOR
18.7,107.3,10000,False,18.606289952500575,1063.1348324926473,2.92874878646673,276.28505074098814,822.1609238209402,690.7126268524704,2055.4023095523507,1381.4252537049408,4110.8046191047015,2762.8505074098816,8221.609238209403,POOR
18.7,107.4,10000,False,24.871195927253094,1446.0967171102016,1.501205912301482,378.5367714935183,1120.1371479598606,946.3419287337958,2800.3428698996518,1892.6838574675917,5600.6857397993035,3785.3677149351834,11201.371479598607,POOR
18.7,107.5,10000,False,38.38464795375807,2274.360707087082,3.8180743474813434,599.723939442054,1761.9375126715859,1499.309848605135,4404.843781678965,2998.61969721027,8809.68756335793,5997.23939442054,17619.37512671586,POOR
18.7,107.6,10000,False,86.97659552378954,5259.1523953791775,2.993719495440723,1383.0965393631993,4076.0640103177693,3457.7413484079984,10190.160025794423,6915.482696815997,20380.320051588846,13830.965393631994,40760.64010317769,VERY POOR
18.7,107.7,10000,False,311.10979213574115,19222.5405498512,1.549856956534977,5241.613053958497,15215.850703046472,13104.032634896244,38039.62675761618,26208.06526979249,76079.25351523235,52416.13053958498,152158.5070304647,VERY POOR
18.7,107.8,10000,False,56.20388820002934,3552.723091334322,2.137740753713718,950.1206178181732,2797.4639428550963,2375.301544545433,6993.659857137742,4750.603089090866,13987.319714275483,9501.206178181732,27974.639428550967,VERY POOR
18.7,107.9,10000,False,31.274793135212615,2024.5393330750385,4.751559788286852,546.9936688397231,1587.5268304303377,1367.4841720993077,3968.817076075844,2734.9683441986153,7937.634152151688,5469.936688397231,15875.268304303376,POOR
18.7,108.0,10000,False,21.98105777450773,1458.3726288400103,6.920225756394235,396.86584528972776,1141.9712158477405,992.1646132243195,2854.928039619351,1984.329226448639,5709.856079238702,3968.658452897278,11419.712158477403,POOR
18.7,108.1,10000,False,17.206887895404915,1170.7618975091013,1.1432660255298206,321.7308777911293,916.1595533219039,804.3271944778231,2290.3988833047597,1608.6543889556463,4580.797766609519,3217.3087779112925,9161.595533219039,POOR
18.7,108.2,10000,False,14.356679350472913,1002.1507074316515,9.586762524772759,276.262149627776,783.5000125387033,690.6553740694399,1958.7500313467583,1381.3107481388797,3917.5000626935166,2762.6214962777594,7835.000125387033,POOR
18.7,108.3,10000,False,12.50424365302495,895.636572612533,3.3365739575427464,249.32241900036962,702.1164763226473,623.306047500924,1755.291190806618,1246.612095001848,3510.582381613236,2493.224190003696,7021.164763226472,POOR
18.7,108.4,10000,False,11.236417963067362,825.8647448268936,11.454460434626965,229.17824334971496,654.1650778499195,572.9456083742874,1635.4126946247989,1145.8912167485748,3270.8253892495977,2291.7824334971497,6541.650778499195,POOR
18.7,108.5,10000,False,10.340930146217094,779.8346488392634,2.025541961917856,218.8934813190466,622.2387685353434,547.2337032976164,1555.5969213383587,1094.467406595233,3111.1938426767174,2188.934813190466,6222.387685353435,POOR
18.7,108.6,10000,False,9.697434690388873,750.1990483449858,10.563278909187966,213.13500477076482,599.353451948695,532.837511926912,1498.3836298717376,1065.675023853824,2996.7672597434753,2131.350047707648,5993.534519486951,ACCEPTABLE
18.7,108.7,10000,False,9.2325383970145,732.4978411229451,8.285158105143207,205.61490586912063,584.7849281705319,514.0372646728016,1461.9623204263296,1028.0745293456032,2923.924640852659,2056.1490586912064,5847.849281705318,ACCEPTABLE
18.7,108.8,10000,False,8.898885993669868,723.8712980100958,8.599433208908511,206.33510931951366,574.6703844866147,515.8377732987842,1436.675961216537,1031.6755465975684,2873.351922433074,2063.351093195137,5746.703844866148,ACCEPTABLE
18.7,108.9,10000,False,8.664519609628071,722.4051153330479,11.89237603095318,208.3071115468059,569.9471868248141,520.7677788670147,1424.867967062035,1041.5355577340295,2849.73593412407,2083.071115468059,5699.47186824814,ACCEPTABLE
18.7,109.0,10000,False,8.50706966922117,726.7726709144414,6.452792744979525,208.84476943855486,573.7974273866505,522.1119235963872,1434.4935684666261,1044.2238471927744,2868.9871369332523,2088.447694385549,5737.9742738665045,ACCEPTABLE
18.8,104.5,10000,False,10.319560248147052,1312.2935835672552,6.353074838848335,365.82828060330405,1012.6925049293562,914.5707015082601,2531.731262323391,1829.1414030165201,5063.462524646782,3658.2828060330403,10126.925049293564,POOR
18.8,104.6,10000,False,10.07620324704388,1252.3696473623713,6.724915321066226,348.7458807456243,968.6710667739374,871.8647018640606,2421.6776669348437,1743.7294037281213,4843.3553338696875,3487.4588074562425,9686.710667739375,POOR
18.8,104.7,10000,False,9.828338789951356,1193.0024190312918,7.173051694492591,331.81890306219464,925.0949558696892,829.5472576554866,2312.7373896742233,1659.0945153109733,4625.474779348447,3318.1890306219466,9250.949558696893,POOR
18.8,104.8,10000,False,9.573123933211223,1133.7769020513658,5.618185099639304,315.0455014607319,881.5896086666584,787.6137536518297,2203.9740216666464,1575.2275073036594,4407.948043333293,3150.455014607319,8815.896086666586,POOR
18.8,104.9,10000,False,9.305995408405472,1074.0657926178376,5.987962328247854,299.82513691654685,837.6703821305196,749.5628422913671,2094.175955326299,1499.1256845827343,4188.351910652598,2998.2513691654685,8376.703821305196,POOR
18.8,105.0,10000,False,9.019349093426356,1012.8824985921561,6.3870330455103845,284.21269968831746,792.5709374721821,710.5317492207937,1981.4273436804554,1421.0634984415874,3962.8546873609107,2842.126996883175,7925.709374721821,POOR
18.8,105.1,10000,False,8.699908844079934,948.6012849467144,6.810090258870014,264.4392151995086,745.0210069858465,661.0980379987716,1862.5525174646164,1322.1960759975432,3725.1050349292327,2644.3921519950864,7450.210069858465,POOR
18.8,105.2,10000,False,8.323138551367474,878.3942696141179,7.246542570472782,243.5529883732917,692.7962591311494,608.8824709332293,1731.990647827874,1217.7649418664587,3463.981295655748,2435.5298837329174,6927.962591311496,POOR
18.8,105.3,10000,False,7.840634700997788,797.0458417649548,7.676410184117903,223.65732679980647,631.7619880289243,559.1433169995162,1579.404970072311,1118.2866339990323,3158.809940144622,2236.5732679980647,6317.619880289244,POOR
18.8,105.4,10000,False,7.151433843177629,694.5104633960387,8.070946396736346,200.95385304897462,553.4577899479505,502.38463262243664,1383.644474869876,1004.7692652448733,2767.288949739752,2009.5385304897466,5534.577899479504,ACCEPTABLE
18.8,105.5,10000,False,6.059941839195883,553.1128440107374,8.50622927886221,158.44672213235089,439.62030736173466,396.11680533087724,1099.0507684043366,792.2336106617545,2198.1015368086732,1584.467221323509,4396.2030736173465,ACCEPTABLE
18.8,105.6,10000,False,4.619814109593439,373.60847100114205,10.987787598778926,107.60001864239939,293.44637341192094,269.0000466059985,733.6159335298023,538.000093211997,1467.2318670596046,1076.000186423994,2934.463734119209,ACCEPTABLE
18.8,105.7,10000,True,5.034682820417716,293.56860809262395,18.117269147870964,80.27504709859453,227.47510436744938,200.6876177464863,568.6877609186236,401.3752354929726,1137.375521837247,802.7504709859452,2274.751043674494,ACCEPTABLE
18.8,105.8,10000,False,5.976545143510558,298.3728685407336,20.14510711966469,80.35511227220042,230.08859833923154,200.887780680501,575.2214958480789,401.775561361002,1150.4429916961578,803.551122722004,2300.8859833923157,ACCEPTABLE
18.8,105.9,10000,False,6.291556927980692,305.60586370209813,19.049238416917074,81.26559021441727,235.36583405304992,203.16397553604318,588.4145851326248,406.32795107208636,1176.8291702652496,812.6559021441727,2353.658340530499,ACCEPTABLE
18.8,106.0,10000,False,6.4382949330611225,311.97842992917896,19.397683402705447,82.8308211152762,240.1118625573588,207.07705278819049,600.279656393397,414.15410557638097,1200.559312786794,828.3082111527619,2401.118625573588,ACCEPTABLE
18.8,106.1,10000,False,6.551963384630314,318.71511305740336,20.575081853299572,84.56380632002853,245.14285739121476,211.40951580007135,612.857143478037,422.8190316001427,1225.714286956074,845.6380632002854,2451.428573912148,ACCEPTABLE
18.8,106.2,10000,False,6.67315134567509,326.5876944146863,22.125219108168032,86.56216789433947,251.06691468265637,216.40541973584862,627.6672867066409,432.81083947169725,1255.3345734132818,865.6216789433945,2510.6691468265635,ACCEPTABLE
18.8,106.3,10000,False,6.820448108221022,336.19599024782923,23.73639892481416,88.99440882522555,258.3515057877858,222.4860220630639,645.8787644694645,444.9720441261278,1291.757528938929,889.9440882522556,2583.515057877858,ACCEPTABLE
18.8,106.4,10000,False,7.007352465707063,348.15273327500813,22.149733584525304,92.02402534122893,267.47338302898424,230.0600633530724,668.6834575724605,460.1201267061448,1337.366915144921,920.2402534122896,2674.733830289842,ACCEPTABLE
18.8,106.5,10000,False,7.24769178013325,363.19582784242203,21.351292026844774,95.8426629894486,279.0067607222317,239.6066574736215,697.5169018055792,479.213314947243,1395.0338036111584,958.426629894486,2790.067607222317,ACCEPTABLE
18.8,106.6,10000,False,7.558518071991108,382.29584998319666,18.65342560213406,100.69893558544834,293.7068634778066,251.74733896362085,734.2671586945166,503.4946779272417,1468.5343173890333,1006.9893558544834,2937.0686347780666,ACCEPTABLE
18.8,106.7,10000,False,7.962916566837016,406.8006590344638,16.187128052292827,106.93545063873708,312.6220424318805,267.3386265968427,781.5551060797013,534.6772531936854,1563.1102121594026,1069.3545063873707,3126.2204243188053,ACCEPTABLE
18.8,106.8,10000,False,8.493993239727097,438.6649433169482,14.095167214964034,115.13586237203552,337.271641662858,287.83965593008884,843.1791041571449,575.6793118601777,1686.3582083142899,1151.3586237203554,3372.7164166285797,ACCEPTABLE
18.8,106.9,10000,False,9.201593983736357,480.8489384222512,12.600113377111962,126.09995604115,369.9548456686993,315.249890102875,924.8871141717484,630.49978020575,1849.7742283434968,1260.9995604115,3699.5484566869936,ACCEPTABLE
18.8,107.0,10000,False,10.164771222377501,538.0639894506319,11.961659397146043,141.15129736179617,414.3279726604543,352.8782434044904,1035.819931651136,705.7564868089808,2071.639863302272,1411.5129736179615,4143.279726604544,ACCEPTABLE
18.8,107.1,10000,False,11.517012984376173,618.2843064525512,10.738667827848984,161.9799139737919,476.5744936906142,404.9497849344798,1191.4362342265356,809.8995698689596,2382.872468453071,1619.7991397379192,4765.744936906142,ACCEPTABLE
18.8,107.2,10000,False,13.50282757843791,736.1391134315902,4.841032080846687,193.30672357912147,568.02882203216,483.26680894780367,1420.0720550803999,966.5336178956073,2840.1441101607998,1933.0672357912147,5680.2882203215995,ACCEPTABLE
18.8,107.3,10000,False,16.62319667566814,921.6330377491743,0.887201591002466,239.93274338030386,711.915931924353,599.8318584507597,1779.7898298108826,1199.6637169015194,3559.579659621765,2399.3274338030387,7119.15931924353,POOR
18.8,107.4,10000,False,22.090647003508934,1247.4293673071172,0.7634894248193863,325.875825877766,965.1235572723921,814.6895646944149,2412.8088931809807,1629.3791293888298,4825.617786361961,3258.7582587776596,9651.235572723923,POOR
18.8,107.5,10000,False,33.78593936599039,1946.16075897141,3.17172219658749,513.0739800314723,1506.825605511951,1282.6849500786807,3767.0640137798773,2565.3699001573614,7534.128027559755,5130.739800314723,15068.25605511951,POOR
18.8,107.6,10000,False,74.561392666698,4387.874524810153,0.554174387649714,1153.9201426857253,3400.056279113548,2884.8003567143132,8500.14069778387,5769.6007134286265,17000.28139556774,11539.201426857253,34000.56279113548,VERY POOR
18.8,107.7,10000,False,334.72118144365135,20153.314998843216,2.4349493433209175,5481.579222602942,15952.686773807429,13703.948056507354,39881.71693451857,27407.896113014707,79763.43386903714,54815.792226029414,159526.86773807427,VERY POOR
18.8,107.8,10000,False,51.98490912937226,3206.450779769849,4.867088164043311,855.6963585312792,2519.406612282365,2139.2408963281982,6298.516530705913,4278.4817926563965,12597.033061411827,8556.963585312793,25194.066122823653,VERY POOR
18.8,107.9,10000,False,28.570060044321462,1807.2327407150165,7.113678529676759,488.6438438414178,1414.0460711963372,1221.6096096035444,3535.115177990843,2443.219219207089,7070.230355981686,4886.438438414178,14140.460711963373,POOR
18.8,108.0,10000,False,20.02105240673848,1299.9023294242465,4.0732229955138735,355.0580475181098,1017.5482756894943,887.6451187952746,2543.870689223736,1775.2902375905492,5087.741378447472,3550.5804751810983,10175.482756894944,POOR
18.8,108.1,10000,False,15.677621864309787,1045.3851690861038,5.570412818361089,287.61867747977993,817.2696824658481,719.0466936994499,2043.1742061646203,1438.0933873988997,4086.3484123292405,2876.1867747977994,8172.696824658481,POOR
18.8,108.2,10000,False,13.107890871927532,897.9289112869242,8.385089838591409,249.04358792483552,702.1604560218176,622.6089698120888,1755.4011400545437,1245.2179396241777,3510.8022801090874,2490.4358792483554,7021.604560218175,POOR
18.8,108.3,10000,False,11.4532319889396,806.1059438003527,6.8249630134758625,223.62189281934405,633.6278655518207,559.0547320483602,1584.069663879552,1118.1094640967203,3168.139327759104,2236.2189281934407,6336.278655518208,POOR
18.8,108.4,10000,False,10.332960498531124,747.1456307548713,7.316350176563373,208.01294051809046,593.6691729189477,520.0323512952261,1484.1729322973695,1040.0647025904523,2968.345864594739,2080.1294051809045,5936.691729189478,ACCEPTABLE
18.8,108.5,10000,False,9.552251755469557,709.4222331224632,11.008368620541075,200.65412681814044,566.6443548747476,501.63531704535103,1416.6108871868691,1003.2706340907021,2833.2217743737383,2006.5412681814041,5666.443548747477,ACCEPTABLE
18.8,108.6,10000,False,9.000935541725111,686.3863404580212,6.151750537147324,193.81296591420744,547.8515427597296,484.53241478551854,1369.628856899324,969.0648295710371,2739.257713798648,1938.1296591420742,5478.515427597296,ACCEPTABLE
18.8,108.7,10000,False,8.611939337214688,674.072385908882,11.004997678161434,190.81823641127852,536.375901939442,477.0455910281963,1340.939754848605,954.0911820563927,2681.87950969721,1908.1823641127853,5363.75901939442,ACCEPTABLE
18.8,108.8,10000,False,8.342036851204911,669.9434926314694,9.56407362115185,193.67609814519383,527.9072577339005,484.19024536298446,1319.768144334751,968.3804907259689,2639.536288669502,1936.7609814519378,5279.072577339004,ACCEPTABLE
18.8,108.9,10000,False,8.162081837614837,672.3051415351972,10.355391367456372,193.6701886869914,530.6522928385124,484.17547171747856,1326.6307320962808,968.3509434349571,2653.2614641925616,1936.7018868699142,5306.522928385123,ACCEPTABLE
18.8,109.0,10000,False,8.051687836695123,679.9855807743139,13.577772282463071,194.3342298134021,540.0162322658834,485.8355745335052,1350.0405806647086,971.6711490670104,2700.0811613294172,1943.342298134021,5400.1623226588345,ACCEPTABLE
18.9,104.5,10000,False,9.647454591368513,1127.2561253866984,9.129980148526203,314.75103288387464,879.2602447166076,786.8775822096866,2198.1506117915196,1573.7551644193732,4396.301223583039,3147.5103288387463,8792.602447166078,POOR
18.9,104.6,10000,False,9.387748499171265,1064.5932962995603,9.886514751774781,298.1044581218972,832.9366092570102,745.261145304743,2082.341523142526,1490.522290609486,4164.683046285052,2981.044581218972,8329.366092570104,POOR
18.9,104.7,10000,False,9.123717956342253,1002.1373710682523,10.873705640539338,282.4265473575915,786.7046892793272,706.0663683939788,1966.761723198318,1412.1327367879576,3933.523446396636,2824.265473575915,7867.046892793272,POOR
18.9,104.8,10000,False,8.853540081067903,939.4991798550152,6.353074838848335,261.9563470445251,740.2538132920663,654.8908676113126,1850.6345332301662,1309.7817352226252,3701.2690664603324,2619.5634704452505,7402.538132920665,POOR
18.9,104.9,10000,False,8.574600978961946,876.151839688412,6.724915321066226,243.87853098876792,693.1598651748423,609.6963274719199,1732.899662937106,1219.3926549438397,3465.799325874212,2438.7853098876794,6931.598651748424,POOR
18.9,105.0,10000,False,8.283093280815992,811.3720110053581,7.173051694492591,230.2241521311653,644.8347513998538,575.5603803279132,1612.0868784996346,1151.1207606558264,3224.1737569992692,2302.241521311653,6448.3475139985385,POOR
18.9,105.1,10000,False,7.973402799882127,744.1585140579717,7.735431803549351,214.4299515461215,594.4542096983105,536.0748788653037,1486.1355242457767,1072.1497577306075,2972.2710484915533,2144.299515461215,5944.542096983107,ACCEPTABLE
18.9,105.2,10000,False,7.637259247280674,673.1376773744228,8.492678192567835,196.01354283169348,539.8326718741018,490.0338570792338,1349.5816796852548,980.0677141584677,2699.1633593705096,1960.1354283169353,5398.326718741019,ACCEPTABLE
18.9,105.3,10000,False,7.263039766520357,596.5364548509956,9.63321181060247,172.5897915548087,475.48819267137094,431.47447888702186,1188.7204816784274,862.9489577740437,2377.440963356855,1725.8979155480874,4754.88192671371,ACCEPTABLE
18.9,105.4,10000,False,6.83803122628933,512.6262396474123,11.639009511264968,149.13161554721438,402.8155264945217,372.8290388680359,1007.038816236304,745.6580777360718,2014.077632472608,1491.3161554721437,4028.155264945216,ACCEPTABLE
18.9,105.5,10000,False,6.36856921444734,422.3284397669304,14.898808185091193,121.01177841300739,335.0691375551092,302.52944603251854,837.672843887773,605.0588920650371,1675.345687775546,1210.1177841300741,3350.691375551092,ACCEPTABLE
18.9,105.6,10000,False,5.965526784272957,338.2980997256867,14.933925984003121,94.5072842862362,264.8223500322636,236.26821071559047,662.055875080659,472.53642143118094,1324.111750161318,945.0728428623619,2648.223500322636,ACCEPTABLE
18.9,105.7,10000,False,5.867816200980599,289.2248744690287,25.06553012876636,79.15875675246927,226.20070705794694,197.8968918811732,565.5017676448675,395.7937837623464,1131.003535289735,791.5875675246928,2262.00707057947,ACCEPTABLE
18.9,105.8,10000,True,5.969476487424296,276.8826362331198,25.494010014492613,74.585565395272,215.51214372183517,186.46391348818003,538.7803593045879,372.92782697636005,1077.5607186091759,745.8556539527201,2155.1214372183517,ACCEPTABLE
18.9,105.9,10000,False,6.055406827750786,277.90905352892617,29.56507295021902,75.1696301636847,215.2179429423869,187.92407540921178,538.0448573559673,375.84815081842356,1076.0897147119347,751.6963016368471,2152.1794294238694,ACCEPTABLE
18.9,106.0,10000,False,6.117850821718166,282.16652259797974,25.33677441669916,75.73929625327315,217.74972837964975,189.34824063318285,544.3743209491244,378.6964812663657,1088.7486418982487,757.3929625327314,2177.4972837964974,ACCEPTABLE
18.9,106.1,10000,False,6.181278239066852,287.65154358177784,24.24614733094355,77.26033545853879,221.40466164961828,193.15083864634698,553.5116541240457,386.30167729269397,1107.0233082480913,772.6033545853879,2214.0466164961827,ACCEPTABLE
18.9,106.2,10000,False,6.261089950029653,294.25654411724014,25.396011060991306,78.26741103154268,226.19597948180063,195.6685275788567,565.4899487045016,391.3370551577134,1130.9798974090031,782.6741103154268,2261.9597948180062,ACCEPTABLE
18.9,106.3,10000,False,6.367899535180617,302.30169343101056,24.387260815741683,80.18015787746407,232.20600681406617,200.4503946936602,580.5150170351654,400.9007893873204,1161.0300340703309,801.8015787746408,2322.0600681406618,ACCEPTABLE
18.9,106.4,10000,False,6.511512917837899,312.2679980599302,22.576996689573832,82.67173636092122,239.728883395537,206.679340902303,599.3222084888424,413.358681804606,1198.6444169776848,826.717363609212,2397.2888339553697,ACCEPTABLE
18.9,106.5,10000,False,6.703183530626515,324.78393128049385,20.758526003130022,85.83643632077411,249.25132899867037,214.59109080193525,623.1283224966759,429.1821816038705,1246.2566449933518,858.364363207741,2492.5132899867035,ACCEPTABLE
18.9,106.6,10000,False,6.957429682196535,340.68662120029495,19.020393348646216,89.89182560845514,261.42313056593366,224.7295640211378,653.5578264148343,449.4591280422756,1307.1156528296685,898.9182560845512,2614.231305659337,ACCEPTABLE
18.9,106.7,10000,False,7.294242560846301,361.13629786135124,17.479497242329646,95.141930139632,277.145558237951,237.85482534908,692.8638955948774,475.70965069816,1385.7277911897547,951.41930139632,2771.4555823795095,ACCEPTABLE
18.9,106.8,10000,False,7.7424691322090355,387.80944957694953,16.28832965989366,102.02804395060818,297.72077943976404,255.07010987652046,744.30194859941,510.1402197530409,1488.60389719882,1020.2804395060818,2977.20779439764,ACCEPTABLE
18.9,106.9,10000,False,8.345623646431326,423.23759273911423,15.621485065656557,111.21827257302289,325.11399743832686,278.0456814325572,812.7849935958172,556.0913628651144,1625.5699871916345,1112.1827257302289,3251.139974383269,ACCEPTABLE
18.9,107.0,10000,False,9.172704027027223,471.44027562745276,15.017403319958987,123.77503344441612,362.44319765041485,309.43758361104034,906.1079941260372,618.8751672220807,1812.2159882520743,1237.7503344441614,3624.4319765041487,ACCEPTABLE
18.9,107.1,10000,False,10.340044462112761,539.2046106711545,11.099634072011982,141.49361049021743,414.9687399918039,353.73402622554363,1037.42184997951,707.4680524510873,2074.84369995902,1414.9361049021745,4149.68739991804,ACCEPTABLE
18.9,107.2,10000,False,12.060140915895893,638.9439711396841,6.4960189240959085,167.80598688728378,492.30310475455866,419.51496721820956,1230.7577618863968,839.0299344364191,2461.5155237727936,1678.0598688728383,4923.031047545587,ACCEPTABLE
18.9,107.3,10000,False,14.766442018455503,796.0037032376124,3.6785082937573903,208.38951962745932,614.0539246513955,520.9737990686483,1535.134811628489,1041.9475981372966,3070.269623256978,2083.895196274593,6140.539246513956,POOR
18.9,107.4,10000,False,19.500382787364057,1071.31828221085,4.359230633848059,279.2427883056249,827.7556997679847,698.1069707640622,2069.3892494199617,1396.2139415281245,4138.7784988399235,2792.427883056249,8277.556997679847,POOR
18.9,107.5,10000,False,29.55041270137001,1657.3590017554673,0.9665470364248903,436.036321419803,1282.3593274794162,1090.0908035495074,3205.898318698541,2180.181607099015,6411.796637397082,4360.36321419803,12823.593274794164,POOR
18.9,107.6,10000,False,63.59614705956415,3647.582097762471,2.137740753713718,962.4042351478398,2825.5577861380707,2406.0105878695995,7063.894465345176,4812.021175739199,14127.788930690353,9624.042351478398,28255.577861380705,VERY POOR
18.9,107.7,10000,False,372.5814966637873,21888.914515185978,4.751559788286852,5906.721723902843,17326.270107441713,14766.804309757106,43315.67526860428,29533.608619514212,86631.35053720856,59067.217239028425,173262.70107441713,VERY POOR
18.9,107.8,10000,False,47.79880086861626,2880.5831729317374,7.259513266668658,768.6906453571355,2258.1277662564726,1921.7266133928388,5645.319415641181,3843.4532267856775,11290.638831282362,7686.906453571355,22581.277662564724,VERY POOR
18.9,107.9,10000,False,25.935017932594754,1605.2103330595564,8.83526755250307,435.1386599497064,1255.0552514913484,1087.8466498742664,3137.638128728371,2175.693299748533,6275.276257456742,4351.386599497066,12550.552514913485,POOR
18.9,108.0,10000,False,18.12724187829975,1153.311045534628,1.9084069730128186,314.6163794955544,902.4531448458675,786.5409487388858,2256.1328621146695,1573.0818974777717,4512.265724229339,3146.1637949555434,9024.531448458678,POOR
18.9,108.1,10000,False,14.207799391227464,929.7260419353056,7.95073498374238,255.36523857563725,725.9962868282937,638.4130964390934,1814.9907170707345,1276.8261928781867,3629.981434141469,2553.6523857563734,7259.962868282938,POOR
18.9,108.2,10000,False,11.912737083720378,801.9743893722601,2.5040913680684427,224.40425258313235,627.2934473228997,561.0106314578309,1568.2336183072493,1122.0212629156617,3136.4672366144987,2244.0425258313235,6272.934473228997,POOR
18.9,108.3,10000,False,10.451307648452348,723.8190929389896,10.999177209997304,200.26872638163283,571.1008597855889,500.6718159540821,1427.7521494639723,1001.3436319081642,2855.5042989279445,2002.6872638163284,5711.008597855889,ACCEPTABLE
18.9,108.4,10000,False,9.475073613641218,674.9190186528566,5.681327340934094,190.824448635676,537.2013147141754,477.0611215891899,1343.0032867854384,954.1222431783798,2686.0065735708768,1908.2444863567596,5372.0131471417535,ACCEPTABLE
18.9,108.5,10000,False,8.80639524769156,644.9338047349136,11.682685311303695,182.23757319640157,514.6395123667926,455.59393299100395,1286.5987809169815,911.1878659820079,2573.197561833963,1822.3757319640158,5146.395123667926,ACCEPTABLE
18.9,108.6,10000,False,8.345066165556817,628.0570714124117,7.898028908396926,176.40068970894538,500.6376119331975,441.0017242723634,1251.594029832994,882.0034485447268,2503.188059665988,1764.0068970894536,5006.376119331976,ACCEPTABLE
18.9,108.7,10000,False,8.030177376448474,620.7826031227765,9.635766479489213,178.85589595688097,489.2914754828529,447.13973989220244,1223.2286887071323,894.2794797844049,2446.4573774142646,1788.5589595688098,4892.914754828529,ACCEPTABLE
18.9,108.8,10000,False,7.822518316820048,620.8728906888822,14.58972044389268,179.34563940190142,490.02634495903374,448.36409850475354,1225.0658623975842,896.7281970095071,2450.1317247951683,1793.4563940190142,4900.263449590337,ACCEPTABLE
18.9,108.9,10000,False,7.695674177331147,626.8370055609591,10.033261063243744,178.91790410554444,496.773407309185,447.294760263861,1241.9335182729624,894.589520527722,2483.8670365459247,1789.179041055444,4967.7340730918495,ACCEPTABLE
18.9,109.0,10000,False,7.631185609474961,637.6465799955217,13.709840337357814,182.17383562733738,508.4851320688025,455.4345890683435,1271.2128301720063,910.869178136687,2542.4256603440126,1821.738356273374,5084.851320688025,ACCEPTABLE
19.0,104.5,10000,False,9.108856769972485,987.764292523783,13.138089568600074,278.90708775006124,776.6109900802162,697.2677193751531,1941.5274752005405,1394.5354387503062,3883.054950401081,2789.0708775006124,7766.109900802162,POOR
19.0,104.6,10000,False,8.844129579375,925.949569638546,14.454496102719755,258.5336027170472,730.4730499503416,646.3340067926179,1826.1826248758541,1292.6680135852357,3652.3652497517082,2585.3360271704714,7304.7304995034165,POOR
19.0,104.7,10000,False,8.57669740845836,864.6031788989636,16.1594504949798,242.07474294521214,684.5801379917856,605.1868573630304,1711.450344979464,1210.3737147260608,3422.900689958928,2420.7474294521217,6845.801379917856,POOR
19.0,104.8,10000,False,8.305747896890644,803.4940397655314,9.129980148526203,228.7987112914856,638.7338430144765,571.996778228714,1596.8346075361917,1143.993556457428,3193.6692150723834,2287.987112914856,6387.338430144767,POOR
19.0,104.9,10000,False,8.030272917618902,742.3455318090203,9.850845169122572,213.37152727764322,592.6924382188915,533.4288181941081,1481.731095547229,1066.8576363882162,2963.462191094458,2133.7152727764324,5926.924382188916,ACCEPTABLE
19.0,105.0,10000,False,7.749072654101631,680.8381238340202,10.665816569117313,196.9991249336303,545.6712310313071,492.4978123340758,1364.1780775782681,984.9956246681515,2728.3561551565363,1969.991249336303,5456.7123103130725,ACCEPTABLE
19.0,105.1,10000,False,7.460863995687087,618.6347082521352,11.724950795921696,178.55504831875282,496.6777251270812,446.38762079688206,1241.694312817703,892.7752415937641,2483.388625635406,1785.5504831875282,4966.777251270812,ACCEPTABLE
19.0,105.2,10000,False,7.164695824400049,555.4678102555087,13.22080041107872,161.32019138543464,440.95152119798036,403.3004784635865,1102.378802994951,806.600956927173,2204.757605989902,1613.201913854346,4409.515211979804,ACCEPTABLE
19.0,105.3,10000,False,6.861215074551067,491.3861390416554,15.543381418235386,142.66860065215369,386.649207986325,356.6715016303842,966.6230199658123,713.3430032607685,1933.2460399316246,1426.686006521537,3866.4920798632493,ACCEPTABLE
19.0,105.4,10000,False,6.55610484891608,427.3769991308012,14.753810668451052,122.13468653838981,338.9676306481892,305.33671634597454,847.4190766204729,610.6734326919491,1694.8381532409458,1221.3468653838981,3389.6763064818915,ACCEPTABLE
19.0,105.5,10000,False,6.267703536465557,366.6560133132439,14.640180917903473,104.66237450643982,290.8395730876257,261.65593626609956,727.0989327190641,523.3118725321991,1454.1978654381282,1046.6237450643982,2908.3957308762565,ACCEPTABLE
19.0,105.6,10000,False,6.0345837556552695,315.9733014634699,19.283570982555926,88.01253992583469,246.27652415098237,220.03134981458675,615.6913103774559,440.0626996291735,1231.3826207549118,880.125399258347,2462.7652415098237,ACCEPTABLE
19.0,105.7,10000,False,5.894093805260982,282.7529911594238,23.619708016063854,78.9242847495482,220.95306104341358,197.31071187387056,552.3826526085338,394.6214237477411,1104.7653052170676,789.2428474954822,2209.5306104341353,ACCEPTABLE
19.0,105.8,10000,False,5.833541727991763,267.01275988221164,23.819827347601105,73.56334953306919,208.54842579093332,183.90837383267294,521.3710644773332,367.8167476653459,1042.7421289546664,735.6334953306917,2085.484257909333,ACCEPTABLE
19.0,105.9,10000,True,5.813239307043878,261.99350425072856,27.068719283564217,70.52059487528975,203.6976046829928,176.30148718822437,509.244011707482,352.60297437644874,1018.488023414964,705.2059487528975,2036.976046829928,ACCEPTABLE
19.0,106.0,10000,True,5.813888352556042,262.0580659927487,27.048291080363388,71.08257539784061,202.9174603910092,177.7064384946015,507.29365097752304,355.412876989203,1014.5873019550461,710.825753978406,2029.1746039100922,ACCEPTABLE
19.0,106.1,10000,False,5.83324301895194,264.6461722640909,26.407055908090207,71.30958800769166,204.24697815006795,178.27397001922918,510.61744537516984,356.54794003845836,1021.2348907503397,713.0958800769167,2042.4697815006793,ACCEPTABLE
19.0,106.2,10000,False,5.874638645675153,268.91355620339056,25.666383646834078,72.5156453090157,206.98071541857956,181.28911327253923,517.4517885464488,362.57822654507845,1034.9035770928976,725.1564530901569,2069.8071541857953,ACCEPTABLE
19.0,106.3,10000,False,5.9433190577555015,274.7460917636069,24.78090813516912,74.03219513281613,211.0000632981318,185.08048783204032,527.5001582453297,370.16097566408064,1055.0003164906593,740.3219513281613,2110.0006329813186,ACCEPTABLE
19.0,106.4,10000,False,6.046088295727648,282.3668095950384,23.762840502894445,75.41803815137035,216.54618951045225,188.54509537842586,541.3654737761306,377.0901907568517,1082.7309475522611,754.1803815137034,2165.4618951045222,ACCEPTABLE
19.0,106.5,10000,False,6.191898350035053,292.21830751622673,22.68330060875784,77.50096448592336,223.97015166509087,193.75241121480838,559.9253791627272,387.50482242961675,1119.8507583254543,775.0096448592335,2239.7015166509086,ACCEPTABLE
19.0,106.6,10000,False,6.392921273204445,304.9642472201687,21.62835056121216,80.71503416231272,233.6602986419377,201.78758540578184,584.1507466048442,403.5751708115637,1168.3014932096885,807.1503416231274,2336.602986419377,ACCEPTABLE
19.0,106.7,10000,False,6.666260583038617,321.56320835136637,20.70517319209606,84.94029414516733,246.361435106636,212.35073536291833,615.9035877665901,424.70147072583666,1231.8071755331803,849.4029414516733,2463.6143510663605,ACCEPTABLE
19.0,106.8,10000,False,7.0367908951748745,343.4213406472201,20.040274144023343,90.54566078628704,263.16575581160896,226.3641519657176,657.9143895290225,452.7283039314352,1315.828779058045,905.4566078628704,2631.65755811609,ACCEPTABLE
19.0,106.9,10000,False,7.5421380951069805,372.6734041926934,18.713803095883243,98.09328998370003,285.73022444950067,245.23322495925007,714.3255611237516,490.46644991850013,1428.6511222475033,980.9328998370003,2857.3022444950066,ACCEPTABLE
19.0,107.0,10000,False,8.241984458078083,412.7139121189951,15.826947893399295,108.47909630107733,316.6872417895097,271.19774075269333,791.7181044737742,542.3954815053867,1583.4362089475485,1084.7909630107733,3166.872417895097,ACCEPTABLE
19.0,107.1,10000,False,9.236842493707794,469.2714538462059,10.120031023945504,123.21697383236304,360.4749300684369,308.04243458090764,901.1873251710922,616.0848691618153,1802.3746503421844,1232.1697383236306,3604.749300684369,ACCEPTABLE
19.0,107.2,10000,False,10.709847855275921,552.8012689362104,2.327761673638564,145.47946262090284,425.1852491919059,363.69865655225703,1062.9631229797646,727.3973131045141,2125.9262459595293,1454.7946262090281,4251.852491919059,ACCEPTABLE
19.0,107.3,10000,False,13.032973898745567,684.5657647233288,2.2074308178698843,180.41699096399768,527.2575555626347,451.04247740999415,1318.1438889065867,902.0849548199883,2636.2877778131733,1804.1699096399766,5272.575555626347,ACCEPTABLE
19.0,107.4,10000,False,17.093624240894535,915.3300550969949,1.8130607582360048,237.98988763821535,706.0070023246536,594.9747190955384,1765.0175058116342,1189.9494381910768,3530.0350116232685,2379.8988763821535,7060.070023246537,POOR
19.0,107.5,10000,False,25.657236172808975,1403.3608330591096,3.051400469074703,368.3450247926522,1084.9643424567967,920.8625619816305,2712.410856141991,1841.725123963261,5424.821712283982,3683.450247926522,10849.643424567965,POOR
19.0,107.6,10000,False,53.90194461210709,3017.453066366871,4.867088164043311,799.4096808848923,2336.4855736712707,1998.5242022122306,5841.213934178176,3997.0484044244613,11682.427868356352,7994.096808848923,23364.855736712703,VERY POOR
19.0,107.7,10000,False,439.2573234448684,25214.87627306756,7.399816187383797,6865.105993767377,19955.58389230744,17162.76498441844,49888.9597307686,34325.52996883688,99777.9194615372,68651.05993767377,199555.8389230744,VERY POOR
19.0,107.8,10000,False,43.651925924237815,2573.80983264935,9.893883098608804,687.6654907464558,2012.5731302822192,1719.1637268661395,5031.432825705549,3438.327453732279,10062.865651411097,6876.654907464558,20125.731302822194,VERY POOR
19.0,107.9,10000,False,23.374620536890372,1417.5712257244004,6.142004621578693,386.6631847236814,1107.9406543462364,966.6579618092035,2769.8516358655916,1933.315923618407,5539.703271731183,3866.631847236814,11079.406543462366,POOR
19.0,108.0,10000,False,16.303117165591356,1017.9244211964831,4.679832665586934,276.66698080758476,795.9522015420102,691.667452018962,1989.8805038550258,1383.334904037924,3979.7610077100517,2766.669808075848,7959.522015420103,POOR
19.0,108.1,10000,False,12.800269568101509,823.2669178614605,8.747883842434845,226.81715985491252,641.9175830532286,567.0428996372814,1604.7939576330716,1134.0857992745628,3209.587915266143,2268.1715985491255,6419.175830532286,POOR
19.0,108.2,10000,False,10.773820942349106,713.8845157856088,6.743648694390646,198.99902525852428,558.5032894322977,497.49756314631065,1396.2582235807445,994.9951262926213,2792.516447161489,1989.9902525852426,5585.032894322978,ACCEPTABLE
19.0,108.3,10000,False,9.50101103881334,648.4610848499279,9.303980323096269,179.72616318440745,513.5465479823212,449.31540796101865,1283.8663699558028,898.6308159220373,2567.7327399116057,1797.2616318440746,5135.465479823211,ACCEPTABLE
19.0,108.4,10000,False,8.665314745744553,608.9387945934023,10.623135213983073,173.5933693444896,485.3171145201127,433.9834233612239,1213.2927863002817,867.9668467224478,2426.5855726005634,1735.9336934448957,4853.171145201127,ACCEPTABLE
19.0,108.5,10000,False,8.105960359912837,586.1784404983796,3.756877427068483,163.94259871785604,467.11107468976684,409.8564967946401,1167.777686724417,819.7129935892802,2335.555373448834,1639.4259871785605,4671.110746897668,ACCEPTABLE
19.0,108.6,10000,False,7.732465255612618,575.0653582016521,13.271606894400819,164.6310948423633,455.1996859006953,411.5777371059082,1137.9992147517382,823.1554742118165,2275.9984295034765,1646.310948423633,4551.996859006953,ACCEPTABLE
19.0,108.7,10000,False,7.489912984254029,572.519935975278,4.990518184076804,165.22192484337558,451.82165370013456,413.054812108439,1129.5541342503363,826.109624216878,2259.1082685006727,1652.219248433756,4518.216537001345,ACCEPTABLE
19.0,108.8,10000,False,7.342990479706827,576.5823191042757,11.573598301716261,163.54040713900434,455.89410440505515,408.85101784751083,1139.735261012638,817.7020356950217,2279.470522025276,1635.4040713900433,4558.941044050552,ACCEPTABLE
19.0,108.9,10000,False,7.267934367240966,585.9502939196675,14.631745004695194,167.2827042970652,466.31800713305853,418.20676074266305,1165.7950178326464,836.4135214853261,2331.590035665293,1672.8270429706522,4663.180071330586,ACCEPTABLE
19.0,109.0,10000,False,7.248159290783133,599.7283843757825,8.413370745755621,172.12908096176517,478.12831732856944,430.322702404413,1195.3207933214237,860.645404808826,2390.6415866428474,1721.290809617652,4781.283173285695,ACCEPTABLE
19.1,104.5,10000,False,8.667413492963606,880.7738895851927,13.63082582302418,245.99196934716082,696.5557902935632,614.9799233679021,1741.389475733908,1229.9598467358041,3482.778951467816,2459.9196934716083,6965.557902935632,POOR
19.1,104.6,10000,False,8.403185593422059,821.4943542378339,13.770729706493622,232.7272281688431,651.9122269294105,581.8180704221079,1629.7805673235262,1163.6361408442158,3259.5611346470523,2327.2722816884316,6519.122269294105,POOR
19.1,104.7,10000,False,8.13802643866431,763.1057667418107,13.807082404594391,219.66463963756104,607.8133374223338,549.1615990939027,1519.5333435558348,1098.3231981878055,3039.0666871116696,2196.646396375611,6078.133374223339,POOR
19.1,104.8,10000,False,7.871838974045823,705.5251280343402,13.138089568600074,202.13201369746474,564.1753448563989,505.3300342436619,1410.438362140997,1010.6600684873238,2820.876724281994,2021.3201369746475,5641.753448563988,ACCEPTABLE
19.1,104.9,10000,False,7.604624907957687,648.6830149321519,13.153909976243007,188.18323183701145,520.3564078888094,470.45807959252863,1300.8910197220237,940.9161591850573,2601.7820394440473,1881.8323183701145,5203.564078888095,ACCEPTABLE
19.1,105.0,10000,False,7.336608386609704,592.5502706716277,13.560911210072229,170.9390503360054,475.3432962165195,427.34762584001356,1188.3582405412985,854.6952516800271,2376.716481082597,1709.3905033600543,4753.432962165194,ACCEPTABLE
19.1,105.1,10000,False,7.068479656742554,537.1914264077691,13.72394836313229,156.60932213469846,426.50070278516876,391.52330533674615,1066.2517569629217,783.0466106734923,2132.5035139258434,1566.0932213469846,4265.007027851687,ACCEPTABLE
19.1,105.2,10000,False,6.801864294121666,482.8677200503412,13.56152968645218,140.83695555773386,379.29215057678846,352.0923888943347,948.2303764419711,704.1847777886694,1896.4607528839422,1408.3695555773388,3792.9215057678844,ACCEPTABLE
19.1,105.3,10000,False,6.540178599352765,430.223279157285,13.560911210072229,121.58475962161756,340.7840159693724,303.9618990540439,851.960039923431,607.9237981080878,1703.920079846862,1215.8475962161756,3407.840159693724,ACCEPTABLE
19.1,105.4,10000,False,6.289971614296869,380.57351475953755,14.513877615965894,108.95201131284539,301.8549040381981,272.38002828211347,754.6372600954953,544.7600565642269,1509.2745201909906,1089.5201131284539,3018.5490403819813,ACCEPTABLE
19.1,105.5,10000,False,6.062192785597207,336.18003011096397,18.084911791751654,95.49627102768237,266.38477944911904,238.74067756920593,665.9619486227975,477.48135513841186,1331.923897245595,954.9627102768237,2663.84779449119,ACCEPTABLE
19.1,105.6,10000,False,5.870849927380003,300.00715541916816,26.04529649923218,83.71517154816087,233.72291572245888,209.28792887040217,584.3072893061471,418.57585774080434,1168.6145786122943,837.1517154816087,2337.2291572245886,ACCEPTABLE
19.1,105.7,10000,False,5.7258370990485,274.26948374553325,23.260866020445974,76.5145582456624,213.81213788418174,191.286395614156,534.5303447104543,382.572791228312,1069.0606894209086,765.145582456624,2138.121378841817,ACCEPTABLE
19.1,105.8,10000,False,5.625371332202104,258.6360684581776,25.33677441669916,70.90735819813833,201.7928739334175,177.2683954953458,504.4821848335438,354.5367909906916,1008.9643696670876,709.0735819813832,2017.9287393341751,ACCEPTABLE
19.1,105.9,10000,False,5.559733761102893,250.55670387896885,24.24614733094355,68.90453542504785,195.1321639120597,172.26133856261958,487.8304097801493,344.52267712523917,975.6608195602986,689.0453542504783,1951.3216391205972,GOOD
19.1,106.0,10000,True,5.520660573977259,247.26840666829818,25.396011060991306,66.80992882479411,191.89104099773616,167.02482206198528,479.72760249434043,334.04964412397055,959.4552049886809,668.0992882479411,1918.9104099773617,GOOD
19.1,106.1,10000,True,5.504711416860348,246.94252930201534,26.66083360977076,67.37179029953276,190.9497114753435,168.42947574883186,477.37427868835886,336.8589514976637,954.7485573767177,673.7179029953274,1909.4971147534354,GOOD
19.1,106.2,10000,False,5.512194346085489,248.66492134010682,27.395998252075476,67.535328856115,191.68227950082127,168.83832214028746,479.20569875205325,337.6766442805749,958.4113975041065,675.3532885611498,1916.822795008213,GOOD
19.1,106.3,10000,False,5.545906204554071,252.10895241497772,27.459731548278796,68.51644356877107,193.8140213614976,171.29110892192767,484.535053403744,342.58221784385535,969.070106807488,685.1644356877107,1938.140213614976,GOOD
19.1,106.4,10000,False,5.610695030852239,257.3007263289994,27.05505191502761,69.47785828753553,197.35123652922937,173.69464571883879,493.37809132307336,347.38929143767757,986.7561826461467,694.7785828753551,1973.5123652922935,GOOD
19.1,106.5,10000,False,5.713668932847191,264.51066251379797,26.096016750763475,71.29263452965174,202.49503190000888,178.23158632412935,506.2375797500223,356.4631726482587,1012.4751595000446,712.9263452965174,2024.9503190000892,ACCEPTABLE
19.1,106.6,10000,False,5.864929914432866,274.23336671662975,24.69200687199615,73.2756872848729,209.72408027286332,183.18921821218225,524.3102006821583,366.3784364243645,1048.6204013643166,732.756872848729,2097.2408027286333,ACCEPTABLE
19.1,106.7,10000,False,6.078940687394466,287.2339737439933,22.88972413467505,76.1694530352298,219.60986760663036,190.42363258807455,549.0246690165759,380.8472651761491,1098.0493380331518,761.6945303522982,2196.0986760663036,ACCEPTABLE
19.1,106.8,10000,False,6.3769040189641935,304.6665778463211,20.729807163954874,80.53891200852243,232.95495619797,201.34728002130606,582.3873904949251,402.6945600426121,1164.7747809898501,805.3891200852242,2329.5495619797002,ACCEPTABLE
19.1,106.9,10000,False,6.7909950103174275,328.3040763453488,18.254599876655156,86.59750820588468,251.1358457470497,216.4937705147117,627.8396143676242,432.9875410294234,1255.6792287352484,865.9750820588469,2511.358457470497,ACCEPTABLE
19.1,107.0,10000,False,7.372291096205498,360.97911060919444,15.518230809042283,95.02802680371661,276.3491650512558,237.5700670092915,690.8729126281396,475.140134018583,1381.7458252562792,950.280268037166,2763.4916505125584,ACCEPTABLE
19.1,107.1,10000,False,8.206748833859377,407.4781287903713,9.045139785138689,107.09377872155959,312.30212940103945,267.73444680389895,780.7553235025985,535.4688936077979,1561.510647005197,1070.9377872155958,3123.021294010394,ACCEPTABLE
19.1,107.2,10000,False,9.450642042575636,476.5275908206773,2.8549385994273333,125.62185532232581,365.7455509127329,314.0546383058146,914.3638772818323,628.1092766116292,1828.7277545636646,1256.2185532232584,3657.455509127329,ACCEPTABLE
19.1,107.3,10000,False,11.42012310115522,585.8149311803718,2.9779583145393396,155.17110691760362,450.346574099295,387.9277672940091,1125.8664352482376,775.8555345880181,2251.7328704964752,1551.7110691760363,4503.4657409929505,ACCEPTABLE
19.1,107.4,10000,False,14.864267299473696,777.2955800048802,5.302833570742397,203.05899730379812,598.7205446445145,507.6474932594954,1496.8013616112862,1015.2949865189908,2993.6027232225724,2030.5899730379815,5987.205446445145,ACCEPTABLE
19.1,107.5,10000,False,22.087682941618834,1180.1247095297042,5.686828737431288,308.91987638504224,911.4952950272186,772.2996909626055,2278.7382375680468,1544.599381925211,4557.4764751360935,3089.198763850422,9114.952950272187,POOR
19.1,107.6,10000,False,45.32974815330343,2480.377937155004,7.69068981164865,658.2825462900194,1919.6109669397988,1645.7063657250487,4799.027417349496,3291.4127314500975,9598.054834698993,6582.825462900195,19196.109669397985,POOR
19.1,107.7,10000,False,579.0269520892385,32522.160246244035,9.757019295138853,8839.848785813938,25813.03884672848,22099.621964534846,64532.597116821205,44199.24392906969,129065.19423364241,88398.48785813939,258130.38846728482,VERY POOR
19.1,107.8,10000,False,39.55109834438595,2284.864878965517,10.146314144516287,611.9431712376131,1783.5618481937208,1529.857928094033,4458.9046204843025,3059.715856188066,8917.809240968605,6119.431712376132,17835.61848193721,POOR
19.1,107.9,10000,False,20.8941741337985,1243.473562510482,2.9800152265357465,340.48025193744724,971.4671349639876,851.2006298436181,2428.6678374099693,1702.4012596872362,4857.3356748199385,3404.8025193744725,9714.671349639877,POOR
19.1,108.0,10000,False,14.552528444486688,893.1251374709716,5.078106804020827,241.64711615213147,697.4987766467376,604.1177903803286,1743.7469416168442,1208.2355807606573,3487.4938832336884,2416.4711615213146,6974.987766467377,POOR
19.1,108.1,10000,False,11.458315085973895,725.5457078780743,3.847903444013722,201.58028723159475,565.0496637749272,503.95071807898694,1412.624159437318,1007.9014361579739,2825.248318874636,2015.8028723159478,5650.496637749272,ACCEPTABLE
19.1,108.2,10000,False,9.694263978243063,633.3113367951842,10.773624757474725,175.67438767184888,497.4640282747076,439.1859691796222,1243.660070686769,878.3719383592444,2487.320141373538,1756.7438767184888,4974.640282747076,ACCEPTABLE
19.1,108.3,10000,False,8.605475041437504,579.7710293984546,4.678315826598337,164.55022185307905,460.1765964252882,411.3755546326975,1150.4414910632206,822.751109265395,2300.882982126441,1645.50221853079,4601.765964252882,ACCEPTABLE
19.1,108.4,10000,False,7.9068871191939,549.0121638926414,14.055622418945225,153.86029021451827,437.355245115883,384.6507255362957,1093.3881127897077,769.3014510725914,2186.7762255794155,1538.6029021451827,4373.552451158831,ACCEPTABLE
19.1,108.5,10000,False,7.45422232996194,533.0176052116908,11.701206311105318,150.65389326771884,422.9572976538343,376.6347331692972,1057.393244134586,753.2694663385944,2114.786488269172,1506.5389326771888,4229.572976538344,ACCEPTABLE
19.1,108.6,10000,False,7.1664544128460355,527.3165875495937,7.372205812526831,150.74890700378631,416.0946787940089,376.8722675094658,1040.2366969850223,753.7445350189316,2080.4733939700445,1507.4890700378633,4160.946787940089,ACCEPTABLE
19.1,108.7,10000,False,6.9944785083877274,529.2258645552755,15.319582624917347,148.80417883948934,417.37555916477083,372.0104470987234,1043.4388979119271,744.0208941974468,2086.8777958238543,1488.0417883948935,4173.755591647709,ACCEPTABLE
19.1,108.8,10000,False,6.906760765645737,537.0433744319719,3.520069168160363,153.21282170662346,426.432318543444,383.03205426655865,1066.08079635861,766.0641085331173,2132.16159271722,1532.1282170662346,4264.32318543444,ACCEPTABLE
19.1,108.9,10000,False,6.882114255166521,549.642126406718,11.652579735158975,157.3346862138361,437.2575493516969,393.3367155345903,1093.1438733792425,786.6734310691807,2186.287746758485,1573.3468621383613,4372.57549351697,ACCEPTABLE
19.1,109.0,10000,False,6.905781446180137,566.2500808711134,15.003099050571434,160.06711510722482,448.6012860120852,400.1677877680621,1121.5032150302131,800.3355755361242,2243.0064300604263,1600.6711510722484,4486.012860120853,ACCEPTABLE
19.2,104.5,10000,False,8.29912382632892,797.5396849865066,11.808623637212039,227.21066084537568,633.4168350301205,568.0266521134394,1583.5420875753014,1136.0533042268787,3167.0841751506027,2272.1066084537574,6334.1683503012055,POOR
19.2,104.6,10000,False,8.037918795362332,741.4777073947178,11.940936341577034,213.55469389167547,590.8705304017266,533.8867347291887,1477.1763260043165,1067.7734694583773,2954.352652008633,2135.5469389167547,5908.705304017266,ACCEPTABLE
19.2,104.7,10000,False,7.777271857854071,686.7098631700286,12.09078007704774,196.45028190484456,549.175459705844,491.12570476211147,1372.9386492646101,982.2514095242229,2745.8772985292203,1964.5028190484459,5491.754597058441,ACCEPTABLE
19.2,104.8,10000,False,7.517511717206357,633.2548474248387,11.808623637212039,183.32365327398077,507.7982948355662,458.30913318495186,1269.4957370889156,916.6182663699037,2538.991474177831,1833.2365327398074,5077.982948355662,ACCEPTABLE
19.2,104.9,10000,False,7.259171750628866,581.1704287581755,11.940936341577034,168.19496476308956,466.6709681849069,420.48741190772387,1166.677420462267,840.9748238154477,2333.354840924534,1681.9496476308955,4666.709681849068,ACCEPTABLE
19.2,105.0,10000,False,7.003111066562122,530.5807884759356,12.09078007704774,155.1782487215975,422.291799395031,387.9456218039938,1055.7294984875775,775.8912436079876,2111.458996975155,1551.7824872159752,4222.91799395031,ACCEPTABLE
19.2,105.1,10000,False,6.750702584465643,481.71980259260954,12.370176169049083,140.762703595885,379.4623249475404,351.90675898971244,948.6558123688511,703.8135179794249,1897.3116247377022,1407.6270359588498,3794.6232494754045,ACCEPTABLE
19.2,105.2,10000,False,6.504109157662923,434.9952841698007,13.040441816399598,125.92839544318934,343.00557317162145,314.8209886079734,857.5139329290535,629.6419772159468,1715.027865858107,1259.2839544318936,3430.055731716214,ACCEPTABLE
19.2,105.3,10000,False,6.266636798635736,391.07138802345565,14.608768428038143,111.70883370267589,309.6937688256383,279.2720842566898,774.2344220640957,558.5441685133796,1548.4688441281914,1117.0883370267593,3096.937688256383,ACCEPTABLE
19.2,105.4,10000,False,6.0430352134784,350.9378758098804,17.830390453031267,100.27983157334006,278.1469326498484,250.69957893335015,695.3673316246211,501.3991578667003,1390.7346632492422,1002.7983157334006,2781.4693264984844,ACCEPTABLE
19.2,105.5,10000,False,5.839351518721452,315.87211590018995,23.485851056703744,89.62865469949293,250.03537668707145,224.07163674873237,625.0884417176787,448.14327349746475,1250.1768834353575,896.2865469949295,2500.353766870715,ACCEPTABLE
19.2,105.6,10000,False,5.661716574812078,287.14336033451565,24.39176107513299,80.55731783770862,224.3714107497188,201.39329459427154,560.928526874297,402.7865891885431,1121.857053748594,805.5731783770862,2243.714107497188,ACCEPTABLE
19.2,105.7,10000,False,5.514051668782202,265.4401026485783,23.779429914470914,74.03458600970048,206.38375811424694,185.0864650242512,515.9593952856173,370.1729300485024,1031.9187905712347,740.3458600970048,2063.8375811424694,ACCEPTABLE
19.2,105.8,10000,False,5.396428423201654,250.41399886185624,27.931870866682743,70.01489006064287,194.9740852343199,175.03722515160717,487.4352130857998,350.07445030321435,974.8704261715995,700.1489006064287,1949.740852343199,GOOD
19.2,105.9,10000,False,5.306010306171142,240.8480898170176,26.782069168189665,66.56067595362285,187.29972480590655,166.4016898840572,468.24931201476636,332.8033797681144,936.4986240295327,665.6067595362288,1872.9972480590654,GOOD
19.2,106.0,10000,False,5.239585192210241,235.29698816045953,25.666383646834078,64.5227688683673,182.60520390273712,161.3069221709182,456.5130097568429,322.6138443418364,913.0260195136858,645.2276886836728,1826.0520390273716,GOOD
19.2,106.1,10000,True,5.195336502911333,232.59774548904434,25.84644196416424,63.42807702978282,180.08729113138108,158.57019257445705,450.2182278284527,317.1403851489141,900.4364556569054,634.2807702978282,1800.8729113138108,GOOD
19.2,106.2,10000,True,5.173322271469678,232.01961492404507,26.277289792994882,63.83025207748898,179.03245125441634,159.57563019372242,447.58112813604083,319.15126038744484,895.1622562720817,638.3025207748897,1790.3245125441633,GOOD
19.2,106.3,10000,True,5.175409581230205,233.20702416182908,26.47838611384381,64.02941569653159,179.40022488085188,160.07353924132897,448.5005622021297,320.14707848265795,897.0011244042594,640.2941569653159,1794.0022488085187,GOOD
19.2,106.4,10000,False,5.205251837623129,236.08598234746805,26.276826471071416,64.65107673413077,181.1229672537592,161.6276918353269,452.80741813439806,323.2553836706538,905.6148362687961,646.5107673413077,1811.2296725375923,GOOD
19.2,106.5,10000,False,5.268529257625057,240.80340164628714,25.628083971455624,65.17537718636669,184.3079360813011,162.93844296591675,460.76984020325284,325.8768859318335,921.5396804065057,651.753771863667,1843.0793608130114,GOOD
19.2,106.6,10000,False,5.373554978635546,247.71269213705665,24.534653896085732,66.97625253762898,189.2254601053491,167.44063134407247,473.0636502633728,334.88126268814494,946.1273005267456,669.7625253762899,1892.2546010534911,GOOD
19.2,106.7,10000,False,5.532405729560783,257.40760405540567,23.015656164019028,69.24139025797498,196.33481535523268,173.1034756449375,490.8370383880817,346.206951289875,981.6740767761634,692.41390257975,1963.3481535523267,GOOD
19.2,106.8,10000,False,5.76291384028287,270.8154849466535,21.099245670716478,72.23251021213775,206.5178879640896,180.5812755303444,516.2947199102241,361.1625510606888,1032.5894398204482,722.3251021213777,2065.1788796408964,ACCEPTABLE
19.2,106.9,10000,False,6.092230642294576,289.38398457171195,18.826305093324404,76.63072486529497,220.74591072145728,191.57681216323743,551.8647768036433,383.15362432647487,1103.7295536072866,766.3072486529497,2207.459107214573,ACCEPTABLE
19.2,107.0,10000,False,6.5635103324689545,315.4434346980348,16.262821966396903,83.2165261962345,240.80573125793114,208.04131549058627,602.0143281448278,416.08263098117254,1204.0286562896556,832.1652619623451,2408.057312579311,ACCEPTABLE
19.2,107.1,10000,False,7.249354259336359,352.94342052768275,9.030639859565193,93.0125503661834,269.75631369825703,232.53137591545854,674.3907842456425,465.0627518309171,1348.781568491285,930.1255036618342,2697.56313698257,ACCEPTABLE
19.2,107.2,10000,False,8.281525883493927,409.0855768751182,4.6434378324789325,108.06207360722551,313.1669904141469,270.1551840180638,782.9174760353674,540.3103680361276,1565.8349520707347,1080.620736072255,3131.6699041414695,ACCEPTABLE
19.2,107.3,10000,False,9.925632645278377,498.4298847094563,8.638421648867153,132.2075391009573,382.2263264053663,330.51884775239324,955.5658160134158,661.0376955047865,1911.1316320268315,1322.075391009573,3822.263264053663,ACCEPTABLE
19.2,107.4,10000,False,12.806882721689474,655.3079989987639,5.32028830733371,172.81070862604608,503.8906324278355,432.02677156511515,1259.7265810695887,864.0535431302303,2519.4531621391775,1728.1070862604606,5038.906324278355,ACCEPTABLE
19.2,107.5,10000,False,18.82493364851652,984.1236073494908,4.918677888318006,256.82007447951094,759.2055143385799,642.0501861987773,1898.0137858464498,1284.1003723975546,3796.0275716928995,2568.200744795109,7592.055143385799,POOR
19.2,107.6,10000,False,37.754371445834806,2022.251363733971,6.468258419031736,537.6375024749416,1564.0182445396595,1344.0937561873538,3910.045611349148,2688.1875123747077,7820.091222698296,5376.375024749415,15640.182445396593,POOR
19.2,107.7,10000,False,1016.8499443184502,55961.85992470398,7.95073498374238,15329.635201878904,44334.11317327182,38324.08800469727,110835.28293317955,76648.17600939453,221670.5658663591,153296.35201878907,443341.1317327182,VERY POOR
19.2,107.8,10000,False,35.50379200011336,2012.5618422043822,9.56271323258704,540.5273377015897,1570.3007291615652,1351.318344253974,3925.7518229039133,2702.636688507948,7851.503645807827,5405.273377015896,15703.007291615653,POOR
19.2,107.9,10000,False,18.499495946899202,1082.1546469841028,2.667066805401463,296.79641507398856,845.0275085409233,741.9910376849714,2112.5687713523084,1483.9820753699428,4225.137542704617,2967.9641507398856,8450.275085409234,POOR
19.2,108.0,10000,False,12.879874475217612,778.369682277399,6.530303389957041,211.90675328101554,606.8974532403432,529.7668832025388,1517.243633100858,1059.5337664050776,3034.487266201716,2119.067532810155,6068.974532403432,POOR
19.2,108.1,10000,False,10.185885314854302,636.1720865448696,5.590613576346836,177.43531576033251,495.64544023935383,443.5882894008313,1239.1136005983847,887.1765788016626,2478.2272011967693,1774.3531576033251,4956.454402393539,ACCEPTABLE
19.2,108.2,10000,False,8.67797600707478,559.9778515849814,13.149546686984033,156.0776400724614,441.85971669049997,390.19410018115354,1104.64929172625,780.3882003623071,2209.2985834525,1560.7764007246142,4418.597166905,ACCEPTABLE
19.2,108.3,10000,False,7.768716523307496,517.5582384323258,6.080660276051855,146.57464567986887,411.4003606726345,366.43661419967214,1028.5009016815866,732.8732283993443,2057.001803363173,1465.7464567986885,4114.003606726346,ACCEPTABLE
19.2,108.4,10000,False,7.203936264127029,495.0153910426543,12.987140841920075,138.07740291096235,393.51018944841707,345.1935072774059,983.7754736210425,690.3870145548118,1967.550947242085,1380.7740291096236,3935.10189448417,ACCEPTABLE
19.2,108.5,10000,False,6.855418693027735,485.38024040197314,14.074549556077272,137.2453668170037,382.93958378663433,343.1134170425093,957.3489594665858,686.2268340850186,1914.6979189331716,1372.4536681700372,3829.3958378663433,ACCEPTABLE
19.2,108.6,10000,False,6.651304776401079,484.78172935216276,11.879891809418387,135.37663924162297,382.15738934200806,338.44159810405745,955.3934733550202,676.8831962081149,1910.7869467100404,1353.7663924162298,3821.573893420081,ACCEPTABLE
19.2,108.7,10000,False,6.548118940402922,490.905416207212,11.341485390089586,139.7848949027799,388.8085448265258,349.4622372569497,972.0213620663146,698.9244745138994,1944.0427241326292,1397.8489490277989,3888.0854482652585,ACCEPTABLE
19.2,108.8,10000,False,6.517997121375072,502.28916560567325,18.94815265677308,143.57235809373753,398.5581854690438,358.9308952343439,996.3954636726096,717.8617904686878,1992.7909273452192,1435.7235809373756,3985.5818546904384,ACCEPTABLE
19.2,108.9,10000,False,6.542266407835495,517.9691985278778,7.289553174342062,146.26896565745778,409.0771597046508,365.67241414364446,1022.6928992616271,731.3448282872889,2045.3857985232542,1462.6896565745778,4090.7715970465083,ACCEPTABLE
19.2,109.0,10000,False,6.60796344501542,537.28854667238,10.821124551993526,151.20823191323439,421.9469999390979,378.02057978308596,1054.8674998477447,756.0411595661719,2109.7349996954895,1512.0823191323439,4219.469999390979,ACCEPTABLE
19.3,104.5,10000,False,7.987666288725999,732.0223694590562,10.699556208363804,210.90600945465002,583.139035714013,527.2650236366251,1457.8475892850327,1054.5300472732501,2915.6951785700653,2109.0600945465003,5831.390357140131,ACCEPTABLE
19.3,104.6,10000,False,7.730458113691387,679.3251216652648,11.143177713980924,194.27246915943033,542.8886262125502,485.6811728985759,1357.2215655313757,971.3623457971518,2714.4431310627515,1942.7246915943035,5428.886262125503,ACCEPTABLE
19.3,104.7,10000,False,7.474911636638815,628.2418764781039,11.835892958572057,181.04003134527926,503.34331892270507,452.6000783631983,1258.3582973067628,905.2001567263966,2516.7165946135256,1810.4003134527932,5033.433189227051,ACCEPTABLE
19.3,104.8,10000,False,7.221567080811475,578.8469159288527,10.699556208363804,168.35308673444285,464.6720031349025,420.8827168361071,1161.6800078372564,841.7654336722142,2323.360015674513,1683.5308673444283,4646.720031349026,ACCEPTABLE
19.3,104.9,10000,False,6.9711781091369645,531.2569945751118,11.143177713980924,154.36446005803512,424.3041997536698,385.9111501450878,1060.7604993841746,771.8223002901756,2121.5209987683493,1543.6446005803512,4243.041997536699,ACCEPTABLE
19.3,105.0,10000,False,6.724795703628072,485.6502418017501,11.835892958572057,142.20369514984037,384.5050629165355,355.5092378746009,961.2626572913387,711.0184757492018,1922.5253145826773,1422.0369514984036,3845.0506291653546,ACCEPTABLE
19.3,105.1,10000,False,6.4838756178268415,442.2905804179895,12.97979027589884,129.16311059227155,347.5850723276093,322.9077764806788,868.9626808190231,645.8155529613576,1737.9253616380463,1291.6311059227153,3475.8507232760926,ACCEPTABLE
19.3,105.2,10000,False,6.250398854655057,401.55481157687285,14.871335291467865,115.75716173000235,317.30151885657585,289.3929043250059,793.2537971414396,578.7858086500117,1586.5075942828792,1157.5716173000235,3173.0151885657583,ACCEPTABLE
19.3,105.3,10000,False,6.0269655482647035,363.9519440637719,17.88191484834018,105.03373642452438,287.9960791218115,262.58434106131097,719.9901978045286,525.1686821226219,1439.9803956090573,1050.3373642452439,2879.9607912181145,ACCEPTABLE
19.3,105.4,10000,False,5.8167702507262,330.110766243802,22.396674966278628,94.27043336979361,261.36212039660285,235.67608342448403,653.4053009915071,471.35216684896807,1306.8106019830143,942.7043336979361,2613.6212039660286,ACCEPTABLE
19.3,105.5,10000,False,5.623315248507289,300.69837658584,24.84100505351015,85.37900988321817,237.78779140551757,213.44752470804542,594.4694785137939,426.89504941609084,1188.9389570275878,853.7900988321817,2377.8779140551756,ACCEPTABLE
19.3,105.6,10000,False,5.449768757342528,276.24527390389227,23.62959155782652,78.19507217730828,216.7998662611746,195.48768044327068,541.9996656529365,390.97536088654135,1083.999331305873,781.9507217730827,2167.998662611746,ACCEPTABLE
19.3,105.7,10000,False,5.298153009925804,256.9249100302483,24.786640402927837,71.60538209309627,199.55629470553316,179.01345523274065,498.89073676383293,358.0269104654813,997.7814735276659,716.0538209309626,1995.5629470553317,GOOD
19.3,105.8,10000,False,5.168898718141801,242.43035354114687,29.243687727009558,67.77130349743075,188.1410279534708,169.42825874357686,470.352569883677,338.8565174871537,940.705139767354,677.7130349743074,1881.410279534708,GOOD
19.3,105.9,10000,False,5.061185065264455,232.06606395418234,30.790070910303026,64.45494715950875,180.1550399104279,161.13736789877183,450.3875997760697,322.27473579754366,900.7751995521394,644.5494715950873,1801.5503991042788,GOOD
19.3,106.0,10000,False,4.97383009777,224.99613911719413,28.380766946486762,62.39698275332093,174.29116689545356,155.99245688330234,435.727917238634,311.9849137666047,871.455834477268,623.9698275332094,1742.911668954536,GOOD
19.3,106.1,10000,True,4.906133353038363,220.47643043442457,27.459731548278796,60.56058313514522,170.39746113507948,151.40145783786306,425.9936528376986,302.8029156757261,851.9873056753972,605.6058313514523,1703.9746113507945,GOOD
19.3,106.2,10000,True,4.858368336709772,217.97052457763328,27.2505761066586,60.098179914033516,168.06313069203114,150.2454497850838,420.1578267300779,300.4908995701676,840.3156534601558,600.9817991403352,1680.6313069203115,GOOD
19.3,106.3,10000,True,4.832015541200815,217.16706087152053,27.198662461780142,60.02504140717828,167.05083706216485,150.06260351794572,417.6270926554122,300.12520703589144,835.2541853108244,600.2504140717829,1670.5083706216487,GOOD
19.3,106.4,10000,True,4.829943094814257,217.95600784140655,26.991406103855645,60.608007048717624,167.2024689796362,151.52001762179407,418.0061724490904,303.04003524358814,836.0123448981808,606.0800704871763,1672.0246897963616,GOOD
19.3,106.5,10000,False,4.856699704651357,220.40553883378172,26.47397372707534,60.77173948958081,168.61251884923894,151.92934872395205,421.5312971230974,303.8586974479041,843.0625942461947,607.7173948958082,1686.1251884923895,GOOD
19.3,106.6,10000,False,4.919051577414978,224.7595220185685,25.576267126091153,60.99824678874579,171.52757479090548,152.49561697186448,428.8189369772636,304.99123394372896,857.6378739545272,609.9824678874579,1715.2757479090544,GOOD
19.3,106.7,10000,False,5.026930570701775,231.4665784043092,24.271905620631788,62.74377289178037,176.29470541656576,156.85943222945093,440.73676354141435,313.71886445890186,881.4735270828287,627.4377289178037,1762.9470541656574,GOOD
19.3,106.8,10000,False,5.195091183318709,241.2549755306135,22.561326752330103,65.22198797601959,183.47985787164936,163.05496994004898,458.6996446791234,326.10993988009795,917.3992893582468,652.2198797601959,1834.7985787164937,GOOD
19.3,106.9,10000,False,5.44607378220554,255.2833626889664,20.471116184880636,68.42202674843904,194.06489510568437,171.0550668710976,485.162237764211,342.1101337421952,970.324475528422,684.2202674843904,1940.648951056844,GOOD
19.3,107.0,10000,False,5.815761162601945,275.4351367488469,17.610032319590477,73.22872797516933,209.52659518921342,183.07181993792332,523.8164879730336,366.14363987584665,1047.6329759460673,732.2872797516933,2095.2659518921346,ACCEPTABLE
19.3,107.1,10000,False,6.364536551381032,304.917815314836,7.198972863996109,80.63334048780257,232.2445517488157,201.5833512195064,580.6113793720392,403.1667024390128,1161.2227587440784,806.3334048780256,2322.445517488157,ACCEPTABLE
19.3,107.2,10000,False,7.201862216696091,349.5891201747732,6.211827300872552,92.57619743112798,266.74845679589805,231.44049357781995,666.8711419897452,462.8809871556399,1333.7422839794904,925.7619743112798,2667.4845679589807,ACCEPTABLE
19.3,107.3,10000,False,8.54771761429524,421.27533448050076,1.2467379567894747,111.92758778197151,321.87510469275105,279.8189694549287,804.6877617318777,559.6379389098574,1609.3755234637554,1119.2758778197149,3218.7510469275107,ACCEPTABLE
19.3,107.4,10000,False,10.91675903240049,547.7187548132792,1.1432660255298206,146.18983926063692,420.22213552559424,365.4745981515923,1050.5553388139856,730.9491963031846,2101.110677627971,1461.8983926063693,4202.221355255942,ACCEPTABLE
19.3,107.5,10000,False,15.853957460271316,812.3090361132543,1.9084069730128186,211.7318079640807,625.7183345370993,529.3295199102017,1564.295836342748,1058.6590398204034,3128.591672685496,2117.318079640807,6257.183345370992,POOR
19.3,107.6,10000,False,31.069928873780345,1631.422360997493,4.679832665586934,433.858915751738,1260.6833115507743,1084.647289379345,3151.7082788769358,2169.29457875869,6303.4165577538715,4338.58915751738,12606.833115507743,POOR
19.3,107.7,10000,False,3749.6675628846124,202484.2588878694,7.939301640259578,55757.85392605107,158670.97011361542,139394.6348151277,396677.4252840385,278789.2696302554,793354.850568077,557578.5392605108,1586709.701136154,VERY POOR
19.3,107.8,10000,False,31.518456676764483,1755.8310041210202,8.46376497002098,473.6286054585197,1369.3322574477686,1184.0715136462995,3423.3306436194216,2368.143027292599,6846.661287238843,4736.286054585198,13693.322574477686,POOR
19.3,107.9,10000,False,16.197169346053336,932.9542024381064,3.518914494887875,253.165538581129,728.0909857216111,632.9138464528224,1820.2274643040278,1265.8276929056449,3640.4549286080555,2531.6553858112898,7280.909857216111,POOR
19.3,108.0,10000,False,11.290420135688144,673.2103545917324,7.003214552616951,184.70272072718052,523.7667025644585,461.75680181795127,1309.4167564111465,923.5136036359025,2618.833512822293,1847.027207271805,5237.667025644586,ACCEPTABLE
19.3,108.1,10000,False,8.987986240044116,554.8503756132894,4.945240600161526,154.45513909631876,433.5754410086306,386.13784774079693,1083.9386025215767,772.2756954815939,2167.8772050431535,1544.5513909631877,4335.754410086307,ACCEPTABLE
19.3,108.2,10000,False,7.730097401451031,493.7014899462282,7.2048949412969385,140.8211081414891,390.6043767042173,352.05277035372274,976.5109417605432,704.1055407074455,1953.0218835210865,1408.211081414891,3906.043767042173,ACCEPTABLE
19.3,108.3,10000,False,6.996100375132905,461.72551028577107,14.22299745770604,128.57904474597535,366.88192015197694,321.4476118649384,917.2048003799423,642.8952237298768,1834.4096007598846,1285.7904474597535,3668.819201519769,ACCEPTABLE
19.3,108.4,10000,False,6.562005776600054,446.91622177221706,4.550973057399288,125.12078793193217,352.52090256171505,312.80196982983045,881.3022564042876,625.6039396596609,1762.6045128085752,1251.2078793193218,3525.2090256171505,ACCEPTABLE
19.3,108.5,10000,False,6.315174111381984,443.2839356028759,18.34134676544848,122.91990350938255,349.3270304837657,307.29975877345635,873.3175762094143,614.5995175469127,1746.6351524188285,1229.1990350938254,3493.270304837657,ACCEPTABLE
19.3,108.6,10000,False,6.192618060839854,447.5171218332165,11.322447093135596,128.22414691676758,353.42783347206023,320.56036729191896,883.5695836801506,641.1207345838379,1767.1391673603011,1282.2414691676759,3534.2783347206023,ACCEPTABLE
19.3,108.7,10000,False,6.156324988977886,457.6455958333654,16.747044797259296,129.9009093727542,361.9987131126662,324.75227343188544,904.9967827816656,649.5045468637709,1809.9935655633312,1299.0090937275418,3619.9871311266625,ACCEPTABLE
19.3,108.8,10000,False,6.182014906112864,472.43150539883214,16.061655889488254,134.13667014111292,371.6965114866232,335.3416753527823,929.2412787165581,670.6833507055646,1858.4825574331162,1341.3667014111293,3716.9651148662324,ACCEPTABLE
19.3,108.9,10000,False,6.253489756088617,491.0638782154422,17.724150810275663,138.27999708140928,383.7869360575307,345.6999927035232,959.4673401438267,691.3999854070464,1918.9346802876535,1382.7999708140928,3837.869360575307,ACCEPTABLE
19.3,109.0,10000,False,6.35956586935741,512.993591654701,16.534816628235514,146.05355311354805,399.2598626369619,365.1338827838701,998.1496565924048,730.2677655677402,1996.2993131848095,1460.5355311354804,3992.598626369619,ACCEPTABLE
19.4,104.5,10000,False,7.7216683557469885,679.9564819613914,10.769210980234792,194.90145976397753,542.7783880060283,487.2536494099438,1356.9459700150708,974.5072988198876,2713.8919400301415,1949.0145976397753,5427.783880060283,ACCEPTABLE
19.4,104.6,10000,False,7.4686503341640105,630.4937030341775,11.78151494563384,180.60747371319457,504.606984412378,451.5186842829863,1261.517461030945,903.0373685659727,2523.03492206189,1806.0747371319453,5046.06984412378,ACCEPTABLE
19.4,104.7,10000,False,7.218039833428558,582.8696100473617,13.217065186523277,168.9864395329235,467.306126732965,422.46609883230883,1168.2653168324125,844.9321976646177,2336.530633664825,1689.8643953292353,4673.06126732965,ACCEPTABLE
19.4,104.8,10000,False,6.97045022078897,537.1795509270412,10.769210980234792,155.62287428746362,430.64683815088955,389.05718571865907,1076.617095377224,778.1143714373181,2153.234190754448,1556.2287428746363,4306.468381508896,ACCEPTABLE
19.4,104.9,10000,False,6.726676893820353,493.5539632187704,11.78151494563384,144.50753644561274,392.78481421219783,361.268841114032,981.9620355304946,722.537682228064,1963.9240710609893,1445.075364456128,3927.8481421219785,ACCEPTABLE
19.4,105.0,10000,False,6.4877451709139695,452.16820350424325,13.217065186523277,132.3634737628691,356.8561399361241,330.9086844071727,892.1403498403103,661.8173688143454,1784.2806996806205,1323.6347376286908,3568.561399361241,ACCEPTABLE
19.4,105.1,10000,False,6.254959355733232,413.25204652638786,15.248084204553091,120.62260693136207,325.14052814440873,301.5565173284052,812.8513203610216,603.1130346568104,1625.7026407220433,1206.2260693136209,3251.4052814440865,ACCEPTABLE
19.4,105.2,10000,False,6.029938490893237,377.09486625460136,18.07619051313959,108.80957565313153,297.8693612679558,272.0239391328288,744.6734031698895,544.0478782656576,1489.346806339779,1088.0957565313151,2978.693612679558,ACCEPTABLE
19.4,105.3,10000,False,5.814610662870244,344.0389019339918,21.91485150324999,99.60470809619878,271.9492530974127,249.01177024049696,679.8731327435315,498.0235404809939,1359.746265487063,996.0470809619878,2719.492530974126,ACCEPTABLE
19.4,105.4,10000,False,5.611124116701678,314.4495702304308,24.47768286874342,89.8202737634491,248.6481926098037,224.55068440862277,621.6204815245093,449.10136881724554,1243.2409630490185,898.2027376344911,2486.481926098037,ACCEPTABLE
19.4,105.5,10000,False,5.421637362342803,288.6533463391661,23.517667867179412,82.31045340697844,228.0367082611184,205.7761335174461,570.0917706527962,411.5522670348922,1140.1835413055924,823.1045340697844,2280.3670826111847,ACCEPTABLE
19.4,105.6,10000,False,5.247999992056338,266.8478834141011,23.749382763279414,76.11201419422882,210.36086526945545,190.28003548557206,525.9021631736387,380.5600709711441,1051.8043263472773,761.1201419422882,2103.6086526945546,ACCEPTABLE
19.4,105.7,10000,False,5.091434427733645,249.01628167505987,26.042099855231278,69.80445764311071,193.70463014627106,174.51114410777677,484.2615753656777,349.02228821555354,968.5231507313554,698.0445764311071,1937.0463014627107,GOOD
19.4,105.8,10000,False,4.952400399230798,234.89625105167895,30.59860020808494,66.01876174121176,181.85233870865105,165.0469043530294,454.63084677162766,330.0938087060588,909.2616935432553,660.1876174121176,1818.5233870865106,GOOD
19.4,105.9,10000,False,4.830755755322513,224.0335610015296,34.42534306222343,62.84268273238947,173.28604353161387,157.10670683097368,433.2151088290347,314.21341366194736,866.4302176580694,628.4268273238947,1732.8604353161388,GOOD
19.4,106.0,10000,False,4.726143884446939,215.89476271353095,31.679576633616353,60.30366964486956,166.8878985776909,150.7591741121739,417.2197464442272,301.5183482243478,834.4394928884544,603.0366964486956,1668.8789857769088,GOOD
19.4,106.1,10000,False,4.638424847240236,209.98078528826886,30.19335435763535,58.566812474924966,161.91430743829432,146.41703118731243,404.7857685957357,292.83406237462486,809.5715371914714,585.6681247492497,1619.1430743829428,GOOD
19.4,106.2,10000,True,4.568020654831709,205.8999891587091,29.50703200311953,56.96065315915152,158.3566038397943,142.4016328978788,395.8915095994858,284.8032657957576,791.7830191989716,569.6065315915152,1583.5660383979432,GOOD
19.4,106.3,10000,True,4.5161667085027215,203.39688442327162,29.179087625522232,56.779522480014364,156.02037061279478,141.9488062000359,390.05092653198693,283.8976124000718,780.1018530639739,567.7952248001436,1560.2037061279477,GOOD
19.4,106.4,10000,True,4.485138795071677,202.35478786551516,28.885365647825676,56.184076832285974,154.81853372644508,140.46019208071493,387.04633431611273,280.92038416142987,774.0926686322255,561.8407683228597,1548.185337264451,GOOD
19.4,106.5,10000,True,4.478548377561273,202.79268561647385,28.418867511334653,56.95182652993851,154.76902448141107,142.37956632484628,386.9225612035277,284.75913264969256,773.8451224070554,569.5182652993851,1547.6902448141109,GOOD
19.4,106.6,10000,True,4.501811176293576,204.87103657858825,27.655996490090054,56.886847863499014,155.99930636102124,142.2171196587475,389.99826590255316,284.434239317495,779.9965318051063,568.86847863499,1559.9930636102126,GOOD
19.4,106.7,10000,False,4.562934594521046,208.91785425541022,26.52626773597513,57.03993476631172,158.7664852694662,142.5998369157793,396.91621317366554,285.1996738315586,793.8324263473311,570.3993476631172,1587.6648526946622,GOOD
19.4,106.8,10000,False,4.673875465796855,215.48901360069368,24.995802928403588,58.59040257873394,163.50065234790623,146.47600644683484,408.75163086976556,292.9520128936697,817.5032617395311,585.9040257873394,1635.0065234790623,GOOD
19.4,106.9,10000,False,4.852961292766859,225.48844302528454,23.065499733479005,61.067977112367345,170.8533392696827,152.66994278091835,427.13334817420673,305.3398855618367,854.2666963484135,610.6797711236734,1708.533392696827,GOOD
19.4,107.0,10000,False,5.129427181685358,240.40339686711397,16.0786479996087,64.5222464825298,182.07394720734723,161.30561620632446,455.1848680183681,322.6112324126489,910.3697360367362,645.2224648252978,1820.7394720734724,GOOD
19.4,107.1,10000,False,5.5525144209118675,262.7842688894939,4.232541471227709,70.01107362962799,199.22312278961044,175.02768407406998,498.0578069740261,350.05536814813996,996.1156139480522,700.1107362962799,1992.2312278961044,GOOD
19.4,107.2,10000,False,6.211454982736428,297.3047837509377,6.885462175264963,78.98122233161479,225.6933007274551,197.453055829037,564.2332518186378,394.906111658074,1128.4665036372755,789.812223316148,2256.933007274551,ACCEPTABLE
19.4,107.3,10000,False,7.285171387341038,353.40307356837604,4.797405009579882,94.0916344542525,269.14517887777095,235.2290861356313,672.8629471944273,470.4581722712626,1345.7258943888546,940.9163445425252,2691.451788777709,ACCEPTABLE
19.4,107.4,10000,False,9.19001257372134,453.13362067843417,5.529104341765444,121.24450960181574,346.6581845817633,303.1112740045394,866.6454614544082,606.2225480090788,1733.2909229088164,1212.4450960181575,3466.5818458176327,ACCEPTABLE
19.4,107.5,10000,False,13.16149730094468,662.0794765603673,2.9800152265357465,174.46835446293022,509.0012671817409,436.1708861573256,1272.5031679543524,872.3417723146512,2545.006335908705,1744.6835446293023,5090.01267181741,ACCEPTABLE
19.4,107.6,10000,False,25.186418252364643,1298.2640650662381,5.078106804020827,344.48684127024046,1002.1428153345528,861.2171031756013,2505.357038336382,1722.4342063512026,5010.714076672764,3444.8684127024053,10021.428153345529,POOR
19.4,107.7,10000,False,619.6322588648401,32877.30451462986,6.530303389957041,8850.326880073342,26335.343305556005,22125.81720018336,65838.35826389001,44251.63440036672,131676.71652778002,88503.26880073344,263353.43305556005,VERY POOR
19.4,107.8,10000,False,27.605033210347564,1513.7636744554743,6.973940093541237,411.84684217376844,1179.945533974125,1029.617105434421,2949.8638349353128,2059.234210868842,5899.7276698706255,4118.468421737684,11799.455339741251,POOR
19.4,107.9,10000,False,13.99498733873175,795.3454615248451,1.8230166649542794,214.00472526903417,620.2243378632683,535.0118131725854,1550.5608446581705,1070.023626345171,3101.121689316341,2140.047252690342,6202.243378632682,POOR
19.4,108.0,10000,False,9.790861742323157,577.3282503868326,9.263567088405177,159.83085911973654,447.8101780862693,399.57714779934133,1119.5254452156732,799.1542955986827,2239.0508904313465,1598.3085911973653,4478.101780862693,ACCEPTABLE
19.4,108.1,10000,False,7.87136472265778,481.41510905959984,9.406534261169313,134.95905944909344,378.3754604866469,337.39764862273364,945.9386512166174,674.7952972454673,1891.8773024332347,1349.5905944909346,3783.7546048664694,ACCEPTABLE
19.4,108.2,10000,False,6.857751158684441,434.43045779254004,7.651314715818661,121.8066234084962,344.2789035357186,304.5165585212404,860.6972588392964,609.0331170424809,1721.3945176785928,1218.0662340849617,3442.7890353571856,ACCEPTABLE
19.4,108.3,10000,False,6.295096984247788,412.30446775084414,16.06321986599695,114.82904951542066,324.6966884425511,287.0726237885517,811.7417211063778,574.1452475771034,1623.4834422127556,1148.2904951542068,3246.966884425511,ACCEPTABLE
19.4,108.4,10000,False,5.988748427523793,404.8071007067921,6.571441238403608,112.44589838388809,318.8728722360959,281.11474595972027,797.1821805902396,562.2294919194405,1594.3643611804791,1124.458983838881,3188.7287223609583,ACCEPTABLE
19.4,108.5,10000,False,5.8411341150384,406.86558178202716,9.83001689242644,116.92368619616889,320.2763999880127,292.30921549042216,800.6909999700316,584.6184309808443,1601.3819999400632,1169.2368619616886,3202.7639998801264,ACCEPTABLE
19.4,108.6,10000,False,5.797872176958492,415.69256296879985,15.092685458850593,117.42871909627038,327.54585159369583,293.57179774067595,818.8646289842395,587.1435954813519,1637.729257968479,1174.2871909627038,3275.458515936958,ACCEPTABLE
19.4,108.7,10000,False,5.826293874978226,429.64114125991347,7.182519961743583,122.91462290457245,336.43611991984994,307.28655726143114,841.090299799625,614.5731145228623,1682.18059959925,1229.1462290457246,3364.3611991985,ACCEPTABLE
19.4,108.8,10000,False,5.905663268484126,447.684628438499,17.026880842825022,127.45969844525203,349.5618036436697,318.64924611313006,873.9045091091741,637.2984922262601,1747.8090182183482,1274.5969844525202,3495.6180364366965,ACCEPTABLE
19.4,108.9,10000,False,6.0222540037546395,469.15617771296445,15.67047292202924,131.38067238955188,365.4228810545068,328.4516809738798,913.5572026362669,656.9033619477595,1827.1144052725338,1313.806723895519,3654.2288105450675,ACCEPTABLE
19.4,109.0,10000,False,6.16667265717994,493.60843542546604,9.955187908418358,138.38379622874368,383.4031673753657,345.95949057185925,958.5079184384142,691.9189811437185,1917.0158368768284,1383.837962287437,3834.031673753657,ACCEPTABLE
19.5,104.5,10000,False,7.493040995353966,638.2771672174827,12.051693038472546,182.32283534967917,510.1718117123584,455.807088374198,1275.4295292808963,911.614176748396,2550.8590585617926,1823.228353496792,5101.718117123585,ACCEPTABLE
19.5,104.6,10000,False,7.244040293985601,591.7860668988379,13.63925935423479,170.22433549610665,473.8158716271008,425.5608387402666,1184.539679067752,851.1216774805332,2369.079358135504,1702.2433549610664,4738.158716271008,ACCEPTABLE
19.5,104.7,10000,False,6.997904186143048,547.273156142908,15.699021794181256,159.22126126264354,438.85767168751346,398.0531531566089,1097.1441792187838,796.1063063132178,2194.2883584375677,1592.2126126264357,4388.576716875135,ACCEPTABLE
19.5,104.8,10000,False,6.755238737997686,504.83300984497555,12.051693038472546,146.36917122996698,403.7836121783885,365.92292807491754,1009.4590304459712,731.8458561498351,2018.9180608919423,1463.6917122996701,4037.8361217838847,ACCEPTABLE
19.5,104.9,10000,False,6.516790346211723,464.5846828547153,13.63925935423479,136.69370522582193,368.9622188406335,341.73426306455485,922.4055471015836,683.4685261291097,1844.8110942031672,1366.9370522582194,3689.6221884063343,ACCEPTABLE
19.5,105.0,10000,False,6.283468344100223,426.6749723211896,15.699021794181256,124.89471716345355,336.207291483611,312.23679290863384,840.5182287090275,624.4735858172677,1681.036457418055,1248.9471716345354,3362.07291483611,ACCEPTABLE
19.5,105.1,10000,False,6.056360627911466,391.2792339043608,18.352328480439546,114.22169721368839,307.85564916014073,285.5542430342209,769.6391229003517,571.1084860684418,1539.2782458007034,1142.2169721368837,3078.556491601407,ACCEPTABLE
19.5,105.2,10000,False,5.836731937717014,358.5969442234105,21.72969698426977,103.67598786658723,282.95613953708545,259.1899696664681,707.3903488427136,518.3799393329361,1414.7806976854272,1036.7598786658723,2829.5613953708544,ACCEPTABLE
19.5,105.3,10000,False,5.625990164452883,328.8382078914248,23.591421000693355,95.07622680281203,259.60502578199504,237.6905670070301,649.0125644549876,475.3811340140602,1298.0251289099751,950.7622680281204,2596.0502578199503,ACCEPTABLE
19.5,105.4,10000,False,5.425605817109636,302.1976755562461,22.98668035157407,86.63117114368363,238.6215148811349,216.57792785920907,596.5537872028373,433.15585571841814,1193.1075744056745,866.3117114368363,2386.215148811349,ACCEPTABLE
19.5,105.5,10000,False,5.236980356128953,278.81572135777793,23.071021194128406,79.59531473737064,220.04146375575965,198.98828684342658,550.1036593893992,397.97657368685316,1100.2073187787985,795.9531473737063,2200.414637557597,ACCEPTABLE
19.5,105.6,10000,False,5.061285291728165,258.7343120044948,24.419860315665417,73.775710230941,203.86673565989364,184.43927557735253,509.6668391497341,368.87855115470506,1019.3336782994681,737.7571023094101,2038.6673565989363,ACCEPTABLE
19.5,105.7,10000,False,4.8993272961028085,241.863899672591,27.408378825237357,68.69305746194004,189.5302206910074,171.73264365485014,473.8255517275186,343.4652873097003,947.6511034550372,686.9305746194005,1895.3022069100743,GOOD
19.5,105.8,10000,False,4.751507720365831,227.97976984602005,31.95821012827844,63.79318798586942,176.46631444199983,159.48296996467354,441.16578610499965,318.9659399293471,882.3315722099993,637.9318798586942,1764.6631444199986,GOOD
19.5,105.9,10000,False,4.617913338534411,216.75502909331493,37.30218689231565,60.95732108969937,167.16928989251397,152.39330272424843,417.9232247312849,304.78660544849686,835.8464494625698,609.5732108969937,1671.6928989251396,GOOD
19.5,106.0,10000,False,4.498514292813411,207.81856665936422,34.73135295549824,58.540256847495975,160.01586519561135,146.35064211873993,400.0396629890284,292.70128423747985,800.0793259780568,585.4025684749597,1600.1586519561135,GOOD
19.5,106.1,10000,False,4.393405142137952,200.81533970851615,33.14292509109856,56.68653933507096,154.44834860373123,141.7163483376774,386.1208715093281,283.4326966753548,772.2417430186562,566.8653933507096,1544.4834860373123,GOOD
19.5,106.2,10000,False,4.303034793272053,195.4511076275144,32.27843149245237,55.11887191522304,149.8908402514885,137.7971797880576,374.7271006287213,275.5943595761152,749.4542012574426,551.1887191522304,1498.9084025148852,GOOD
19.5,106.3,10000,True,4.228412179600868,191.51693523310496,31.825608207376693,54.008608321935306,146.43760467477478,135.02152080483827,366.094011686937,270.04304160967655,732.188023373874,540.0860832193531,1464.376046747748,GOOD
19.5,106.4,10000,True,4.171313920814843,188.89919996850477,31.507704112565417,53.44393667028416,144.00368765270787,133.6098416757104,360.0092191317697,267.2196833514208,720.0184382635395,534.4393667028417,1440.036876527079,GOOD
19.5,106.5,10000,True,4.134546237893466,187.58458747490235,31.114220971772728,53.36509842287031,142.5820074247506,133.41274605717578,356.4550185618765,266.82549211435156,712.910037123753,533.6509842287031,1425.820074247506,GOOD
19.5,106.6,10000,True,4.122336497413677,187.66932853179173,30.495994440211742,53.22377760756322,142.25052667115304,133.05944401890807,355.6263166778826,266.11888803781613,711.2526333557652,532.2377760756323,1422.5052667115303,GOOD
19.5,106.7,10000,True,4.140970110244014,189.38169167621757,29.550138515602047,53.00517323915719,143.18961610218864,132.51293309789298,357.97404025547155,265.02586619578597,715.9480805109431,530.0517323915719,1431.8961610218862,GOOD
19.5,106.8,10000,False,4.199875747876816,193.12953157089862,28.20909473450112,53.206691331695545,145.71863501341568,133.01672832923884,364.29658753353925,266.0334566584777,728.5931750670785,532.0669133169554,1457.186350134157,GOOD
19.5,106.9,10000,False,4.3135548147741964,199.5938448042397,26.44021466055711,54.470994779684595,150.45615240263194,136.17748694921147,376.14038100657984,272.35497389842294,752.2807620131597,544.7099477968459,1504.5615240263194,GOOD
19.5,107.0,10000,False,4.505195834340383,209.91223849771373,16.556033387536566,56.92909786586758,158.2438793750642,142.32274466466896,395.6096984376605,284.6454893293379,791.219396875321,569.2909786586758,1582.438793750642,GOOD
19.5,107.1,10000,False,4.813920328897264,226.0541714371616,5.025247066446745,60.68991957688834,170.59252631651555,151.72479894222087,426.48131579128886,303.44959788444174,852.9626315825777,606.8991957688835,1705.9252631651555,GOOD
19.5,107.2,10000,False,5.310669266200924,251.65044774988652,6.028568708918337,67.0219755855324,190.22791995026387,167.554938963831,475.56979987565967,335.109877927662,951.1395997513193,670.219755855324,1902.2791995026387,GOOD
19.5,107.3,10000,False,6.137542419712826,294.0530688541622,3.3365739575427464,78.32498750390491,223.00007143139536,195.81246875976228,557.5001785784884,391.62493751952456,1115.0003571569769,783.2498750390491,2230.0007143139537,ACCEPTABLE
19.5,107.4,10000,False,7.623807571120565,370.4122786532905,2.5040913680684427,99.14234337037271,282.29948794475536,247.85585842593179,705.7487198618885,495.71171685186357,1411.497439723777,991.4234337037271,2822.994879447554,ACCEPTABLE
19.5,107.5,10000,False,10.73621612430018,531.2578814236581,2.667066805401463,142.2162615067959,407.3461776965621,355.54065376698975,1018.365444241405,711.0813075339795,2036.73088848281,1422.162615067959,4073.46177696562,ACCEPTABLE
19.5,107.6,10000,False,20.027240994455124,1014.8394911131618,3.518914494887875,268.5688195217748,782.2356249463218,671.422048804437,1955.5890623658045,1342.844097608874,3911.178124731609,2685.688195217748,7822.356249463218,POOR
19.5,107.7,10000,False,263.783265148341,13771.005060352401,7.003214552616951,3772.515824885078,10851.543216646502,9431.289562212696,27128.858041616255,18862.579124425392,54257.71608323251,37725.158248850785,108515.43216646502,VERY POOR
19.5,107.8,10000,False,23.775875664823307,1285.6746516278242,7.306255186975692,351.1827097128207,1001.6028491209914,877.9567742820518,2504.007122802478,1755.9135485641036,5008.014245604956,3511.8270971282072,10016.028491209912,POOR
19.5,107.9,10000,False,11.902792668365898,668.9848895798508,3.8621939355219723,183.10385514942783,520.6011161809184,457.7596378735696,1301.5027904522963,915.5192757471392,2603.0055809045925,1831.0385514942784,5206.011161809185,ACCEPTABLE
19.5,108.0,10000,False,8.390403583643463,490.58950660180034,5.603560516156863,135.9795546690603,382.344657961446,339.9488866726507,955.8616449036151,679.8977733453014,1911.7232898072302,1359.7955466906028,3823.4465796144605,ACCEPTABLE
19.5,108.1,10000,False,6.845773270888594,415.89133922116696,12.984976022112372,117.49017446671938,327.83964646427034,293.72543616679843,819.5991161606757,587.4508723335969,1639.1982323213515,1174.9017446671937,3278.396464642703,ACCEPTABLE
19.5,108.2,10000,False,6.071369456893738,382.3035091577267,8.417758724565907,106.2547357877672,302.4307390049694,265.636839469418,756.0768475124235,531.273678938836,1512.153695024847,1062.547357877672,3024.307390049694,ACCEPTABLE
19.5,108.3,10000,False,5.676546151882618,369.5115920890166,12.179655501771375,102.57921640483269,290.92609175480123,256.4480410120818,727.3152293870031,512.8960820241635,1454.6304587740062,1025.792164048327,2909.2609175480125,ACCEPTABLE
19.5,108.4,10000,False,5.495046769080158,368.9560848265284,18.789087631631986,105.29206589342647,289.35536755732267,263.2301647335662,723.3884188933067,526.4603294671324,1446.7768377866134,1052.9206589342648,2893.553675573227,ACCEPTABLE
19.5,108.5,10000,False,5.443912519555065,376.4270463079015,5.905151705560736,106.2986717767558,295.1690312784584,265.74667944188946,737.9225781961462,531.4933588837789,1475.8451563922924,1062.9867177675578,2951.690312784585,ACCEPTABLE
19.5,108.6,10000,False,5.47720186984302,389.63224857025665,13.94850639713874,111.0825316376934,305.3337054636171,277.70632909423347,763.3342636590428,555.4126581884669,1526.6685273180856,1110.8253163769339,3053.337054636171,ACCEPTABLE
19.5,108.7,10000,False,5.567567064269041,407.23141236432673,14.730443240226402,115.4799658156261,318.318405308357,288.69991453906516,795.7960132708924,577.3998290781303,1591.592026541785,1154.7996581562606,3183.18405308357,ACCEPTABLE
19.5,108.8,10000,False,5.697847757821764,428.39869007445594,4.071726516935484,120.84693954850863,333.84974303314266,302.1173488712716,834.6243575828566,604.2346977425432,1669.2487151657133,1208.4693954850864,3338.4974303314266,ACCEPTABLE
19.5,108.9,10000,False,5.85683201771759,452.60441524582717,13.132963276242835,130.84046295420873,351.53289968738306,327.1011573855219,878.8322492184576,654.2023147710438,1757.6644984369152,1308.4046295420876,3515.3289968738304,ACCEPTABLE
19.5,109.0,10000,False,6.036953169580222,479.4979711009125,18.071426342171275,138.6542728935491,371.10797712202157,346.63568223387267,927.7699428050539,693.2713644677453,1855.5398856101078,1386.5427289354907,3711.0797712202157,ACCEPTABLE
19.6,104.5,10000,False,7.295925791608205,604.7523771162938,14.169624008337191,172.5477915104081,483.5355630310572,431.36947877602034,1208.838907577643,862.7389575520407,2417.677815155286,1725.4779151040814,4835.355630310572,ACCEPTABLE
19.6,104.6,10000,False,7.050626320468085,560.9190921957679,16.19487261117707,161.69107244260925,449.11807742917074,404.22768110652305,1122.795193572927,808.4553622130461,2245.590387145854,1616.9107244260922,4491.180774291708,ACCEPTABLE
19.6,104.7,10000,False,6.808433096551623,519.1355679259638,18.679611397418203,151.2522485520376,416.23390124936907,378.130621380094,1040.5847531234226,756.261242760188,2081.1695062468452,1512.522485520376,4162.3390124936905,ACCEPTABLE
19.6,104.8,10000,False,6.5699033754636424,479.4838615972949,14.169624008337191,139.44622093355412,383.00389884609837,348.61555233388526,957.5097471152458,697.2311046677705,1915.0194942304915,1394.462209335541,3830.038988460983,ACCEPTABLE
19.6,104.9,10000,False,6.335695926367123,442.0605705368092,16.19487261117707,130.2595264585425,350.76632868403544,325.64881614635624,876.9158217100887,651.2976322927125,1753.8316434201774,1302.595264585425,3507.663286840355,ACCEPTABLE
19.6,105.0,10000,False,6.106578489249462,406.97630031987865,18.679611397418203,119.1492432942625,320.58588331026806,297.8731082356563,801.4647082756701,595.7462164713126,1602.9294165513402,1191.492432942625,3205.8588331026804,ACCEPTABLE
19.6,105.1,10000,False,5.883426987621694,374.3525330389042,21.709910525134177,109.30114740345243,294.5639016571293,273.25286850863114,736.4097541428233,546.5057370172623,1472.8195082856466,1093.0114740345246,2945.6390165712933,ACCEPTABLE
19.6,105.2,10000,False,5.667210589462498,344.31441863440625,22.39988752525507,99.89251048199685,271.33888686210844,249.73127620499216,678.347217155271,499.4625524099843,1356.694434310542,998.9251048199686,2713.388868621084,ACCEPTABLE
19.6,105.3,10000,False,5.4589563219268395,316.9780971215508,22.098234190782204,91.98338549082487,249.88630622478726,229.95846372706222,624.715765561968,459.91692745412445,1249.431531123936,919.8338549082489,2498.863062247872,ACCEPTABLE
19.6,105.4,10000,False,5.259689598973326,292.43215607625234,22.26308779180799,84.58688151497537,230.5519183287869,211.4672037874384,576.3797958219673,422.9344075748768,1152.7595916439345,845.8688151497536,2305.519183287869,ACCEPTABLE
19.6,105.5,10000,False,5.070354613377464,270.71516592443226,23.26208461610749,77.11578318205197,213.38355825699085,192.78945795512993,533.4588956424772,385.57891591025987,1066.9177912849543,771.1578318205197,2133.8355825699086,ACCEPTABLE
19.6,105.6,10000,False,4.891730667144342,251.7945698033102,25.40921993003057,71.71025682456528,198.19930061034304,179.27564206141324,495.4982515258576,358.5512841228265,990.9965030517152,717.102568245653,1981.9930061034304,GOOD
19.6,105.7,10000,False,4.724371752670495,235.554729714166,28.80590249159511,67.27046331193455,185.07613032081028,168.17615827983633,462.69032580202565,336.35231655967266,925.3806516040513,672.7046331193453,1850.7613032081026,GOOD
19.6,105.8,10000,False,4.568597724141035,221.80096082248295,33.29473033420091,62.838644034650216,173.10660934294955,157.09661008662556,432.76652335737384,314.1932201732511,865.5330467147477,628.3864403465022,1731.0660934294954,GOOD
19.6,105.9,10000,False,4.424550911756843,210.28088636795673,38.546353929266054,59.05386540259515,162.42419710555853,147.63466350648787,406.0604927638964,295.26932701297574,812.1209855277928,590.5386540259515,1624.2419710555855,GOOD
19.6,106.0,10000,False,4.292309082923067,200.71724356270553,37.306397465731635,56.32490769366605,154.26091732347442,140.81226923416511,385.652293308686,281.62453846833023,771.304586617372,563.2490769366605,1542.609173234744,GOOD
19.6,106.1,10000,False,4.172030009578544,192.84230433578358,35.898708596733215,54.28285780251962,147.6272694469248,135.70714450629907,369.068173617312,271.41428901259815,738.136347234624,542.8285780251963,1476.272694469248,GOOD
19.6,106.2,10000,False,4.064104607143814,186.42570864766768,35.10392598017959,52.65043217320388,142.4876437114114,131.6260804330097,356.21910927852844,263.2521608660194,712.4382185570569,526.5043217320388,1424.8764371141137,GOOD
19.6,106.3,10000,False,3.969311251711887,181.29263238450307,34.70574672088076,51.584212637622585,138.12321849763146,128.96053159405648,345.3080462440787,257.92106318811295,690.6160924881574,515.8421263762259,1381.2321849763148,GOOD
19.6,106.4,10000,True,3.8889837314845166,177.33410296006298,34.48315233935128,50.65786503040752,134.6368809648993,126.64466257601879,336.59220241224824,253.28932515203758,673.1844048244965,506.57865030407515,1346.368809648993,GOOD
19.6,106.5,10000,True,3.825224170839032,174.5140072637332,34.244208248834596,49.78643339166089,132.03248627633286,124.46608347915222,330.0812156908322,248.93216695830444,660.1624313816644,497.86433391660887,1320.3248627633288,GOOD
19.6,106.6,10000,True,3.7812134743981063,172.8783582459004,33.83376631075657,49.639322875468764,130.40799044566,124.0983071886719,326.01997611415004,248.1966143773438,652.0399522283001,496.3932287546876,1304.0799044566002,GOOD
19.6,106.7,10000,True,3.7617064082409306,172.57328269202293,33.12852853597979,49.315069209721074,129.8714177468195,123.28767302430269,324.6785443670488,246.57534604860538,649.3570887340976,493.15069209721077,1298.7141774681952,GOOD
19.6,106.8,10000,True,3.773867720282799,173.88084680932835,32.03096810881069,49.07242098352376,130.59855949072974,122.68105245880942,326.4963987268244,245.36210491761884,652.9927974536488,490.7242098352377,1305.9855949072976,GOOD
19.6,106.9,10000,True,3.8287554738304657,177.2889427246787,30.470016324792475,49.1678550026178,132.97496537627808,122.91963750654449,332.4374134406952,245.83927501308898,664.8748268813904,491.67855002617796,1329.7496537627808,GOOD
19.6,107.0,10000,False,3.944101425272476,183.6289290736004,20.80799832058458,50.76137685905,137.65536933897903,126.90344214762501,344.13842334744754,253.80688429525003,688.2768466948951,507.61376859050006,1376.5536933897902,GOOD
19.6,107.1,10000,False,4.149891243429774,194.35882805203465,7.74076769616106,53.72281805411843,145.78427926147728,134.30704513529608,364.4606981536933,268.61409027059216,728.9213963073865,537.2281805411843,1457.842792614773,GOOD
19.6,107.2,10000,False,4.500599985319596,212.19182028221093,4.2733005346141875,56.96604219464653,159.48435558689152,142.4151054866163,398.7108889672288,284.8302109732326,797.4217779344576,569.6604219464652,1594.8435558689152,GOOD
19.6,107.3,10000,False,5.105415792151293,242.65693434436696,2.025541961917856,64.61292503506222,182.9834119595394,161.53231258765553,457.45852989884855,323.06462517531105,914.9170597976971,646.1292503506221,1829.8341195953942,GOOD
19.6,107.4,10000,False,6.21676320448269,298.67719018832344,3.847903444013722,79.81608244096475,226.44493191040942,199.54020610241184,566.1123297760236,399.0804122048237,1132.2246595520471,798.1608244096474,2264.4493191040942,ACCEPTABLE
19.6,107.5,10000,False,8.56912801112774,418.08773140265095,5.590613576346836,112.57366420990036,319.3618828811791,281.4341605247509,798.4047072029479,562.8683210495018,1596.8094144058957,1125.7366420990036,3193.6188288117914,ACCEPTABLE
19.6,107.6,10000,False,15.527631859180891,774.6547564872739,1.8230166649542794,204.38332871141876,596.6492139359252,510.95832177854686,1491.623034839813,1021.9166435570937,2983.246069679626,2043.8332871141874,5966.492139359252,ACCEPTABLE
19.6,107.7,10000,False,140.2578318789173,7214.358267026936,9.263567088405177,1990.3855210355703,5632.032504172832,4975.963802588927,14080.081260432082,9951.927605177854,28160.162520864164,19903.85521035571,56320.32504172833,VERY POOR
19.6,107.8,10000,False,20.047609553867858,1071.2119223893621,9.806011277998007,292.78578954493935,834.0211417683457,731.9644738623485,2085.052854420864,1463.928947724697,4170.105708841728,2927.857895449394,8340.211417683457,POOR
19.6,107.9,10000,False,9.93423523588926,553.8067540012387,6.688334948593975,150.5009901709799,429.4484582045227,376.25247542744967,1073.6211455113068,752.5049508548993,2147.2422910226137,1505.0099017097987,4294.484582045227,ACCEPTABLE
19.6,108.0,10000,False,7.102971138590366,413.15247503244143,4.912430209688935,114.89766570606841,323.4464285248527,287.24416426517104,808.6160713121319,574.4883285303421,1617.2321426242638,1148.9766570606841,3234.4642852485276,ACCEPTABLE
19.6,108.1,10000,False,5.926441039981669,358.60470520942016,16.075651163431758,98.80638564422432,283.2002431356739,247.01596411056082,708.0006078391847,494.03192822112163,1416.0012156783694,988.0638564422433,2832.0024313567387,ACCEPTABLE
19.6,108.2,10000,False,5.387114221398986,337.7533815619938,5.238926953181587,93.01080856296618,265.63073482140135,232.52702140741548,664.0768370535034,465.05404281483095,1328.1536741070067,930.1080856296619,2656.3073482140135,ACCEPTABLE
19.6,108.3,10000,False,5.156798357753092,333.84050643838754,17.440515454415014,95.38279377172393,262.141385810223,238.45698442930978,655.3534645255575,476.91396885861957,1310.706929051115,953.8279377172391,2621.41385810223,ACCEPTABLE
19.6,108.4,10000,False,5.096783788998694,339.88737271194765,14.946309854765703,96.65932367863289,266.67134168913987,241.6483091965822,666.6783542228497,483.2966183931644,1333.3567084456995,966.5932367863288,2666.713416891399,ACCEPTABLE
19.6,108.5,10000,False,5.138504815635324,352.5052262616465,19.090045808133628,100.42846567947865,276.65429978810204,251.07116419869658,691.6357494702552,502.14232839739316,1383.2714989405104,1004.2846567947863,2766.5429978810207,ACCEPTABLE
19.6,108.6,10000,False,5.244515699926567,369.8761248674088,14.865064511434435,105.5671172849803,289.34978388725875,263.91779321245076,723.3744597181469,527.8355864249015,1446.7489194362938,1055.671172849803,2893.4978388725876,ACCEPTABLE
19.6,108.7,10000,False,5.392918709410673,390.9546824996803,18.071426342171275,113.17129088381574,304.68525253472,282.92822720953933,761.7131313368,565.8564544190787,1523.4262626736,1131.7129088381573,3046.8525253472,ACCEPTABLE
19.6,108.8,10000,False,5.570247290338037,415.1083172399902,20.996524759563346,120.53303951633802,322.1877134628005,301.33259879084505,805.4692836570013,602.6651975816901,1610.9385673140025,1205.3303951633802,3221.877134628005,ACCEPTABLE
19.6,108.9,10000,False,5.767887970350272,441.9390367322268,16.196463848968783,129.1034300239241,341.5616719209511,322.7585750598102,853.9041798023777,645.5171501196204,1707.8083596047554,1291.0343002392408,3415.616719209511,ACCEPTABLE
19.6,109.0,10000,False,5.9801519363814615,471.1886258528821,14.726902232552057,136.2609101964626,362.617868217444,340.6522754911565,906.5446705436102,681.304550982313,1813.0893410872204,1362.609101964626,3626.178682174441,ACCEPTABLE
19.7,104.5,10000,False,7.126009403252703,577.7387073782668,16.713561784961257,165.0279947736723,461.89727060609505,412.56998693418075,1154.7431765152376,825.1399738683615,2309.486353030475,1650.279947736723,4618.97270606095,ACCEPTABLE
19.7,104.6,10000,False,6.884068821386187,536.242954731614,19.038331961543616,154.65397335661538,429.2552881459121,386.6349333915384,1073.1382203647804,773.2698667830768,2146.276440729561,1546.5397335661537,4292.552881459122,ACCEPTABLE
19.7,104.7,10000,False,6.6453245956976845,496.8182191162766,21.79067225490957,144.7167065448656,398.17536622840214,361.79176636216397,995.4384155710054,723.5835327243279,1990.8768311420108,1447.1670654486559,3981.7536622840216,ACCEPTABLE
19.7,104.8,10000,False,6.41026772016415,459.5291268066951,16.713561784961257,134.02483137623145,366.9184220566708,335.06207844057866,917.296055141677,670.1241568811573,1834.592110283354,1340.2483137623146,3669.184220566708,ACCEPTABLE
19.7,104.9,10000,False,6.179459152518207,424.4470327980583,19.038331961543616,125.30679616940284,336.81893106958523,313.2669904235071,842.047327673963,626.5339808470142,1684.094655347926,1253.0679616940283,3368.189310695852,ACCEPTABLE
19.7,105.0,10000,False,5.953529220303618,391.64773781276307,21.277450020055817,114.70584251412646,308.7199884704539,286.7646062853161,771.7999711761347,573.5292125706322,1543.5999423522694,1147.0584251412645,3087.199884704539,ACCEPTABLE
19.7,105.1,10000,False,5.733170045691748,361.20717137756014,21.043571792925263,105.50738789231798,284.26888178814943,263.768469730795,710.6722044703737,527.53693946159,1421.3444089407474,1055.07387892318,2842.6888178814947,ACCEPTABLE
19.7,105.2,10000,False,5.519118092505242,333.19445436736675,20.97476913268005,97.10643217991826,261.8747383622813,242.76608044979562,654.6868459057032,485.53216089959125,1309.3736918114064,971.0643217991825,2618.747383622813,ACCEPTABLE
19.7,105.3,10000,False,5.312124695275086,307.66210949179106,21.265464013975222,88.95704761594634,242.16519053360827,222.39261903986582,605.4129763340206,444.78523807973164,1210.8259526680413,889.5704761594633,2421.6519053360826,ACCEPTABLE
19.7,105.4,10000,False,5.112914873063522,284.63400819159824,22.15830271713762,83.31641758677048,224.02716008418503,208.29104396692622,560.0679002104625,416.58208793385245,1120.135800420925,833.1641758677049,2240.27160084185,ACCEPTABLE
19.7,105.5,10000,False,4.922139131365399,264.09290830034644,23.882133074828385,76.55368315693238,207.79413459859856,191.38420789233098,519.4853364964964,382.76841578466195,1038.9706729929928,765.5368315693239,2077.9413459859857,ACCEPTABLE
19.7,105.6,10000,False,4.740328340803599,245.97073734958894,26.565835915311638,70.42038362124842,193.40376635337896,176.05095905312103,483.50941588344745,352.10191810624207,967.0188317668949,704.2038362124841,1934.0376635337898,GOOD
19.7,105.7,10000,False,4.567865521457742,230.1452728008426,30.18683643563143,65.9296739990632,180.6346062350436,164.824184997658,451.58651558760903,329.648369995316,903.1730311752181,659.296739990632,1806.3460623504361,GOOD
19.7,105.8,10000,False,4.404987289038946,216.44574898686687,34.58643731045757,61.700377998967824,169.53196506194902,154.25094499741954,423.82991265487254,308.5018899948391,847.6598253097451,617.0037799896782,1695.3196506194902,GOOD
19.7,105.9,10000,False,4.251820841743866,204.66722366208535,39.52470694024333,58.05906518043882,159.33208355287553,145.14766295109706,398.33020888218886,290.2953259021941,796.6604177643777,580.5906518043882,1593.3208355287554,GOOD
19.7,106.0,10000,False,4.108452816434826,194.59055134441724,39.39769973708632,54.980205992797124,150.18813533523473,137.4505149819928,375.4703383380868,274.9010299639856,750.9406766761736,549.8020599279712,1501.881353352347,GOOD
19.7,106.1,10000,False,3.9750197509326903,186.00326751824207,38.323059598422354,52.6914351743246,142.4613925816282,131.7285879358115,356.1534814540705,263.457175871623,712.306962908141,526.914351743246,1424.613925816282,GOOD
19.7,106.2,10000,False,3.8518101274884886,178.717363056674,37.764535382093456,50.63874666264634,136.1004855728086,126.59686665661584,340.25121393202147,253.1937333132317,680.5024278640429,506.3874666264634,1361.0048557280859,GOOD
19.7,106.3,10000,False,3.739374713389333,172.58212619547757,37.569574357834334,49.10256093561382,130.8548738530585,122.75640233903455,327.13718463264627,245.5128046780691,654.2743692652925,491.0256093561382,1308.548738530585,GOOD
19.7,106.4,10000,True,3.638652344376266,167.4926103943747,37.56436273590838,47.61134711417067,126.67683596483437,119.02836778542667,316.6920899120859,238.05673557085333,633.3841798241718,476.11347114170667,1266.7683596483437,GOOD
19.7,106.5,10000,True,3.5511306800877604,163.39598653944583,37.58161814789821,46.924368000117,123.18156427874413,117.3109200002925,307.9539106968603,234.621840000585,615.9078213937206,469.24368000117,1231.8156427874412,GOOD
19.7,106.6,10000,True,3.4790775747182874,160.29907475969418,37.47106790009982,45.88006481936642,120.46106439922534,114.70016204841605,301.15266099806337,229.4003240968321,602.3053219961267,458.8006481936642,1204.6106439922535,GOOD
19.7,106.7,10000,True,3.425905223943546,158.28139529655027,37.09869148176088,45.3944779488568,118.58061239581752,113.486194872142,296.4515309895438,226.972389744284,592.9030619790876,453.944779488568,1185.8061239581752,GOOD
19.7,106.8,10000,True,3.3967809933357582,157.5202467487342,36.34240066952008,45.189827133859545,117.68283832606502,112.97456783464887,294.2070958151626,225.94913566929773,588.4141916303251,451.89827133859546,1176.8283832606503,GOOD
19.7,106.9,10000,True,3.399709361910015,158.3395515156598,35.09124164123073,45.066991692157586,118.02638004236857,112.66747923039395,295.06595010592144,225.3349584607879,590.1319002118429,450.6699169215758,1180.2638004236858,GOOD
19.7,107.0,10000,True,3.4475626794531418,161.30689370850607,26.169253676775412,45.50659693715562,120.06223319292296,113.76649234288905,300.15558298230746,227.5329846857781,600.3111659646149,455.0659693715562,1200.6223319292299,GOOD
19.7,107.1,10000,False,3.5621677105535494,167.4353065860203,11.205110771516702,46.653924972174806,124.59177795816771,116.63481243043698,311.47944489541925,233.26962486087396,622.9588897908385,466.5392497217479,1245.917779581677,GOOD
19.7,107.2,10000,False,3.7832893602699387,178.635367456482,3.6069709218450408,49.19883754728921,133.11941915129051,122.99709386822303,332.7985478782263,245.99418773644607,665.5970957564526,491.98837547289213,1331.1941915129053,GOOD
19.7,107.3,10000,False,4.1908395431951595,198.8446924798061,5.681327340934094,54.71227236160152,148.73066125592945,136.78068090400382,371.82665313982363,273.56136180800763,743.6533062796473,547.1227236160153,1487.3066125592945,GOOD
19.7,107.4,10000,False,4.969682136010157,237.3398319656359,4.678315826598337,63.395401701708806,178.60775560998826,158.48850425427202,446.5193890249707,316.97700850854403,893.0387780499414,633.9540170170881,1786.0775560998827,GOOD
19.7,107.5,10000,False,6.654589621978987,321.26693944176185,4.945240600161526,86.32535655854626,244.05420409464628,215.8133913963656,610.1355102366157,431.6267827927312,1220.2710204732314,863.2535655854624,2440.5420409464627,ACCEPTABLE
19.7,107.6,10000,False,11.634274435216408,572.5139900876422,3.8621939355219723,153.11831335743557,440.4390012577714,382.795783393589,1101.0975031444284,765.591566787178,2202.195006288857,1531.183133574356,4404.390012577714,ACCEPTABLE
19.7,107.7,10000,False,79.6501292739548,4042.502660464917,12.540633592666785,1091.6510453135547,3155.087605037926,2729.1276132838875,7887.7190125948155,5458.255226567775,15775.438025189631,10916.51045313555,31550.876050379262,VERY POOR
19.7,107.8,10000,False,16.44547213157596,870.597209012621,14.489942773588037,236.6277292663678,677.3479000108146,591.5693231659195,1693.3697500270366,1183.138646331839,3386.7395000540732,2366.277292663678,6773.4790001081465,POOR
19.7,107.9,10000,False,8.110909007047159,450.2326109146668,9.354640058404078,124.15283166027434,350.5963528592299,310.38207915068585,876.4908821480748,620.7641583013717,1752.9817642961495,1241.5283166027434,3505.963528592299,ACCEPTABLE
19.7,108.0,10000,False,5.952177343236351,345.6928888562665,10.761097520531232,96.77014140241553,271.43871461356906,241.92535350603885,678.5967865339227,483.8507070120777,1357.1935730678454,967.7014140241554,2714.3871461356907,ACCEPTABLE
19.7,108.1,10000,False,5.139176462537321,310.3957528231064,14.531332461509594,85.47646856687112,244.50040018001997,213.69117141717783,611.2510004500499,427.38234283435565,1222.5020009000998,854.7646856687113,2445.0040018001996,ACCEPTABLE
19.7,108.2,10000,False,4.831406893028689,301.6941181097862,9.118498706343958,85.93708614543613,237.1401290901773,214.8427153635903,592.8503227254433,429.6854307271806,1185.7006454508867,859.3708614543611,2371.4012909017733,ACCEPTABLE
19.7,108.3,10000,False,4.7613576628241985,306.2195996254287,8.21474305344383,87.1979381576676,240.91969047067167,217.99484539416898,602.2992261766792,435.98969078833795,1204.5984523533584,871.9793815766759,2409.196904706717,ACCEPTABLE
19.7,108.4,10000,False,4.817630236850865,318.5130499352103,17.431484394461638,91.17473820904692,250.2809597729844,227.93684552261726,625.702399432461,455.8736910452345,1251.404798864922,911.747382090469,2502.809597729844,ACCEPTABLE
19.7,108.5,10000,False,4.946397570606981,335.9831596617991,5.46158158682559,97.31597051204173,262.8914726652784,243.28992628010434,657.2286816631959,486.5798525602087,1314.4573633263917,973.1597051204174,2628.9147266527834,ACCEPTABLE
19.7,108.6,10000,False,5.119112893280799,357.2749430924848,15.014312608530165,103.38310746556307,278.2162452984821,258.4577686639077,695.5406132462053,516.9155373278154,1391.0812264924107,1033.8310746556308,2782.1624529848214,ACCEPTABLE
19.7,108.7,10000,False,5.319622806217597,381.63061574377946,17.663047998312592,112.76335194966089,295.68599440374436,281.90837987415216,739.2149860093609,563.8167597483043,1478.4299720187219,1127.6335194966086,2956.8599440374437,ACCEPTABLE
19.7,108.8,10000,False,5.538329579102558,408.6050472604221,8.41913057078496,119.84018367508389,314.9693745132508,299.6004591877097,787.4234362831269,599.2009183754194,1574.8468725662538,1198.4018367508388,3149.6937451325075,ACCEPTABLE
19.7,108.9,10000,False,5.769306032501435,437.92687678446765,10.483805189558865,127.5311285955901,335.8680513258274,318.82782148897525,839.6701283145686,637.6556429779505,1679.3402566291372,1275.311285955901,3358.6805132582745,ACCEPTABLE
19.7,109.0,10000,False,6.0087743694714675,469.4258413063322,17.118979710594637,138.3221530279016,358.2614318259086,345.80538256975404,895.6535795647713,691.6107651395081,1791.3071591295427,1383.2215302790162,3582.6143182590854,ACCEPTABLE
19.8,104.5,10000,False,6.98006629281637,556.0150225460757,19.41352092281429,158.78983853714323,444.39019994495584,396.9745963428581,1110.9754998623896,793.9491926857162,2221.950999724779,1587.8983853714324,4443.901999449558,ACCEPTABLE
19.8,104.6,10000,False,6.741174112057624,516.5532079831969,21.547809860083227,148.8457071203909,413.3015340053841,372.11426780097713,1033.2538350134603,744.2285356019543,2066.5076700269206,1488.4570712039085,4133.015340053841,ACCEPTABLE
19.8,104.7,10000,False,6.5054677003480466,479.1485228063946,21.277450020055817,139.34661834154656,383.77416785827023,348.36654585386657,959.4354196456758,696.7330917077331,1918.8708392913516,1393.4661834154663,3837.741678582703,ACCEPTABLE
19.8,104.8,10000,False,6.273368193841068,443.8473402539565,19.41352092281429,129.53930999299564,354.5205252450662,323.8482749824891,886.3013131126656,647.6965499649782,1772.6026262253313,1295.3930999299564,3545.2052524506626,ACCEPTABLE
19.8,104.9,10000,False,6.045342811806231,410.6972549776428,19.673803377376387,121.50968712737799,326.1852148253357,303.774217818445,815.4630370633392,607.54843563689,1630.9260741266785,1215.09687127378,3261.852148253357,ACCEPTABLE
19.8,105.0,10000,False,5.821900530474431,379.7442817091353,19.614654021693333,111.32458842970064,299.7701775794835,278.3114710742516,749.4254439487088,556.6229421485032,1498.8508878974176,1113.2458842970063,2997.701775794835,ACCEPTABLE
19.8,105.1,10000,False,5.603582563229783,351.0286908670482,19.719504187965867,102.59959233823396,275.3042657551907,256.4989808455849,688.2606643879767,512.9979616911698,1376.5213287759534,1025.9959233823397,2753.042657551907,ACCEPTABLE
19.8,105.2,10000,False,5.39094644477429,324.5793665832375,20.12697595056543,94.59505838141364,255.1676379552365,236.48764595353407,637.9190948880912,472.97529190706814,1275.8381897761824,945.9505838141363,2551.676379552365,ACCEPTABLE
19.8,105.3,10000,False,5.184543381479918,300.4068983511142,21.00451344028953,87.4269436594567,236.05922413843643,218.56735914864174,590.148060346091,437.1347182972835,1180.296120692182,874.269436594567,2360.592241384364,ACCEPTABLE
19.8,105.4,10000,False,4.984890209307527,278.49613286298677,22.51497232348221,80.85308082857834,218.80227607700274,202.1327020714459,547.0056901925068,404.2654041428918,1094.0113803850136,808.5308082857836,2188.022760770027,ACCEPTABLE
19.8,105.5,10000,False,4.7924396607715325,258.79951710798275,24.769822731806343,75.69965012747885,203.24125135221172,189.24912531869714,508.1031283805292,378.4982506373943,1016.2062567610584,756.9965012747886,2032.4125135221168,ACCEPTABLE
19.8,105.6,10000,False,4.607554997456947,241.23300109948053,27.794060752967162,70.03889707019985,189.31657882421973,175.09724267549961,473.2914470605494,350.19448535099923,946.5828941210988,700.3889707019985,1893.1657882421976,GOOD
19.8,105.7,10000,False,4.430496233003483,225.67619302254639,31.521633570329904,64.85898750737891,176.9180521492451,162.14746876844728,442.2951303731128,324.29493753689457,884.5902607462256,648.5898750737891,1769.1805214924511,GOOD
19.8,105.8,10000,False,4.261424072313374,211.97765677967897,35.816362790013216,61.303008928064756,165.83521805535787,153.2575223201619,414.5880451383946,306.5150446403238,829.1760902767892,613.0300892806476,1658.3521805535784,GOOD
19.8,105.9,10000,False,4.100424271353878,199.96488455686188,39.809635856599364,57.592354003380386,156.0725553005859,143.98088500845097,390.1813882514647,287.96177001690194,780.3627765029294,575.9235400338039,1560.7255530058587,GOOD
19.8,106.0,10000,False,3.9475508061631266,189.45715021840465,40.87440388633042,53.997796767862766,147.12072507127104,134.99449191965692,367.8018126781776,269.98898383931385,735.6036253563552,539.9779676786277,1471.2072507127104,GOOD
19.8,106.1,10000,False,3.8028832590391786,180.27881097594968,40.39027495405294,51.5027359461029,139.0098174686259,128.75683986525723,347.52454367156474,257.51367973051447,695.0490873431295,515.0273594610289,1390.098174686259,GOOD
19.8,106.2,10000,False,3.666593821743284,172.27094898047076,40.169192581493974,49.23692997843902,131.71486143052482,123.09232494609756,329.2871535763121,246.18464989219513,658.5743071526242,492.36929978439025,1317.1486143052484,GOOD
19.8,106.3,10000,False,3.5390224952104465,165.3002716193873,40.28424485829098,47.282110802643174,125.8223850495478,118.20527700660794,314.55596262386956,236.4105540132159,629.1119252477391,472.8211080264318,1258.2238504954782,GOOD
19.8,106.4,10000,False,3.420764695113631,159.2653975478699,40.59884759984793,45.206543453004414,120.33867777097022,113.01635863251106,300.8466944274256,226.03271726502211,601.6933888548512,452.06543453004423,1203.3867777097023,GOOD
19.8,106.5,10000,True,3.312783146785747,154.10165908859935,40.97085316126435,44.25642713935426,115.69477590343222,110.64106784838563,289.23693975858055,221.28213569677126,578.4738795171611,442.5642713935425,1156.9477590343222,GOOD
19.8,106.6,10000,True,3.216566880997342,149.7863100996254,41.26153621014606,43.5957170371734,112.06265565899747,108.98929259293351,280.15663914749365,217.97858518586702,560.3132782949873,435.95717037173404,1120.6265565899746,GOOD
19.8,106.7,10000,True,3.1343784511739745,146.34684384197394,41.335192618182425,42.72490503661027,109.05835483712593,106.81226259152567,272.6458870928148,213.62452518305133,545.2917741856296,427.24905036610267,1090.5835483712592,GOOD
19.8,106.8,10000,True,3.0696658799269687,143.87663793739407,41.05372176138459,41.99189782273024,106.80769731011372,104.97974455682558,267.0192432752843,209.95948911365116,534.0384865505686,419.9189782273023,1068.0769731011371,GOOD
19.8,106.9,10000,True,3.02779099558384,142.56561576171333,40.27120942498034,41.662027311749206,105.46502971754893,104.15506827937304,263.6625742938723,208.31013655874608,527.3251485877446,416.62027311749216,1054.6502971754892,GOOD
19.8,107.0,10000,True,3.017398178637408,142.7620160066909,32.492693917712444,41.167798289012566,105.3113239518037,102.91949572253141,263.2783098795092,205.83899144506282,526.5566197590184,411.67798289012563,1053.1132395180368,GOOD
19.8,107.1,10000,True,3.0531775870941615,145.1028759816494,16.13747315947073,41.357394422250685,106.85758920103484,103.39348605562671,267.14397300258713,206.78697211125342,534.2879460051743,413.57394422250684,1068.5758920103485,GOOD
19.8,107.2,10000,True,3.161967642942648,150.81110682626957,4.204830583930401,42.423025750802026,111.07881009802571,106.05756437700506,277.6970252450643,212.11512875401013,555.3940504901286,424.23025750802026,1110.7881009802572,GOOD
19.8,107.3,10000,False,3.397914964779496,162.44900881933557,3.756877427068483,45.99472026477921,120.00381247305684,114.98680066194801,300.00953118264215,229.97360132389602,600.0190623652843,459.94720264779204,1200.0381247305686,GOOD
19.8,107.4,10000,False,3.886808545204033,186.15125579726646,6.080660276051855,51.12007462282352,138.62891831036146,127.8001865570588,346.5722957759036,255.6003731141176,693.1445915518073,511.2007462282352,1386.2891831036145,GOOD
19.8,107.5,10000,False,4.992478185831441,240.05875938244182,5.603560516156863,64.44859462352176,180.84952807321505,161.1214865588044,452.12382018303765,322.2429731176088,904.2476403660753,644.4859462352176,1808.4952807321506,GOOD
19.8,107.6,10000,False,8.30717682003975,404.5442295097378,6.688334948593975,109.55021653800944,309.9367438397018,273.87554134502363,774.8418595992546,547.7510826900473,1549.6837191985092,1095.5021653800945,3099.3674383970183,ACCEPTABLE
19.8,107.7,10000,False,45.01645793122883,2258.693968444702,16.39658141459221,606.1508786878446,1763.5296572504035,1515.3771967196117,4408.8241431260085,3030.7543934392233,8817.648286252017,6061.508786878447,17635.296572504034,POOR
19.8,107.8,10000,False,13.015578017950387,685.2837041068805,22.513359780987322,187.78562870890283,535.3355029739705,469.46407177225717,1338.3387574349263,938.9281435445143,2676.6775148698525,1877.8562870890287,5353.355029739705,ACCEPTABLE
19.8,107.9,10000,False,6.47362005242512,359.7093306984477,11.72994567717018,100.66075475058784,282.3084075011456,251.6518868764696,705.771018752864,503.3037737529392,1411.542037505728,1006.6075475058784,2823.084075011456,ACCEPTABLE
19.8,108.0,10000,False,4.983596933970019,289.92408998322014,8.494509881270586,80.30153370433817,228.57481619716037,200.7538342608454,571.4370404929009,401.5076685216908,1142.8740809858018,803.0153370433816,2285.7481619716036,ACCEPTABLE
19.8,108.1,10000,False,4.531398276085971,273.0639949850775,16.437949979928717,78.06149921152671,213.65510879702427,195.15374802881675,534.1377719925607,390.3074960576335,1068.2755439851214,780.614992115267,2136.551087970243,ACCEPTABLE
19.8,108.2,10000,False,4.449476455317957,275.8764956593086,18.866994492505626,79.24033746568801,217.00527123695073,198.1008436642201,542.5131780923768,396.2016873284402,1085.0263561847537,792.4033746568804,2170.0527123695074,ACCEPTABLE
19.8,108.3,10000,False,4.531045581273449,288.2930390430077,12.032824526545411,83.06802148705046,226.49135650630814,207.6700537176261,566.2283912657704,415.3401074352522,1132.4567825315407,830.6802148705044,2264.9135650630815,ACCEPTABLE
19.8,108.4,10000,False,4.693445767498585,306.3582207774853,15.337410037583425,89.7229064761377,239.47722732175333,224.30726619034422,598.6930683043834,448.61453238068844,1197.3861366087667,897.2290647613769,2394.7722732175334,ACCEPTABLE
19.8,108.5,10000,False,4.898789864187919,328.2741279211676,20.667016738010997,97.42109966218695,255.03451950572017,243.55274915546732,637.5862987643005,487.10549831093465,1275.172597528601,974.2109966218693,2550.345195057202,ACCEPTABLE
19.8,108.6,10000,False,5.128123221749023,353.1437574980979,10.861837440042953,103.96635985192486,272.64084626901536,259.9158996298121,681.6021156725384,519.8317992596242,1363.2042313450768,1039.6635985192484,2726.4084626901536,ACCEPTABLE
19.8,108.7,10000,False,5.371356168206484,380.49030571978625,12.604830647074703,109.55905860107771,292.39954090404467,273.8976465026942,730.9988522601116,547.7952930053884,1461.9977045202231,1095.5905860107769,2923.9954090404462,ACCEPTABLE
19.8,108.8,10000,False,5.622866749777044,410.0489157651545,19.946176464478867,117.18503217632475,313.9995268776241,292.96258044081185,784.9988171940603,585.9251608816237,1569.9976343881206,1171.8503217632474,3139.995268776241,ACCEPTABLE
19.8,108.9,10000,False,5.879414699422775,441.6679413509359,18.02952602706216,128.0572471680017,336.803534622683,320.14311792000433,842.0088365567076,640.2862358400087,1684.0176731134152,1280.5724716800173,3368.0353462268304,ACCEPTABLE
19.8,109.0,10000,False,6.139085842653706,475.2588021945971,12.672239642593174,140.03924728178947,360.78973178356364,350.09811820447374,901.9743294589092,700.1962364089475,1803.9486589178184,1400.392472817895,3607.897317835637,ACCEPTABLE
19.9,104.5,10000,False,6.8556476192074385,538.6668623769889,19.798594143270712,153.6301858385754,430.3114482048868,384.07546459643845,1075.7786205122172,768.1509291928769,2151.5572410244345,1536.3018583857538,4303.114482048869,ACCEPTABLE
19.9,104.6,10000,False,6.619550711935499,500.96270314297584,19.673803377376387,144.06379357750643,400.5704432752449,360.1594839437661,1001.4261081881123,720.3189678875322,2002.8522163762245,1440.6379357750643,4005.704432752449,ACCEPTABLE
19.9,104.7,10000,False,6.386566737011836,465.27859582259305,19.614654021693333,134.94312326014636,372.3699914669894,337.35780815036594,930.9249786674736,674.7156163007319,1861.8499573349472,1349.4312326014638,3723.6999146698945,ACCEPTABLE
19.9,104.8,10000,False,6.157050770394837,431.6439997084045,18.107336283173325,126.25668499032348,344.86770818229013,315.64171247580873,862.1692704557253,631.2834249516175,1724.3385409114505,1262.566849903235,3448.677081822901,ACCEPTABLE
19.9,104.9,10000,False,5.931386689688555,400.0860390626158,18.1763179789673,118.30889015316428,318.22047974612747,295.77222538291073,795.5511993653184,591.5444507658215,1591.1023987306369,1183.088901531643,3182.2047974612738,ACCEPTABLE
19.9,105.0,10000,False,5.709981516492236,370.62681876521424,18.410328000790177,109.17610022235573,293.1710275672211,272.9402505558893,732.9275689180528,545.8805011117786,1465.8551378361055,1091.7610022235572,2931.710275672211,ACCEPTABLE
19.9,105.1,10000,False,5.493256143302109,343.27992727485724,18.9130905766707,100.419286546627,269.9586446259345,251.04821636656752,674.8966115648361,502.09643273313503,1349.7932231296722,1004.1928654662701,2699.5864462593445,ACCEPTABLE
19.9,105.2,10000,False,5.281632090864905,318.0462176461444,19.80481755281431,92.77573679487034,250.1217175511166,231.93934198717585,625.3042938777915,463.8786839743517,1250.608587755583,927.7573679487034,2501.217175511166,ACCEPTABLE
19.9,105.3,10000,False,5.075514621827876,294.90918505367534,21.20224592736146,85.86079887034433,231.5796342131905,214.6519971758608,578.9490855329764,429.3039943517216,1157.8981710659527,858.6079887034432,2315.7963421319055,ACCEPTABLE
19.9,105.4,10000,False,4.8752735724067735,273.830543571212,23.192241108816155,79.80577511864576,214.72654108424055,199.51443779661443,536.8163527106014,399.02887559322886,1073.632705421203,798.0577511864577,2147.265410842406,ACCEPTABLE
19.9,105.5,10000,False,4.681224484522338,254.74686361345502,25.810571438782954,74.4192447191115,199.65302348300486,186.04811179777877,499.1325587075121,372.09622359555755,998.2651174150242,744.1924471911151,1996.5302348300484,GOOD
19.9,105.6,10000,False,4.493613632466528,237.5682315468909,29.03502715786048,69.5644934808666,186.04134116780702,173.9112337021665,465.10335291951753,347.822467404333,930.2067058390351,695.644934808666,1860.4134116780701,GOOD
19.9,105.7,10000,False,4.312610822208415,222.17970366838475,32.79234257082,64.66417583424644,173.80577897444772,161.66043958561607,434.5144474361192,323.32087917123215,869.0288948722384,646.6417583424643,1738.0577897444768,GOOD
19.9,105.8,10000,False,4.138313030834457,208.4458124877635,36.97218345433543,59.94789477768481,162.84394916318388,149.86973694421204,407.1098729079597,299.7394738884241,814.2197458159194,599.4789477768481,1628.4394916318388,GOOD
19.9,105.9,10000,False,3.9707601534949686,196.21767669767183,39.762528325468466,56.82746584535019,152.934546886414,142.06866461337546,382.33636721603506,284.1373292267509,764.6727344320701,568.2746584535018,1529.3454688641402,GOOD
19.9,106.0,10000,False,3.8099620103640897,185.34163961700006,41.246081221180134,53.66342174516325,144.06990203348388,134.15855436290812,360.1747550837097,268.31710872581624,720.3495101674195,536.6342174516325,1440.699020334839,GOOD
19.9,106.1,10000,False,3.655934292525082,175.66808186748327,42.108440768530656,50.97901030500751,136.0282863463072,127.4475257625188,340.07071586576797,254.8950515250376,680.1414317315359,509.7901030500752,1360.2828634630719,GOOD
19.9,106.2,10000,False,3.508741032359875,167.05922492852878,42.279466492282054,48.17856863362914,128.5489947976527,120.44642158407285,321.3724869941318,240.8928431681457,642.7449739882636,481.7856863362914,1285.4899479765272,GOOD
19.9,106.3,10000,False,3.368542689998854,159.3952541314302,42.77318180266283,45.81190977184957,121.83806590409108,114.52977442962393,304.5951647602277,229.05954885924785,609.1903295204554,458.1190977184957,1218.3806590409108,GOOD
19.9,106.4,10000,False,3.2356518972661483,152.57872171847572,43.48308471153466,43.975979832395204,115.66784429944502,109.93994958098801,289.16961074861257,219.87989916197603,578.3392214972251,439.75979832395205,1156.6784429944503,GOOD
19.9,106.5,10000,False,3.110603264684075,146.5377624619716,44.291963263016065,42.91845606780727,110.79981660799713,107.29614016951817,276.9995415199928,214.59228033903634,553.9990830399856,429.18456067807267,1107.9981660799713,GOOD
19.9,106.6,10000,True,2.994250171044944,141.22912645524943,45.07835151545197,41.5092939758033,106.31597902148957,103.77323493950824,265.78994755372395,207.54646987901648,531.5798951074479,415.09293975803297,1063.1597902148958,GOOD
19.9,106.7,10000,True,2.8879124527056232,136.6425360495888,45.71503520917247,39.93162092260507,102.06449301467684,99.82905230651266,255.16123253669213,199.65810461302533,510.32246507338425,399.31620922605066,1020.6449301467685,GOOD
19.9,106.8,10000,True,2.793620011961318,132.80873621407517,46.061389925118426,39.228618917243054,98.27734832508247,98.07154729310764,245.69337081270618,196.14309458621528,491.38674162541236,392.28618917243057,982.7734832508247,GOOD
19.9,106.9,10000,True,2.714541957746205,129.8155326936136,45.951809495447534,37.99064521205706,95.16869549875868,94.97661303014266,237.9217387468967,189.95322606028532,475.8434774937934,379.90645212057063,951.6869549875868,GOOD
19.9,107.0,10000,True,2.6557931500634178,127.8408000865735,40.267894224076805,37.239210616087355,93.27423790519161,93.0980265402184,233.18559476297904,186.1960530804368,466.3711895259581,372.3921061608736,932.7423790519161,GOOD
19.9,107.1,10000,True,2.6260660446049204,127.22364895238402,23.559794981956603,37.21906667164143,92.45754998575393,93.0476666791036,231.14387496438482,186.0953333582072,462.28774992876964,372.1906667164144,924.5754998575393,GOOD
19.9,107.2,10000,True,2.6412492687906965,128.62984916945211,6.452792744979525,37.51682690491054,93.32428154686012,93.79206726227633,233.3107038671503,187.58413452455267,466.6214077343006,375.16826904910533,933.2428154686012,GOOD
19.9,107.3,10000,True,2.7334756610591056,133.48125758112832,4.990518184076804,38.65766276063783,97.15983360538164,96.64415690159458,242.89958401345407,193.28831380318917,485.79916802690815,386.57662760637834,971.5983360538163,GOOD
19.9,107.4,10000,False,2.977811632387236,145.26123809014794,4.550973057399288,41.7725904880598,106.511149434789,104.4314762201495,266.27787358697253,208.862952440299,532.5557471739451,417.725904880598,1065.1114943478901,GOOD
19.9,107.5,10000,False,3.5929217906640494,174.54616703302818,4.912430209688935,48.38206131974207,129.58687400320198,120.95515329935519,323.9671850080049,241.91030659871038,647.9343700160098,483.82061319742076,1295.8687400320196,GOOD
19.9,107.6,10000,False,5.527522541812596,268.6243976421271,9.354640058404078,72.5900388414273,204.11851122764244,181.47509710356823,510.29627806910605,362.95019420713646,1020.5925561382121,725.9003884142729,2041.1851122764242,ACCEPTABLE
19.9,107.7,10000,False,23.716775547623428,1180.7507860530213,20.623283382369873,314.189857492492,923.3864299460066,785.4746437312299,2308.4660748650163,1570.9492874624598,4616.9321497300325,3141.8985749249196,9233.864299460065,POOR
19.9,107.8,10000,False,9.870163390454556,520.2999150755747,28.661444882491118,143.2253771273683,406.3351940198795,358.0634428184207,1015.8379850496989,716.1268856368414,2031.6759700993978,1432.2537712736828,4063.3519401987955,ACCEPTABLE
19.9,107.9,10000,False,5.119269185295156,286.3462159677761,16.174683199812907,79.31970144560029,225.56721305482304,198.29925361400072,563.9180326370575,396.59850722800144,1127.836065274115,793.1970144560029,2255.67213054823,ACCEPTABLE
19.9,108.0,10000,False,4.298026213004365,249.9281712849449,3.6322404125528034,71.16348742709279,193.53926609324054,177.90871856773197,483.84816523310144,355.81743713546393,967.6963304662029,711.6348742709279,1935.3926609324058,GOOD
19.9,108.1,10000,False,4.196463627282198,250.35356148266894,19.732796198532192,73.3070288341361,195.77343711267224,183.26757208534028,489.4335927816806,366.53514417068055,978.8671855633612,733.0702883413611,1957.7343711267224,GOOD
19.9,108.2,10000,False,4.32140859007474,263.6048334571489,4.680941485671472,76.42650385896692,206.9174141314375,191.06625964741733,517.2935353285939,382.13251929483465,1034.5870706571877,764.2650385896693,2069.1741413143754,ACCEPTABLE
19.9,108.3,10000,False,4.532575342078237,282.9541034982357,17.630071364141653,83.15353405235885,220.29322090107073,207.88383513089713,550.7330522526769,415.76767026179425,1101.4661045053538,831.5353405235885,2202.9322090107075,ACCEPTABLE
19.9,108.4,10000,False,4.779585485700501,305.97056588302047,15.794801002902975,88.71230954855895,235.95662604801646,221.78077387139734,589.8915651200412,443.5615477427947,1179.7831302400823,887.1230954855894,2359.5662604801646,ACCEPTABLE
19.9,108.5,10000,False,5.041905930279684,331.6449153876096,6.0652514455924695,95.3724056713449,254.47641457915813,238.43101417836232,636.1910364478954,476.86202835672464,1272.3820728957908,953.7240567134493,2544.7641457915815,ACCEPTABLE
19.9,108.6,10000,False,5.310511553348567,359.522559727793,16.412927812360856,104.76931849948991,275.4849169638882,261.9232962487248,688.7122924097206,523.8465924974496,1377.4245848194412,1047.6931849948992,2754.8491696388824,ACCEPTABLE
19.9,108.7,10000,False,5.581283107889191,389.38995486097474,16.372851253769042,113.91424675177603,298.45331429064726,284.7856168794401,746.1332857266182,569.5712337588802,1492.2665714532363,1139.1424675177605,2984.5331429064727,ACCEPTABLE
19.9,108.8,10000,False,5.852342933128097,421.1461056411119,13.353468148778742,125.6547438279072,323.1309176481801,314.13685956976803,807.8272941204503,628.2737191395361,1615.6545882409007,1256.5474382790721,3231.3091764818014,ACCEPTABLE
19.9,108.9,10000,False,6.122883689172605,454.74496549931183,7.935724064989848,136.69500234079652,347.06459575173574,341.7375058519913,867.6614893793394,683.4750117039825,1735.3229787586788,1366.950023407965,3470.6459575173576,ACCEPTABLE
19.9,109.0,10000,False,6.392618819537302,490.1678364578107,13.790916432513567,147.482200659199,371.8319500275885,368.7055016479976,929.5798750689712,737.4110032959952,1859.1597501379424,1474.8220065919904,3718.319500275885,ACCEPTABLE
20.0,104.5,10000,False,6.750866070556447,525.004957121886,18.107336283173325,149.87720939866244,419.1282751124353,374.69302349665617,1047.8206877810885,749.3860469933123,2095.641375562177,1498.7720939866247,4191.282751124354,ACCEPTABLE
20.0,104.6,10000,False,6.517376484830348,488.8130627013702,18.1763179789673,140.15448935250106,390.55003679896953,350.38622338125265,976.375091997424,700.7724467625053,1952.750183994848,1401.5448935250106,3905.500367989696,ACCEPTABLE
20.0,104.7,10000,False,6.286892826813036,454.5898584116008,18.410328000790177,131.43285361398543,363.47884596542224,328.5821340349636,908.6971149135559,657.1642680699272,1817.3942298271118,1314.3285361398544,3634.7884596542235,ACCEPTABLE
20.0,104.8,10000,False,6.059711437852732,422.3501743694283,16.773650799810856,123.54172478704706,337.61368542118225,308.85431196761766,844.0342135529556,617.7086239352353,1688.0684271059113,1235.4172478704706,3376.1368542118225,ACCEPTABLE
20.0,104.9,10000,False,5.836145385784545,392.10441648879134,17.10507928697032,115.51943223825049,312.47385047759,288.7985805956263,781.1846261939751,577.5971611912526,1562.3692523879502,1155.194322382505,3124.7385047759003,ACCEPTABLE
20.0,105.0,10000,False,5.616518713472187,363.8562674332336,17.68247698151542,107.78809948895072,288.5353163030082,269.4702487223768,721.3382907575204,538.9404974447536,1442.6765815150409,1077.8809948895073,2885.3531630300818,ACCEPTABLE
20.0,105.1,10000,False,5.4011582685818595,337.59996235189055,18.594720318967617,99.11277696569668,266.3269365263285,247.78194241424166,665.8173413158211,495.5638848284833,1331.6346826316421,991.1277696569666,2663.2693652632843,ACCEPTABLE
20.0,105.2,10000,False,5.190383139835741,313.31729445609125,19.926568681276393,91.49860582692665,245.82809520215324,228.74651456731658,614.5702380053832,457.49302913463316,1229.1404760107664,914.9860582692663,2458.280952021533,ACCEPTABLE
20.0,105.3,10000,False,4.984492193068755,290.97464528269336,21.743243492883202,84.71967220734287,228.6018758203538,211.79918051835716,571.5046895508845,423.5983610367143,1143.009379101769,847.1967220734286,2286.018758203538,ACCEPTABLE
20.0,105.4,10000,False,4.783750806167708,270.52047681759956,24.07813304629887,78.61810006830476,212.1836551439726,196.54525017076193,530.4591378599314,393.09050034152386,1060.9182757198628,786.1810006830477,2121.8365514397256,ACCEPTABLE
20.0,105.5,10000,False,4.5883785181805035,251.88381608860968,26.9277503988505,73.49296026533813,196.98703910089398,183.73240066334535,492.46759775223495,367.4648013266907,984.9351955044699,734.9296026533814,1969.8703910089398,GOOD
20.0,105.6,10000,False,4.398539723900019,234.97424471257008,30.253775157677616,68.83117231673938,183.5919954071378,172.07793079184847,458.9799885178445,344.15586158369695,917.959977035689,688.3117231673939,1835.919954071378,GOOD
20.0,105.7,10000,False,4.214339534106281,219.68373191321595,33.98927803266055,64.51496894759981,171.43918448426615,161.2874223689995,428.59796121066535,322.574844737999,857.1959224213307,645.149689475998,1714.3918448426614,GOOD
20.0,105.8,10000,False,4.035826362079633,205.89033039711256,38.046506829830655,60.22870777887712,160.4358248579464,150.57176944719282,401.0895621448659,301.14353889438564,802.1791242897318,602.2870777887713,1604.3582485794636,GOOD
20.0,105.9,10000,False,3.8630017862756096,193.4633733879849,39.58640870634912,56.27722221732867,150.48175503358888,140.69305554332166,376.2043875839722,281.3861110866433,752.4087751679444,562.7722221732867,1504.8175503358889,GOOD
20.0,106.0,10000,False,3.695837105318379,182.2694986311626,41.422413788799346,53.04913782054946,141.44486009005084,132.62284455137365,353.612150225127,265.2456891027473,707.224300450254,530.4913782054946,1414.448600900508,GOOD
20.0,106.1,10000,False,3.534295176631312,172.17869650484454,43.48645258556219,50.083411499568385,133.19215924773846,125.20852874892097,332.98039811934615,250.41705749784194,665.9607962386923,500.8341149956839,1331.9215924773846,GOOD
20.0,106.2,10000,False,3.378355955749231,163.06967388702776,44.07048277902075,47.522861049657294,125.70058476458314,118.80715262414326,314.25146191145785,237.6143052482865,628.5029238229157,475.228610496573,1257.0058476458314,GOOD
20.0,106.3,10000,False,3.2280447596647917,154.83409195329025,44.97827599648067,45.361788174274594,118.766996724127,113.40447043568649,296.91749181031753,226.80894087137298,593.8349836206351,453.61788174274596,1187.6699672412701,GOOD
20.0,106.4,10000,False,3.0834636265032977,147.3795722818735,46.129074050556994,43.102278391176974,112.24639245560164,107.75569597794242,280.61598113900413,215.51139195588485,561.2319622780083,431.0227839117697,1122.4639245560165,GOOD
20.0,106.5,10000,False,2.9448282231569674,140.6316798645325,47.43090330711354,41.41900197401333,106.29052495106149,103.54750493503332,265.72631237765376,207.09500987006663,531.4526247553075,414.19001974013327,1062.905249510615,GOOD
20.0,106.6,10000,False,2.8125158591576,134.5353489870794,48.78508229982274,39.993214786747714,100.82647743149664,99.98303696686929,252.06619357874163,199.96607393373858,504.13238715748327,399.93214786747717,1008.2647743149665,GOOD
20.0,106.7,10000,True,2.687135307169879,129.0564594727547,50.08404100463278,38.64730481226556,96.15525217375097,96.61826203066389,240.38813043437742,193.23652406132777,480.77626086875483,386.47304812265554,961.5525217375097,GOOD
20.0,106.8,10000,True,2.569638825352588,124.18462918944739,51.202496446607306,37.131363545213134,92.17454866485862,92.82840886303286,230.43637166214657,185.65681772606573,460.87274332429314,371.31363545213145,921.7454866485863,GOOD
20.0,106.9,10000,True,2.461517104191407,119.93905786804808,51.98165433581909,35.70272384860713,88.66921957468513,89.25680962151782,221.67304893671283,178.51361924303563,443.34609787342566,357.02723848607127,886.6921957468513,GOOD
20.0,107.0,10000,True,2.365164381961509,116.38114753120483,50.18975079049664,34.73600417494868,85.66746372495462,86.8400104373717,214.16865931238655,173.6800208747434,428.3373186247731,347.3600417494868,856.6746372495462,GOOD
20.0,107.1,10000,True,2.284617452371374,113.64263190013347,34.13604832196688,34.1474187830527,82.9222590279399,85.36854695763176,207.30564756984978,170.73709391526353,414.61129513969956,341.47418783052706,829.2225902793991,GOOD
20.0,107.2,10000,True,2.227197318087686,111.99254455440149,13.709840337357814,33.81031249143986,80.74284989284507,84.52578122859961,201.8571247321127,169.05156245719922,403.7142494642254,338.10312491439845,807.4284989284508,GOOD
20.0,107.3,10000,True,2.207626091059944,112.015091667213,3.520069168160363,33.63489698159121,79.84075170632653,84.08724245397802,199.60187926581636,168.17448490795604,399.20375853163273,336.3489698159121,798.4075170632655,GOOD
20.0,107.4,10000,True,2.260248727570895,115.16685493026922,6.571441238403608,34.09342326310559,82.36786762259905,85.23355815776401,205.91966905649764,170.46711631552802,411.8393381129953,340.93423263105603,823.6786762259906,GOOD
20.0,107.5,10000,True,2.485745442902583,126.0180313830139,5.238926953181587,36.71519395504915,91.07996026546927,91.78798488762288,227.69990066367316,183.57596977524577,455.3998013273463,367.15193955049153,910.7996026546926,GOOD
20.0,107.6,10000,False,3.324960096483884,165.95815795761604,8.494509881270586,47.132275629718364,123.61430624894322,117.8306890742959,309.03576562235804,235.6613781485918,618.0715312447161,471.3227562971836,1236.1430624894322,GOOD
20.0,107.7,10000,False,10.472265332503795,523.9016411357846,24.72931054410225,144.6913747559215,411.5877597915504,361.7284368898037,1028.969399478876,723.4568737796073,2057.938798957752,1446.9137475592147,4115.877597915504,ACCEPTABLE
20.0,107.8,10000,False,7.442867403510404,396.8187133625521,32.177182200517954,108.01121441899582,314.46183242950065,270.02803604748954,786.1545810737517,540.0560720949791,1572.3091621475035,1080.1121441899581,3144.618324295007,ACCEPTABLE
20.0,107.9,10000,False,4.350514504060377,243.10403399483496,24.965005677633783,71.52688659435604,188.3894377289264,178.81721648589013,470.973594322316,357.63443297178026,941.947188644632,715.2688659435605,1883.894377289264,GOOD
20.0,108.0,10000,False,4.146863624022215,236.015438539937,16.52149703006999,69.94401037631303,182.51876849358837,174.86002594078258,456.2969212339709,349.72005188156515,912.5938424679418,699.4401037631303,1825.1876849358837,GOOD
20.0,108.1,10000,False,4.327828715831706,250.37590368494108,13.334432839705025,73.06674382945329,192.04122273929798,182.66685957363325,480.10305684824505,365.3337191472665,960.2061136964901,730.667438294533,1920.4122273929802,GOOD
20.0,108.2,10000,False,4.593921719538447,271.33833163583046,22.675662846287512,78.94565105055653,206.62759570322663,197.36412762639128,516.5689892580666,394.72825525278256,1033.1379785161332,789.4565105055651,2066.2759570322664,ACCEPTABLE
20.0,108.3,10000,False,4.878902854107687,295.46270932401677,11.605925395078208,85.93200952682088,224.0880456530159,214.83002381705222,560.2201141325397,429.66004763410444,1120.4402282650794,859.3200952682089,2240.880456530159,ACCEPTABLE
20.0,108.4,10000,False,5.164877314033657,321.73338230029816,14.159251163252488,93.01958320342916,245.41650039509437,232.54895800857292,613.541250987736,465.09791601714585,1227.082501975472,930.1958320342917,2454.165003950944,ACCEPTABLE
20.0,108.5,10000,False,5.446982766371536,349.8254502412797,18.677324238436267,100.93009063684715,268.66754217836353,252.32522659211787,671.6688554459089,504.65045318423574,1343.3377108918178,1009.3009063684715,2686.6754217836356,ACCEPTABLE
20.0,108.6,10000,False,5.7243649611512994,379.6440972666996,14.529911484545131,110.11311972148371,292.83476644377964,275.2827993037093,732.0869161094492,550.5655986074186,1464.1738322188985,1101.1311972148371,2928.347664437797,ACCEPTABLE
20.0,108.7,10000,False,5.997440747700874,411.1769080550933,12.35730098295587,120.00640606032226,316.5252483086181,300.01601515080563,791.3131207715452,600.0320303016113,1582.6262415430904,1200.0640606032225,3165.2524830861807,ACCEPTABLE
20.0,108.8,10000,False,6.266976045431604,444.44046279363255,14.665156747893453,130.29307101822508,341.02427961010955,325.7326775455627,852.5606990252737,651.4653550911254,1705.1213980505474,1302.9307101822508,3410.242796101095,ACCEPTABLE
20.0,108.9,10000,False,6.533759669730218,479.4595529177796,15.466587314734955,141.80580613285568,364.8274684260002,354.5145153321391,912.0686710650006,709.0290306642783,1824.1373421300011,1418.0580613285565,3648.2746842600022,ACCEPTABLE
20.0,109.0,10000,False,6.798491451471092,516.2588770276794,14.449218719122909,152.9455033141121,393.17790647917906,382.3637582852803,982.9447661979476,764.7275165705606,1965.8895323958952,1529.4550331411212,3931.7790647917905,ACCEPTABLE
20.1,104.5,10000,False,6.664244982563049,514.5071390107037,16.773650799810856,147.15837781968207,410.43528783230164,367.8959445492052,1026.0882195807542,735.7918890984104,2052.1764391615084,1471.5837781968207,4104.352878323017,ACCEPTABLE
20.1,104.6,10000,False,6.43323852650546,479.6128078258461,17.10507928697032,137.00081447307636,382.8565418299138,342.50203618269086,957.1413545747845,685.0040723653817,1914.282709149569,1370.0081447307634,3828.565418299138,ACCEPTABLE
20.1,104.7,10000,False,6.205116780073181,446.6278917652238,17.68247698151542,128.60642136325833,356.7438299918742,321.5160534081458,891.8595749796855,643.0321068162916,1783.719149959371,1286.0642136325832,3567.438299918742,ACCEPTABLE
20.1,104.8,10000,False,5.980125995318047,415.5551245725607,15.84676573930817,120.93094808727434,332.10246572609793,302.32737021818593,830.2561643152449,604.6547404363719,1660.5123286304897,1209.3094808727437,3321.0246572609794,ACCEPTABLE
20.1,104.9,10000,False,5.758521012971972,386.3917514933592,16.482519854126338,113.66407009866596,308.2938355565766,284.16017524666495,770.7345888914416,568.3203504933299,1541.4691777828832,1136.6407009866598,3082.9383555657664,ACCEPTABLE
20.1,105.0,10000,False,5.540560004746719,359.1276853927355,17.413880282738177,106.54752936840049,285.59479363921776,266.36882342100125,713.9869840980444,532.7376468420025,1427.973968196089,1065.475293684005,2855.947936392178,ACCEPTABLE
20.1,105.1,10000,False,5.326497645433487,333.74348642004367,18.70295214707155,98.68593554943081,264.1942569201421,246.71483887357698,660.4856423003552,493.42967774715396,1320.9712846007103,986.8593554943079,2641.9425692014206,ACCEPTABLE
20.1,105.2,10000,False,5.116576883743841,310.2083205981654,20.397893085124323,90.9442358631756,244.39451683741808,227.36058965793902,610.9862920935452,454.72117931587803,1221.9725841870904,909.4423586317561,2443.945168374181,ACCEPTABLE
20.1,105.3,10000,False,4.911019782865304,288.47813119066757,22.526022348765146,84.11187215900881,226.15346628374638,210.27968039752204,565.3836657093659,420.5593607950441,1130.7673314187318,841.1187215900882,2261.5346628374637,ACCEPTABLE
20.1,105.4,10000,False,4.71001824513559,268.494320413058,25.09084668002274,78.03754174475705,210.7272145180472,195.09385436189262,526.818036295118,390.18770872378525,1053.636072590236,780.3754174475705,2107.272145180472,ACCEPTABLE
20.1,105.5,10000,False,4.5137257386340615,250.18325941801572,28.07263985382115,72.46439548104566,196.00663973643424,181.16098870261413,490.01659934108557,362.32197740522827,980.0331986821711,724.6439548104565,1960.0663973643423,GOOD
20.1,105.6,10000,False,4.322251297187928,233.45689410438953,31.431148296299085,67.99853004238143,181.97159402650178,169.9963251059536,454.9289850662544,339.9926502119072,909.8579701325089,679.9853004238144,1819.7159402650177,GOOD
20.1,105.7,10000,False,4.13565696933713,218.21458162167224,35.10925419649113,64.01623237769013,169.85949528493867,160.04058094422533,424.6487382123467,320.08116188845065,849.2974764246934,640.1623237769013,1698.5949528493868,GOOD
20.1,105.8,10000,False,3.9539595090698203,204.3460952360359,37.66981966697559,60.491048105033244,158.79934557646607,151.22762026258317,396.9983639411652,302.45524052516635,793.9967278823304,604.9104810503327,1587.993455764661,GOOD
20.1,105.9,10000,False,3.7771364971758588,191.73552259262493,39.2762616198069,56.69256990626758,148.70178349959878,141.73142476566898,371.75445874899697,283.46284953133795,743.5089174979939,566.9256990626759,1487.0178349959879,GOOD
20.1,106.0,10000,False,3.605136419525574,180.26561899128276,41.399190367063646,53.04815949954409,139.475885876044,132.62039874886023,348.68971469011,265.24079749772045,697.37942938022,530.4815949954409,1394.75885876044,GOOD
20.1,106.1,10000,False,3.4378917080120193,169.8221151179275,43.258501681067,49.78594407982446,131.0325462402655,124.46486019956116,327.58136560066373,248.92972039912232,655.1627312013275,497.85944079824463,1310.325462402655,GOOD
20.1,106.2,10000,False,3.275333526934393,160.2975329289261,44.19204702139044,47.1282463653219,123.28008217411588,117.82061591330475,308.2002054352897,235.6412318266095,616.4004108705794,471.282463653219,1232.8008217411589,GOOD
20.1,106.3,10000,False,3.1174072173860656,151.5942075358159,45.511061819783656,44.392949740020256,116.0865048034909,110.98237435005065,290.2162620087272,221.9647487001013,580.4325240174544,443.9294974002026,1160.8650480349088,GOOD
20.1,106.4,10000,False,2.9640877550992952,143.62639537048693,47.21486438843934,42.31375850352726,109.45345660566343,105.78439625881816,273.6336415141586,211.56879251763633,547.2672830283173,423.13758503527265,1094.5345660566345,GOOD
20.1,106.5,10000,False,2.81539526171346,136.32151913577613,49.28947991592513,40.37085185226336,103.32163504511837,100.9271296306584,258.3040876127959,201.8542592613168,516.6081752255918,403.7085185226336,1033.2163504511836,GOOD
20.1,106.6,10000,False,2.6714115261317763,129.62072931631627,51.71414520113088,38.63996050786085,97.48217325923729,96.59990126965212,243.70543314809322,193.19980253930424,487.41086629618644,386.3996050786085,974.8217325923729,GOOD
20.1,106.7,10000,True,2.53229981023104,123.47905174245584,54.23782246487378,36.97677530228066,92.00064771256734,92.44193825570164,230.00161928141836,184.8838765114033,460.0032385628367,369.7677530228066,920.0064771256734,GOOD
20.1,106.8,10000,True,2.3983324724556705,117.86547398796675,56.224741720085625,35.27384685163537,86.92441674850443,88.18461712908842,217.3110418712611,176.36923425817685,434.6220837425222,352.7384685163537,869.2441674850444,GOOD
20.1,106.9,10000,True,2.269935529948388,112.76347558234575,58.05965257836091,33.923973852051226,82.22516425895449,84.80993463012805,205.56291064738622,169.6198692602561,411.12582129477244,339.2397385205122,822.2516425895449,GOOD
20.1,107.0,10000,True,2.1477698014877626,108.17289817541545,59.566410212613945,32.84235234589261,77.89157315483595,82.10588086473153,194.7289328870899,164.21176172946306,389.4578657741798,328.4235234589261,778.9157315483596,GOOD
20.1,107.1,10000,True,2.0328949673875876,104.11513993534898,44.39191109411364,31.815495229875495,74.35835548935094,79.53873807468874,185.8958887233773,159.07747614937747,371.7917774467546,318.15495229875495,743.5835548935092,GOOD
20.1,107.2,10000,True,1.9271385267773933,100.64691684002472,26.20594971793873,31.16770879731867,71.25133330698499,77.91927199329666,178.12833326746244,155.83854398659332,356.2566665349249,311.67708797318664,712.5133330698498,GOOD
20.1,107.3,10000,True,1.8340387251612953,97.8989055018068,7.289553174342062,30.350458869790508,68.67321700152763,75.87614717447627,171.68304250381908,151.75229434895255,343.36608500763816,303.5045886979051,686.7321700152763,GOOD
20.1,107.4,10000,True,1.7617127733475157,96.20120251800837,5.905151705560736,29.812739762282725,66.93548442713198,74.5318494057068,167.33871106782993,149.0636988114136,334.67742213565987,298.1273976228272,669.3548442713197,GOOD
20.1,107.5,10000,True,1.7342264179129505,96.60824929214319,8.21474305344383,29.977931128953585,66.98478786762553,74.94482782238396,167.46196966906385,149.8896556447679,334.9239393381277,299.7793112895358,669.8478786762554,GOOD
20.1,107.6,10000,True,1.8628813888563842,104.33192605873826,3.6322404125528034,32.16726209192796,73.67285312941496,80.4181552298199,184.18213282353742,160.8363104596398,368.36426564707483,321.6726209192796,736.7285312941497,GOOD
20.1,107.7,10000,False,3.4716814203973385,185.1913468768611,25.478069423084122,52.537781368376145,142.67724053403526,131.34445342094034,356.69310133508816,262.6889068418807,713.3862026701763,525.3778136837614,1426.7724053403526,GOOD
20.1,107.8,10000,False,10.07611858794304,522.6683245950142,33.849024553614875,148.93606024036924,410.9070716540195,372.3401506009231,1027.2676791350489,744.6803012018462,2054.5353582700977,1489.3606024036924,4109.0707165401955,ACCEPTABLE
20.1,107.9,10000,False,5.44525999040329,284.6356664396379,31.448469931462913,82.34368483665344,221.43035877777348,205.8592120916336,553.5758969444337,411.7184241832672,1107.1517938888674,823.4368483665344,2214.3035877777347,ACCEPTABLE
20.1,108.0,10000,False,5.238827704613623,278.76195721449733,17.32028210318201,80.92219440468664,217.3967217865224,202.30548601171657,543.4918044663059,404.61097202343313,1086.9836089326118,809.2219440468663,2173.9672178652236,ACCEPTABLE
20.1,108.1,10000,False,5.36527218000581,292.90127106128955,14.812104648023046,86.10824707301254,225.9847447000159,215.27061768253134,564.9618617500398,430.5412353650627,1129.9237235000796,861.0824707301254,2259.8474470001593,ACCEPTABLE
20.1,108.2,10000,False,5.561883727780783,312.960243344897,6.617912600415727,92.4671540496898,238.93166021670416,231.1678851242245,597.3291505417604,462.335770248449,1194.6583010835209,924.671540496898,2389.3166021670418,ACCEPTABLE
20.1,108.3,10000,False,5.779104230478666,336.1441169631014,15.096978434138958,100.2496779505519,255.46817907701742,250.62419487637976,638.6704476925436,501.2483897527595,1277.3408953850872,1002.496779505519,2554.6817907701743,ACCEPTABLE
20.1,108.4,10000,False,6.003663758342046,361.66193135115276,16.653708954024236,107.71830367205006,274.4207757420362,269.2957591801252,686.0519393550904,538.5915183602503,1372.1038787101809,1077.1830367205007,2744.2077574203618,ACCEPTABLE
20.1,108.5,10000,False,6.23144837712909,389.25094990143685,6.117409805916268,116.24073947527665,294.4359054005049,290.6018486881916,736.0897635012623,581.2036973763832,1472.1795270025245,1162.4073947527663,2944.359054005049,ACCEPTABLE
20.1,108.6,10000,False,6.461182259495885,418.8199054978002,13.154238764560365,125.27798927903315,315.45397975786625,313.19497319758284,788.6349493946655,626.3899463951657,1577.269898789331,1252.7798927903314,3154.539797578662,ACCEPTABLE
20.1,108.7,10000,False,6.692556860285475,450.3393656522469,14.449218719122909,133.96684862469232,337.99316763929744,334.91712156173077,844.9829190982434,669.8342431234615,1689.9658381964869,1339.668486246923,3379.9316763929737,ACCEPTABLE
20.1,108.8,10000,False,6.925585601729471,483.80247652962004,14.77440356521244,144.62818644877098,362.06280584908893,361.57046612192744,905.1570146227223,723.1409322438549,1810.3140292454445,1446.2818644877098,3620.628058490889,ACCEPTABLE
20.1,108.9,10000,False,7.160361838747588,519.2095607355787,13.423943097868202,156.08834439771266,387.79806025775633,390.2208609942815,969.4951506443907,780.441721988563,1938.9903012887814,1560.883443977126,3877.980602577563,ACCEPTABLE
20.1,109.0,10000,False,7.396967793716265,556.5618886533005,10.00545659629404,167.89386086958365,416.4275313730077,419.73465217395903,1041.0688284325192,839.4693043479181,2082.1376568650385,1678.9386086958361,4164.275313730077,ACCEPTABLE
20.2,104.5,10000,False,6.594611288833397,506.77654893369294,15.84676573930817,145.27042148035503,403.92327043181336,363.17605370088756,1009.8081760795334,726.3521074017751,2019.6163521590668,1452.7042148035503,4039.2327043181335,ACCEPTABLE
20.2,104.6,10000,False,6.366021663966196,472.993698001218,16.482519854126338,135.2265145145438,377.2014572581114,338.0662862863595,943.0036431452784,676.132572572719,1886.0072862905567,1352.265145145438,3772.0145725811135,ACCEPTABLE
20.2,104.7,10000,False,6.140195120022769,441.05748378978734,17.413880282738177,126.37506350604923,351.90084734370424,315.93765876512305,879.7521183592606,631.8753175302461,1759.5042367185213,1263.7506350604922,3519.0084734370425,ACCEPTABLE
20.2,104.8,10000,False,5.917336579241606,410.9609620824214,15.349639574205291,118.87905334895734,328.0188090611535,297.1976333723934,820.0470226528837,594.3952667447868,1640.0940453057674,1188.7905334895736,3280.188090611535,ACCEPTABLE
20.2,104.9,10000,False,5.6976543308775165,382.6913127831027,16.296924301986635,111.77065010055367,305.5481846478422,279.4266252513843,763.8704616196057,558.8532505027686,1527.7409232392115,1117.7065010055371,3055.481846478423,ACCEPTABLE
20.2,105.0,10000,False,5.481355513433106,356.22842662710224,17.554688231194156,105.06967445093036,283.86611082665144,262.6741861273259,709.6652770666286,525.3483722546518,1419.3305541332572,1050.6967445093037,2838.6611082665145,ACCEPTABLE
20.2,105.1,10000,False,5.268640612994816,331.5434640064516,19.158071843367253,98.55753614084233,263.4146071063731,246.39384035210583,658.5365177659329,492.78768070421165,1317.0730355318658,985.5753614084233,2634.1460710637316,ACCEPTABLE
20.2,105.2,10000,False,5.059697183133956,308.59751797665695,21.128089092534765,91.25715601299622,244.17146569940508,228.14289003249053,610.4286642485127,456.28578006498105,1220.8573284970255,912.5715601299621,2441.714656994051,ACCEPTABLE
20.2,105.3,10000,False,4.854693180685415,287.34055393089255,23.470133893158668,84.29372989253984,226.38691893625656,210.7343247313496,565.9672973406414,421.4686494626992,1131.9345946812828,842.9372989253984,2263.8691893625655,ACCEPTABLE
20.2,105.4,10000,False,4.653770503490576,267.71082168248284,26.174198837876926,77.94531239578664,210.00456354369408,194.86328098946663,525.0114088592352,389.72656197893326,1050.0228177184704,779.4531239578665,2100.0456354369408,ACCEPTABLE
20.2,105.5,10000,False,4.457039462097074,249.63492703808816,29.21602587895027,72.43972748057804,195.72976257040645,181.09931870144513,489.32440642601614,362.19863740289026,978.6488128520323,724.3972748057805,1957.2976257040646,GOOD
20.2,105.6,10000,False,4.26457496108548,233.0286985024791,32.55867803132452,67.37374994041906,182.3591863961473,168.4343748510476,455.8979659903683,336.8687497020952,911.7959319807366,673.7374994041904,1823.591863961473,GOOD
20.2,105.7,10000,False,4.076415063254573,217.79889029983593,35.54724189847813,63.13611562174314,169.7853458656088,157.84028905435787,424.46336466402204,315.68057810871574,848.9267293280441,631.3611562174315,1697.8534586560882,GOOD
20.2,105.8,10000,False,3.8925623530845423,203.84564037143392,36.95063625218415,59.68814793058855,158.15838864244415,149.22036982647137,395.3959716061104,298.44073965294274,790.7919432122208,596.8814793058855,1581.5838864244415,GOOD
20.2,105.9,10000,False,3.712988145991453,191.0654799536281,38.83172372280955,56.04640611240504,147.72650705884453,140.1160152810126,369.3162676471113,280.2320305620252,738.6325352942226,560.4640611240504,1477.2650705884453,GOOD
20.2,106.0,10000,False,3.537639190881548,179.3546028501771,41.17770928041801,52.99335154190965,138.30717525175365,132.48337885477412,345.7679381293841,264.96675770954823,691.5358762587682,529.9335154190965,1383.0717525175364,GOOD
20.2,106.1,10000,False,3.3664461835757318,168.61207218148354,42.63151846724228,50.12271546494608,129.62189577844435,125.30678866236518,324.05473944611094,250.61357732473036,648.1094788922219,501.2271546494607,1296.2189577844438,GOOD
20.2,106.2,10000,False,3.1993332228963403,158.74267609312554,43.83522447151023,47.46700910224622,121.5952007104261,118.66752275561558,303.9880017760652,237.33504551123116,607.9760035521304,474.6700910224623,1215.9520071042607,GOOD
20.2,106.3,10000,False,3.0362273255343193,149.65922721483807,45.42233220891699,44.53722838197345,114.15728645544422,111.34307095493364,285.3932161386106,222.68614190986727,570.7864322772213,445.37228381973455,1141.5728645544425,GOOD
20.2,106.4,10000,False,2.8770672459469084,141.28420645505392,47.396698616852916,42.285746967917355,107.24524656150186,105.71436741979338,268.1131164037547,211.42873483958675,536.2262328075094,422.8574696791735,1072.4524656150188,GOOD
20.2,106.5,10000,False,2.7218110730055085,133.55075211230155,49.753378652084706,40.31969938296005,100.80376791115668,100.79924845740013,252.0094197778917,201.59849691480025,504.0188395557834,403.1969938296005,1008.0376791115668,GOOD
20.2,106.6,10000,False,2.5704423608326734,126.40307172641637,52.48423149950694,38.45086513375487,94.88045657680539,96.12716283438718,237.20114144201347,192.25432566877436,474.40228288402693,384.5086513375487,948.8045657680539,GOOD
20.2,106.7,10000,False,2.422974938546451,119.79640240739475,55.58295015499109,36.541417267172015,89.4623768391931,91.35354316793004,223.65594209798272,182.70708633586008,447.31188419596543,365.41417267172017,894.6237683919309,GOOD
20.2,106.8,10000,True,2.279457273855535,113.69667765847636,59.048670732055214,34.6577125014912,84.31762292743986,86.64428125372801,210.79405731859964,173.28856250745602,421.5881146371993,346.57712501491204,843.1762292743986,GOOD
20.2,106.9,10000,True,2.1399791342830716,108.0801094306382,62.8878526772513,33.31638005194159,79.18927376073857,83.29095012985398,197.97318440184648,166.58190025970796,395.94636880369296,333.16380051941593,791.8927376073859,GOOD
20.2,107.0,10000,True,2.0046888363210464,102.93304893139549,66.644549272734,31.933071115514416,74.3864453890559,79.83267778878604,185.96611347263976,159.6653555775721,371.9322269452795,319.3307111551442,743.864453890559,GOOD
20.2,107.1,10000,True,1.873847294545243,98.25299611026934,58.826145203324344,30.668347961624725,69.92998434057203,76.67086990406182,174.82496085143006,153.34173980812363,349.6499217028601,306.68347961624727,699.2998434057203,GOOD
20.2,107.2,10000,True,1.7480086298480968,94.0533321372773,38.24900609635681,29.76108837501868,66.15899448962395,74.40272093754669,165.3974862240599,148.80544187509338,330.7949724481198,297.61088375018676,661.5899448962396,GOOD
20.2,107.3,10000,True,1.6286725447592467,90.38065787515313,16.534816628235514,29.312719109798486,62.58135184039215,73.28179777449621,156.45337960098038,146.56359554899242,312.90675920196077,293.12719109798485,625.8135184039215,GOOD
20.2,107.4,10000,True,1.5209634468179376,87.38113368266055,4.071726516935484,29.08370913598663,60.7435899612088,72.70927283996659,151.858974903022,145.41854567993317,303.717949806044,290.83709135986635,607.435899612088,GOOD
20.2,107.5,10000,True,1.4467325443748937,85.60495904339089,5.46158158682559,28.838204107042174,59.581097669961935,72.09551026760543,148.9527441749048,144.19102053521087,297.9054883498096,288.38204107042174,595.8109766996192,GOOD
20.2,107.6,10000,True,1.5169789362523254,87.93152132725207,4.680941485671472,29.397495256876795,61.89508721865347,73.493738142192,154.7377180466337,146.987476284384,309.4754360932674,293.974952568768,618.9508721865348,GOOD
20.2,107.7,10000,True,2.3708755933721006,118.06275452799395,13.334432839705025,36.4543596089452,85.00273647524057,91.13589902236299,212.50684118810145,182.27179804472598,425.0136823762029,364.54359608945197,850.0273647524058,GOOD
20.2,107.8,10000,False,10.09006657245061,454.182053987629,24.612179922038735,132.15028637545717,341.6051670571566,330.37571593864294,854.0129176428914,660.7514318772859,1708.0258352857827,1321.5028637545718,3416.0516705715654,ACCEPTABLE
20.2,107.9,10000,False,23.801487306509834,1104.5169777057629,25.635585315253003,317.68419460746236,836.9401588811428,794.2104865186559,2092.350397202857,1588.4209730373118,4184.700794405714,3176.8419460746236,8369.401588811428,POOR
20.2,108.0,10000,False,10.69784146076925,520.588779335011,17.946368536278985,153.8339915545404,400.72053638443674,384.58497888635094,1001.8013409610917,769.1699577727019,2003.6026819221834,1538.3399155454038,4007.2053638443667,ACCEPTABLE
20.2,108.1,10000,False,8.663545171782628,441.5103997062288,10.738324506193308,128.50717913441113,337.5512312476159,321.2679478360279,843.8780781190399,642.5358956720557,1687.7561562380797,1285.0717913441115,3375.5123124761594,ACCEPTABLE
20.2,108.2,10000,False,7.965963974749463,424.49877574671467,12.912815683334838,124.12154998596796,321.52904056545475,310.30387496491994,803.8226014136369,620.6077499298399,1607.6452028272738,1241.2154998596798,3215.2904056545476,ACCEPTABLE
20.2,108.3,10000,False,7.689369692880285,428.132446780314,9.268548232317274,128.95161465143383,321.6694696988583,322.37903662858463,804.1736742471458,644.7580732571693,1608.3473484942915,1289.5161465143385,3216.694696988583,ACCEPTABLE
20.2,108.4,10000,False,7.598586689682159,441.8498086211835,7.978335600444981,133.63000694493542,330.6870981091092,334.0750173623386,826.7177452727732,668.1500347246772,1653.4354905455464,1336.3000694493544,3306.8709810910927,ACCEPTABLE
20.2,108.5,10000,False,7.6067817787848435,461.78075427770403,11.622794403347429,141.08749189652482,346.14881381190384,352.718729741312,865.3720345297597,705.437459482624,1730.7440690595195,1410.874918965248,3461.488138119039,ACCEPTABLE
20.2,108.6,10000,False,7.674693526504101,486.1884765432515,13.092153057376107,149.08361236453,364.6365161605472,372.70903091132504,911.591290401368,745.4180618226501,1823.182580802736,1490.8361236453002,3646.365161605472,ACCEPTABLE
20.2,108.7,10000,False,7.782019511108831,514.1808866562726,13.088901028970245,157.66409263446923,383.5895028594838,394.16023158617304,958.9737571487096,788.3204631723461,1917.9475142974193,1576.6409263446922,3835.8950285948385,ACCEPTABLE
20.2,108.8,10000,False,7.917168381921377,545.2511775390559,8.646759351546379,167.59203439593242,407.72616018609716,418.980085989831,1019.3154004652428,837.960171979662,2038.6308009304855,1675.920343959324,4077.261601860971,ACCEPTABLE
20.2,108.9,10000,False,8.072983033049468,579.0869805697558,12.40964388747465,177.00189330796442,433.86794012348787,442.50473326991107,1084.6698503087196,885.0094665398221,2169.339700617439,1770.0189330796443,4338.679401234878,ACCEPTABLE
20.2,109.0,10000,False,8.244750880614667,615.48205201136,13.986751045410946,188.41576992882685,461.86806948983246,471.0394248220671,1154.6701737245812,942.0788496441342,2309.3403474491624,1884.1576992882683,4618.680694898325,ACCEPTABLE
20.3,104.5,10000,False,6.541018811653379,501.5113230764915,15.349639574205291,144.11473374350177,399.3563607525409,360.28683435875445,998.3909018813523,720.5736687175089,1996.7818037627046,1441.1473374350178,3993.563607525409,ACCEPTABLE
20.3,104.6,10000,False,6.31482996229891,468.6796493131904,16.296924301986635,134.39530748918511,373.3679132764646,335.98826872296286,933.4197831911616,671.9765374459257,1866.8395663823233,1343.9530748918514,3733.6791327646465,ACCEPTABLE
20.3,104.7,10000,False,6.091291397746692,437.6312902067508,17.554688231194156,125.39218689946316,348.7545383843549,313.4804672486579,871.8863459608874,626.9609344973157,1743.7726919217748,1253.9218689946315,3487.5453838435496,ACCEPTABLE
20.3,104.8,10000,False,5.870574961453137,408.3517655145267,15.270681103285675,117.3384046509634,325.5073400132664,293.34601162740853,813.7683500331661,586.6920232548171,1627.5367000663323,1173.3840465096341,3255.0734001326646,ACCEPTABLE
20.3,104.9,10000,False,5.652852779165653,380.82075611209495,16.50329707045398,110.38288839827084,303.6128507664776,275.95722099567706,759.032126916194,551.9144419913541,1518.064253832388,1103.8288839827082,3036.128507664776,ACCEPTABLE
20.3,105.0,10000,False,5.438293557649302,355.0110598633951,18.03370530646601,103.85962484113139,283.05215717823785,259.64906210282845,707.6303929455946,519.2981242056569,1415.2607858911892,1038.5962484113138,2830.5215717823785,ACCEPTABLE
20.3,105.1,10000,False,5.2270583053547455,330.88760192031896,19.877506829704547,97.69696056148166,263.4951412821349,244.24240140370415,658.7378532053374,488.4848028074083,1317.4757064106748,976.9696056148166,2634.9514128213495,ACCEPTABLE
20.3,105.2,10000,False,5.0192956753183315,308.40660335147726,22.03996975166228,91.6704575442637,245.02903803201747,229.17614386065924,612.5725950800437,458.3522877213185,1225.1451901600874,916.704575442637,2450.290380320175,ACCEPTABLE
20.3,105.3,10000,False,4.8151372483875186,287.51503050157424,24.516170325307304,85.24245026617163,227.66494931384005,213.10612566542903,569.1623732846002,426.21225133085807,1138.3247465692004,852.4245026617161,2276.649493138401,ACCEPTABLE
20.3,105.4,10000,False,4.614693183359861,268.15045142592425,27.291437947195487,79.01878565684393,211.55512219033994,197.5469641421098,528.8878054758497,395.0939282842196,1057.7756109516995,790.1878565684392,2115.551221903399,ACCEPTABLE
20.3,105.5,10000,False,4.4180487319319806,250.2414080189339,30.341898812419117,73.32289921380828,196.69776024511998,183.30724803452068,491.7444006127999,366.61449606904137,983.4888012255998,733.2289921380827,1966.9776024511996,GOOD
20.3,105.6,10000,False,4.2252621223631746,233.7083695224694,33.29034173060056,68.1563658064486,183.0222630902624,170.39091451612154,457.5556577256561,340.7818290322431,915.1113154513122,681.5636580644862,1830.2226309026244,GOOD
20.3,105.7,10000,False,4.036364238598942,218.4652679555558,34.51299157542107,63.708582148992555,170.7708168283595,159.2714553724814,426.9270420708988,318.5429107449628,853.8540841417976,637.0858214899256,1707.7081682835951,GOOD
20.3,105.8,10000,False,3.85136036409472,204.4215394296817,36.168280067340014,59.65402412778644,159.5992856065452,149.1350603194661,398.998214016363,298.2701206389322,797.996428032726,596.5402412778644,1595.992856065452,GOOD
20.3,105.9,10000,False,3.670234050460375,191.48452400417042,38.26050587591771,55.964656286370385,149.13223222853844,139.91164071592596,372.8305805713461,279.8232814318519,745.6611611426922,559.6465628637038,1491.3223222853844,GOOD
20.3,106.0,10000,False,3.4929529609924006,179.56202831480718,40.67319709123386,52.68988040686628,139.40903506688304,131.72470101716573,348.5225876672076,263.44940203433146,697.0451753344151,526.8988040686629,1394.0903506688303,GOOD
20.3,106.1,10000,False,3.3194763886673044,168.56484199119262,41.72376294875945,50.11015480115033,130.46266557481997,125.27538700287583,326.1566639370499,250.55077400575166,652.3133278740999,501.1015480115033,1304.6266557481997,GOOD
20.3,106.2,10000,False,3.14976411416314,158.40902344316723,43.135163766187546,47.78733029711456,122.22051706164105,119.4683257427864,305.55129265410267,238.9366514855728,611.1025853082053,477.8733029711456,1222.2051706164107,GOOD
20.3,106.3,10000,False,2.9837864013011584,149.0178254830301,44.923639841115865,45.074067781034074,114.6159130807093,112.6851694525852,286.5397827017733,225.3703389051704,573.0795654035466,450.7406778103408,1146.159130807093,GOOD
20.3,106.4,10000,False,2.821535283553175,140.32320296361988,47.095500774926826,42.291055074744094,107.58935705622503,105.72763768686022,268.97339264056257,211.45527537372044,537.9467852811251,422.9105507474409,1075.8935705622503,GOOD
20.3,106.5,10000,False,2.66303799541557,132.26692008994056,49.651443757603175,40.072800290937394,101.0849705806115,100.18200072734348,252.71242645152876,200.36400145468696,505.4248529030575,400.7280029093739,1010.849705806115,GOOD
20.3,106.6,10000,False,2.508374744531215,124.8013484342449,52.59130301962984,38.37707412288985,94.75663651484565,95.94268530722464,236.8915912871141,191.88537061444927,473.7831825742282,383.77074122889854,947.5663651484564,GOOD
20.3,106.7,10000,False,2.357705755557533,117.89012610709685,55.91813719917963,36.785610984124936,88.68722871008832,91.96402746031237,221.7180717752208,183.92805492062473,443.4361435504416,367.85610984124946,886.8722871008832,GOOD
20.3,106.8,10000,False,2.211318550642699,111.50896721514954,59.640871965876656,35.354401929298724,82.9690251825846,88.38600482324682,207.42256295646155,176.77200964649364,414.8451259129231,353.5440192929873,829.6902518258462,GOOD
20.3,106.9,10000,True,2.069720770058633,105.64715543268426,63.77492794362579,33.65741709871257,77.62111768367716,84.14354274678143,194.05279420919285,168.28708549356287,388.1055884183857,336.57417098712574,776.2111768367714,GOOD
20.3,107.0,10000,True,1.9338403489074572,100.31085150116766,68.34013807401232,32.02152350720347,72.6364810828918,80.05380876800868,181.59120270722948,160.10761753601736,363.18240541445897,320.2152350720347,726.3648108289179,GOOD
20.3,107.1,10000,True,1.80549422130947,95.530923454947,73.35448544861258,30.786338136981612,68.02414619761984,76.96584534245405,170.06036549404962,153.9316906849081,340.12073098809924,307.8633813698162,680.2414619761985,GOOD
20.3,107.2,10000,True,1.6885726826249337,91.38251936974736,55.91086239660097,30.177233518454454,64.40141804350756,75.44308379613614,161.0035451087689,150.88616759227227,322.0070902175378,301.77233518454454,644.0141804350756,GOOD
20.3,107.3,10000,True,1.5922173391258914,88.0377279193516,34.347362482553905,29.238807504815448,62.068541155334785,73.09701876203863,155.17135288833697,146.19403752407726,310.34270577667394,292.3880750481545,620.6854115533479,GOOD
20.3,107.4,10000,True,1.5393130278198475,85.92211459716609,14.726902232552057,28.57781966364916,59.78897771503899,71.44454915912291,149.47244428759745,142.88909831824583,298.9448885751949,285.77819663649166,597.8897771503898,GOOD
20.3,107.5,10000,True,1.5856881393007896,86.24091718140782,8.41913057078496,28.61335659495805,62.04193801602903,71.53339148739511,155.1048450400726,143.06678297479021,310.2096900801452,286.13356594958043,620.4193801602904,GOOD
20.3,107.6,10000,True,1.8575760281242844,92.96871936286782,6.0652514455924695,29.96410345440652,63.61094674748454,74.9102586360163,159.02736686871134,149.8205172720326,318.0547337374227,299.6410345440652,636.1094674748454,GOOD
20.3,107.7,10000,True,2.685608697049708,120.42853599523636,6.617912600415727,36.915457022277394,84.59506209555019,92.2886425556935,211.48765523887548,184.577285111387,422.97531047775095,369.154570222774,845.9506209555019,GOOD
20.3,107.8,10000,False,5.117446462669569,217.85575509050025,10.738324506193308,66.73253607448174,159.692743370229,166.83134018620433,399.2318584255725,333.66268037240866,798.463716851145,667.3253607448173,1596.92743370229,GOOD
20.3,107.9,10000,False,13.870064348787212,602.9917231180507,12.912815683334838,175.04447974782224,454.8484158615481,437.6111993695556,1137.1210396538702,875.2223987391112,2274.2420793077404,1750.4447974782224,4548.484158615481,ACCEPTABLE
20.3,108.0,10000,False,82.99522116279991,3789.143717806471,13.860511569245892,1029.4244481016203,2963.3608892536895,2573.5611202540504,7408.402223134224,5147.122240508101,14816.804446268448,10294.244481016201,29633.608892536897,VERY POOR
20.3,108.1,10000,False,22.40321480616467,1079.5230657941202,12.802045887012012,311.0209867825746,793.1104530693885,777.5524669564363,1982.7761326734712,1555.1049339128726,3965.5522653469425,3110.2098678257453,7931.104530693885,POOR
20.3,108.2,10000,False,14.472178145604055,735.60761558218,4.113368727153309,213.81970923102443,544.9560970954715,534.5492730775611,1362.3902427386786,1069.0985461551222,2724.780485477357,2138.1970923102444,5449.560970954714,ACCEPTABLE
20.3,108.3,10000,False,11.846476250319872,634.2633011659354,3.6149980902816456,187.9714550662838,474.1822009166447,469.9286376657094,1185.4555022916118,939.8572753314188,2370.9110045832235,1879.7145506628376,4741.822009166447,ACCEPTABLE
20.3,108.4,10000,False,10.630107493296277,598.6487901375302,6.623738713325131,178.19052798201443,449.58326711718945,445.47631995503605,1123.9581677929737,890.9526399100721,2247.9163355859473,1781.9052798201442,4495.832671171895,ACCEPTABLE
20.3,108.5,10000,False,9.988427414451273,590.8990591863711,9.02035959143424,176.16679424903765,444.9503010053372,440.41698562259404,1112.375752513343,880.8339712451881,2224.751505026686,1761.6679424903762,4449.503010053372,ACCEPTABLE
20.3,108.6,10000,False,9.637630769214661,598.1575078404461,6.823642969386102,180.84598204923685,451.2717564283531,452.1149551230921,1128.1793910708825,904.2299102461842,2256.358782141765,1808.4598204923684,4512.71756428353,ACCEPTABLE
20.3,108.7,10000,False,9.45504163493417,614.8752049665934,10.658609050166529,186.97420864006745,464.6115480682801,467.43552160016856,1161.5288701707002,934.8710432003371,2323.0577403414004,1869.7420864006742,4646.115480682801,ACCEPTABLE
20.3,108.8,10000,False,9.378972720267202,638.2644892511396,12.651772633103995,194.71769839032845,482.97710704968216,486.79424597582124,1207.4427676242053,973.5884919516425,2414.8855352484106,1947.176983903285,4829.771070496821,ACCEPTABLE
20.3,108.9,10000,False,9.374945621227896,666.7669190416387,12.877712236949758,204.9016100276579,505.24680554939516,512.2540250691449,1263.1170138734878,1024.5080501382897,2526.2340277469757,2049.0161002765794,5052.468055493951,ACCEPTABLE
20.3,109.0,10000,False,9.422113174449958,699.438431613187,13.28311005242576,215.5116208203732,530.4846807495625,538.779052050933,1326.2117018739061,1077.558104101866,2652.4234037478122,2155.116208203732,5304.8468074956245,ACCEPTABLE
20.4,104.5,10000,False,6.5026928360763865,498.4824408867194,15.270681103285675,143.30033618799567,396.4608376032842,358.25084046998916,991.1520940082105,716.5016809399783,1982.304188016421,1433.0033618799566,3964.608376032842,ACCEPTABLE
20.4,104.6,10000,False,6.278930971777814,466.4644197027558,16.50329707045398,134.17531864978545,371.1935886895591,335.43829662446365,927.9839717238976,670.8765932489273,1855.9679434477953,1341.7531864978546,3711.9358868955906,ACCEPTABLE
20.4,104.7,10000,False,6.057721339915481,436.1677695141032,18.03370530646601,125.41746017710355,347.1612420326867,313.5436504427589,867.9031050817168,627.0873008855178,1735.8062101634337,1254.1746017710357,3471.6124203268673,ACCEPTABLE
20.4,104.8,10000,False,5.839210154013605,407.5722890339453,15.564567777790732,117.35872519360267,324.4444844086821,293.39681298400666,811.1112110217053,586.7936259680133,1622.2224220434107,1173.5872519360266,3244.4448440868214,ACCEPTABLE
20.4,104.9,10000,False,5.623542378751973,380.6522252670332,17.033995017786967,109.79564798872966,303.02519567884923,274.48911997182415,757.5629891971232,548.9782399436483,1515.1259783942464,1097.9564798872966,3030.251956788493,ACCEPTABLE
20.4,105.0,10000,False,5.410858841473488,355.37552918314526,18.77330288067491,103.18013551564715,282.88022344784764,257.95033878911795,707.2005586196191,515.9006775782359,1414.4011172392381,1031.8013551564718,2828.8022344784763,ACCEPTABLE
20.4,105.1,10000,False,5.201293053009872,331.7032068357989,20.787016488608465,97.08076790974711,263.98081912894895,242.7019197743678,659.9520478223726,485.4038395487356,1319.9040956447452,970.8076790974712,2639.8081912894904,ACCEPTABLE
20.4,105.2,10000,False,4.994967922002691,309.58884435124196,23.072934860536332,91.26760866985063,246.29220697381896,228.16902167462655,615.7305174345474,456.3380433492531,1231.4610348690949,912.6760866985062,2462.9220697381897,ACCEPTABLE
20.4,105.3,10000,False,4.791992623203606,288.97839187471766,25.622233059710915,85.54010558552255,229.63610610140356,213.85026396380638,574.0902652535088,427.70052792761277,1148.1805305070177,855.4010558552255,2296.3610610140354,ACCEPTABLE
20.4,105.4,10000,False,4.5924599464128955,269.8102872776965,28.419508812646868,80.15440331960019,213.9648375037511,200.38600829900045,534.9120937593777,400.7720165980009,1069.8241875187555,801.5440331960018,2139.648375037511,ACCEPTABLE
20.4,105.5,10000,False,4.396444493952742,252.01598207397032,30.972658751146046,74.4968858081802,199.3484474245312,186.2422145204505,498.371118561328,372.484429040901,996.742237122656,744.968858081802,1993.484474245312,GOOD
20.4,105.6,10000,False,4.204002098357485,235.52089907827738,32.03385070590651,69.4013120461814,185.74691042568503,173.50328011545346,464.36727606421243,347.0065602309069,928.7345521284249,694.0131204618139,1857.4691042568497,GOOD
20.4,105.7,10000,False,4.015170793847493,220.24580725145802,33.48311548130796,64.69517837993749,173.19258228157247,161.73794594984372,432.9814557039312,323.47589189968744,865.9629114078624,646.9517837993749,1731.9258228157248,GOOD
20.4,105.8,10000,False,3.829973604120532,206.1085513008632,35.33470312855225,60.81169949041117,161.48384831397192,152.02924872602796,403.70962078492977,304.0584974520559,807.4192415698595,608.1169949041118,1614.838483139719,GOOD
20.4,105.9,10000,False,3.6484233305045026,193.02603193324316,37.58067593364098,57.30252097017599,150.61425593625725,143.25630242543997,376.53563984064317,286.51260485087994,753.0712796812863,573.0252097017599,1506.1425593625727,GOOD
20.4,106.0,10000,False,3.4705294803168747,180.91630705175675,39.332724730222324,53.563045037077146,141.18826923974902,133.90761259269286,352.97067309937256,267.8152251853857,705.9413461987451,535.6304503707714,1411.8826923974902,GOOD
20.4,106.1,10000,False,3.296307521973726,169.70068137744266,40.53775710447113,50.39048012080711,132.47411545093107,125.97620030201779,331.1852886273276,251.95240060403557,662.3705772546552,503.90480120807115,1324.7411545093105,GOOD
20.4,106.2,10000,False,3.125790865279489,159.30567366350883,42.093189069671794,47.65139953303107,124.10742541420673,119.12849883257766,310.2685635355168,238.25699766515532,620.5371270710336,476.51399533031065,1241.0742541420673,GOOD
20.4,106.3,10000,False,2.9590464511081813,149.66479380404695,44.01296246873458,44.87396188778808,116.10618053785245,112.18490471947021,290.2654513446311,224.36980943894042,580.5309026892622,448.73961887788084,1161.0618053785245,GOOD
20.4,106.4,10000,False,2.7961957839280824,140.7201214930869,46.30366325338718,42.60390151035173,108.46495353151397,106.50975377587935,271.1623838287849,213.0195075517587,542.3247676575699,426.0390151035174,1084.6495353151397,GOOD
20.4,106.5,10000,False,2.637445030302406,132.42375066655555,48.968329775830426,40.584486638534464,101.3060072342745,101.46121659633617,253.26501808568628,202.92243319267234,506.53003617137256,405.8448663853447,1013.0600723427451,GOOD
20.4,106.6,10000,False,2.4831312359702897,124.73925491617452,52.01036180304725,38.36495993402075,94.59202141870169,95.91239983505189,236.48005354675428,191.82479967010377,472.96010709350855,383.64959934020754,945.9202141870171,GOOD
20.4,106.7,10000,False,2.333798531959451,117.64346067165286,55.436584173388844,36.590243901796995,88.2941062477035,91.47560975449247,220.73526561925877,182.95121950898493,441.47053123851754,365.90243901796987,882.9410624770351,GOOD
20.4,106.8,10000,False,2.190332311192268,111.12904434342553,59.25863967995273,34.64772341521894,82.31628318899439,86.61930853804736,205.79070797248602,173.23861707609473,411.58141594497204,346.47723415218945,823.1628318899441,GOOD
20.4,106.9,10000,False,2.0542095654333816,105.20893128888889,63.49181035294315,33.3998640090025,76.71145173949816,83.49966002250623,191.77862934874545,166.99932004501247,383.5572586974909,333.99864009002494,767.1145173949818,GOOD
20.4,107.0,10000,True,1.9279892612634513,99.92449034190169,68.14985974664428,31.91390079949109,71.98770331120943,79.78475199872771,179.9692582780236,159.56950399745543,359.9385165560472,319.13900799491086,719.8770331120944,GOOD
20.4,107.1,10000,True,1.8163052705320435,95.36189522506626,73.23322946690833,31.184783927124805,68.11636141856303,77.961959817812,170.29090354640758,155.923919635624,340.58180709281515,311.847839271248,681.1636141856303,GOOD
20.4,107.2,10000,True,1.7278735117427877,91.68689337650868,74.78111147430884,30.418413863535598,65.8672633194716,76.04603465883898,164.66815829867903,152.09206931767795,329.33631659735806,304.1841386353559,658.6726331947161,GOOD
20.4,107.3,10000,True,1.6792331288922022,89.22343254136683,54.31356551258348,28.94406022025577,62.92927295058061,72.36015055063943,157.32318237645154,144.72030110127886,314.6463647529031,289.4406022025577,629.2927295058062,GOOD
20.4,107.4,10000,True,1.700296308810668,88.64233749832665,32.994419915016486,29.20239835851258,62.223718422564644,73.00599589628146,155.55929605641165,146.01199179256292,311.1185921128233,292.02398358512585,622.2371842256466,GOOD
20.4,107.5,10000,True,1.840881157624109,91.43358691599526,12.672239642593174,29.851252318593502,63.52541693596226,74.62813079648376,158.81354233990567,149.25626159296752,317.62708467981133,298.51252318593504,635.2541693596227,GOOD
20.4,107.6,10000,True,2.1861814601929392,101.07811218394626,7.935724064989848,32.255982126564,70.0283776696297,80.63995531641001,175.07094417407427,161.27991063282002,350.14188834814854,322.55982126564004,700.2837766962971,GOOD
20.4,107.7,10000,True,2.9062191922026845,125.66542112515398,6.117409805916268,38.695527384311575,88.63407366436739,96.73881846077893,221.5851841609185,193.47763692155786,443.170368321837,386.9552738431157,886.340736643674,GOOD
20.4,107.8,10000,False,4.366032612769078,183.1183319130569,7.978335600444981,56.57412799523509,133.09795633323483,141.4353199880877,332.7448908330871,282.8706399761754,665.4897816661742,565.7412799523509,1330.9795633323483,GOOD
20.4,107.9,10000,False,7.438047375948384,315.84881306216147,4.113368727153309,94.09721505992181,236.35422141838592,235.24303764980453,590.8855535459647,470.48607529960907,1181.7711070919295,940.9721505992181,2363.542214183859,ACCEPTABLE
20.4,108.0,10000,False,14.976733490070394,661.5810241927444,3.6149980902816456,187.2876867820691,524.0718247525741,468.21921695517267,1310.1795618814353,936.4384339103453,2620.3591237628707,1872.8768678206907,5240.718247525741,ACCEPTABLE
20.4,108.1,10000,False,39.085401105838656,1817.553415254634,6.623738713325131,478.9299491964748,1341.2181136593813,1197.324872991187,3353.045284148453,2394.649745982374,6706.090568296906,4789.299491964748,13412.181136593812,POOR
20.4,108.2,10000,False,37.53529555533696,1844.7915021990636,9.02035959143424,485.43654914968204,1500.9455834330147,1213.5913728742048,3752.3639585825363,2427.1827457484096,7504.7279171650725,4854.365491496819,15009.455834330145,POOR
20.4,108.3,10000,False,22.226844458822384,1155.3119432107255,9.94333413390514,323.1820282648582,896.5877904778779,807.9550706621455,2241.469476194695,1615.910141324291,4482.93895238939,3231.820282648582,8965.87790477878,POOR
20.4,108.4,10000,False,16.75145645639161,920.1868670425926,6.041062497831297,269.51816883733494,690.1429178051012,673.7954220933373,1725.3572945127532,1347.5908441866745,3450.7145890255065,2695.181688373349,6901.429178051013,POOR
20.4,108.5,10000,False,14.212223889382962,823.9909159876233,4.869959062102889,243.3040042867824,608.5094737948801,608.260010716956,1521.2736844872002,1216.520021433912,3042.5473689744003,2433.040042867824,6085.094737948801,POOR
20.4,108.6,10000,False,12.83077685607839,783.9155033226515,6.952828616013681,231.84838420653182,584.4649637036418,579.6209605163297,1461.1624092591046,1159.2419210326593,2922.324818518209,2318.4838420653186,5844.649637036418,ACCEPTABLE
20.4,108.7,10000,False,12.015056754925064,772.2594360112698,9.368890100534001,227.55331809780785,576.2095558912577,568.8832952445196,1440.523889728144,1137.7665904890391,2881.047779456288,2275.5331809780782,5762.095558912576,ACCEPTABLE
20.4,108.8,10000,False,11.516590868786867,777.3679008917649,10.817056879699546,230.68945372766814,580.3053090201979,576.7236343191703,1450.7632725504948,1153.4472686383406,2901.5265451009896,2306.894537276681,5803.053090201979,ACCEPTABLE
20.4,108.9,10000,False,11.213611098490139,793.5174468526817,11.573633964554006,239.60598594120108,592.5624290816118,599.0149648530025,1481.4060727040294,1198.029929706005,2962.8121454080588,2396.05985941201,5925.6242908161175,ACCEPTABLE
20.4,109.0,10000,False,11.039576293106023,817.5733234868948,12.020728973887415,247.6406344804485,610.6665455966117,619.1015862011213,1526.6663639915294,1238.2031724022427,3053.3327279830587,2476.4063448044853,6106.665455966117,POOR
20.5,104.5,10000,False,6.478989791273213,497.51741996989216,15.564567777790732,142.9468610863903,395.15740091916234,357.3671527159757,987.8935022979061,714.7343054319514,1975.7870045958123,1429.4686108639028,3951.5740091916246,ACCEPTABLE
20.5,104.6,10000,False,6.2577158491514195,466.1954552319939,17.033995017786967,133.9134783686524,370.4758431656129,334.78369592163097,926.1896079140324,669.5673918432619,1852.3792158280648,1339.1347836865239,3704.7584316561297,ACCEPTABLE
20.5,104.7,10000,False,6.038914337836698,436.53549545050817,18.77330288067491,125.58586028664584,347.01683227606526,313.96465071661464,867.5420806901632,627.9293014332293,1735.0841613803263,1255.8586028664586,3470.1683227606527,ACCEPTABLE
20.5,104.8,10000,False,5.822712375565982,408.51311336822675,16.163684444955575,117.96515367224603,324.7430164020343,294.91288418061504,811.857541005086,589.8257683612301,1623.715082010172,1179.6515367224602,3247.430164020344,ACCEPTABLE
20.5,104.9,10000,False,5.609235417034409,382.09875157194006,17.81376652319082,110.65749909548774,303.71537691036144,276.6437477387193,759.2884422759037,553.2874954774386,1518.5768845518073,1106.5749909548772,3037.1537691036146,ACCEPTABLE
20.5,105.0,10000,False,5.398605136847284,357.2572135878178,19.701310512260992,103.70931204737886,283.9079077688271,259.27328011844713,709.7697694220677,518.5465602368943,1419.5395388441354,1037.0931204737885,2839.079077688271,ACCEPTABLE
20.5,105.1,10000,False,5.190937232909096,333.9472668917284,21.825658748661084,97.21392106103318,265.2896958403954,243.03480265258298,663.2242396009885,486.06960530516596,1326.448479201977,972.1392106103319,2652.896958403954,ACCEPTABLE
20.5,105.2,10000,False,4.986339319382769,312.12141571118957,24.18165988542003,91.15745409338963,247.82469373553812,227.89363523347407,619.5617343388453,455.78727046694814,1239.1234686776907,911.5745409338963,2478.2469373553813,ACCEPTABLE
20.5,105.3,10000,False,4.784909132919543,291.72590222070625,26.759483362600303,85.6159324772389,231.4716716801872,214.03983119309726,578.6791792004681,428.0796623861945,1157.3583584009361,856.159324772389,2314.7167168018723,ACCEPTABLE
20.5,105.4,10000,False,4.586733323475514,272.7009877361499,28.659286420889387,80.32552957079034,216.18439061042457,200.81382392697583,540.4609765260615,401.62764785395166,1080.921953052123,803.2552957079033,2161.843906104246,ACCEPTABLE
20.5,105.5,10000,False,4.391887135630616,254.9815496536863,29.57687665149007,75.456826945659,201.9120258149899,188.64206736414752,504.78006453747486,377.28413472829504,1009.5601290749497,754.5682694565901,2019.1202581498994,ACCEPTABLE
20.5,105.6,10000,False,4.200435304545075,238.49800580871147,30.84173130148693,70.89059454522413,188.59985065233923,177.2264863630603,471.49962663084807,354.4529727261206,942.9992532616961,708.9059454522412,1885.9985065233923,GOOD
20.5,105.7,10000,False,4.01243449596758,223.1775485697807,32.473367449245146,66.06547925568788,176.19016545509527,165.16369813921966,440.4754136377382,330.3273962784393,880.9508272754764,660.6547925568786,1761.9016545509528,GOOD
20.5,105.8,10000,False,3.8279376258634064,208.94564134569072,34.47226132853567,61.776526747101414,164.57561210064003,154.44131686775353,411.4390302516002,308.88263373550706,822.8780605032003,617.7652674710141,1645.7561210064007,GOOD
20.5,105.9,10000,False,3.6470004295648666,195.72770645140508,36.79346066754257,57.84104030757473,153.6898287986098,144.60260076893684,384.22457199652456,289.2052015378737,768.4491439930491,578.4104030757474,1536.8982879860982,GOOD
20.5,106.0,10000,False,3.46969075678507,183.45092132943591,37.78216655056853,54.26393963709313,143.52525537657252,135.65984909273283,358.8131384414313,271.31969818546565,717.6262768828626,542.6393963709313,1435.2525537657252,GOOD
20.5,106.1,10000,False,3.2961013135207526,172.0460440921539,39.08594264651536,51.44452625335161,134.02413967728864,128.61131563337904,335.06034919322167,257.22263126675807,670.1206983864433,514.4452625335161,1340.2413967728867,GOOD
20.5,106.2,10000,False,3.1263670565212616,161.44921089879116,40.72352402323765,48.11295669867858,125.13213448227259,120.28239174669648,312.83033620568153,240.56478349339295,625.6606724113631,481.1295669867859,1251.3213448227261,GOOD
20.5,106.3,10000,False,2.9606893384991486,151.60368649791437,42.70538213786492,45.2076497534797,116.79948449911299,113.01912438369928,291.9987112477825,226.03824876739856,583.997422495565,452.0764975347971,1167.99484499113,GOOD
20.5,106.4,10000,False,2.7993705013142325,142.46160499019467,45.03632775079981,42.63237201423158,108.98211346486073,106.58093003557896,272.4552836621519,213.16186007115792,544.9105673243038,426.32372014231584,1089.8211346486075,GOOD
20.5,106.5,10000,False,2.6428654789529378,133.98581343794896,47.71882818417886,40.633257137437084,101.65072496129135,101.5831428435927,254.12681240322837,203.1662856871854,508.25362480645674,406.3325713743708,1016.5072496129135,GOOD
20.5,106.6,10000,False,2.4918621712530697,126.15203778834092,50.75618115710598,38.694748017993845,95.14043919323953,96.73687004498458,237.85109798309884,193.47374008996917,475.7021959661977,386.94748017993834,951.4043919323954,GOOD
20.5,106.7,10000,False,2.3474119168272796,118.95175731672036,54.15472727776696,36.66154515323937,88.99963552471371,91.65386288309844,222.49908881178428,183.30772576619688,444.99817762356855,366.61545153239376,889.9963552471371,GOOD
20.5,106.8,10000,False,2.2111490286338067,112.3964633001911,57.92429255622446,35.04721558787534,83.24234258273859,87.61803896968837,208.10585645684648,175.23607793937674,416.21171291369296,350.4721558787535,832.4234258273859,GOOD
20.5,106.9,10000,False,2.08566987954666,106.52452360470976,62.075842269611506,33.787584943222626,77.87568450356581,84.46896235805659,194.6892112589145,168.93792471611317,389.378422517829,337.87584943222635,778.756845035658,GOOD
20.5,107.0,10000,False,1.9751924099660225,101.41296363911107,66.61474188638597,32.210620701237545,72.91912235431693,80.52655175309388,182.29780588579231,161.05310350618777,364.59561177158463,322.10620701237553,729.1912235431693,GOOD
20.5,107.1,10000,True,1.8866712205022484,97.19872739317996,71.5269345816636,31.263445181654568,71.09863258006567,78.15861295413643,177.74658145016417,156.31722590827286,355.49316290032834,312.6344518165457,710.9863258006567,GOOD
20.5,107.2,10000,True,1.8315046690535526,94.11874816443182,76.7537717720449,30.62163965863467,67.72786339169707,76.55409914658668,169.31965847924266,153.10819829317336,338.6393169584853,306.2163965863467,677.2786339169706,GOOD
20.5,107.3,10000,True,1.8276166053792768,92.5882346916666,73.43727513430136,29.66146959245353,66.05020441784268,74.15367398113382,165.12551104460672,148.30734796226764,330.25102208921345,296.6146959245353,660.5020441784269,GOOD
20.5,107.4,10000,True,1.9012611751683681,93.356951763878,53.291098620995555,30.44032092327462,66.74952075271517,76.10080230818656,166.87380188178793,152.20160461637312,333.74760376357585,304.40320923274624,667.4952075271517,GOOD
20.5,107.5,10000,True,2.0895296469116884,97.81905547925676,35.012304904371746,31.132219423480336,68.00909848156697,77.83054855870084,170.0227462039174,155.66109711740168,340.0454924078348,311.32219423480336,680.0909848156696,GOOD
20.5,107.6,10000,True,2.448890747161726,108.59547391977252,21.737601869816693,33.465944052555315,76.52553271735314,83.66486013138828,191.3138317933828,167.32972026277656,382.6276635867656,334.6594405255531,765.2553271735312,GOOD
20.5,107.7,10000,True,3.0749519920021684,130.53003903402723,10.00545659629404,40.21865236773664,92.52896292989622,100.54663091934162,231.32240732474057,201.09326183868325,462.64481464948113,402.1865236773665,925.2896292989623,GOOD
20.5,107.8,10000,False,4.136488051414385,172.36571348472657,8.646759351546379,53.068165556140826,124.92985081313459,132.6704138903521,312.3246270328365,265.3408277807042,624.649254065673,530.6816555614084,1249.298508131346,GOOD
20.5,107.9,10000,False,5.946685997860433,250.37672296041507,6.823642969386102,74.74446231694425,186.98874998832375,186.86115579236062,467.4718749708094,373.72231158472124,934.9437499416188,747.4446231694425,1869.8874998832375,GOOD
20.5,108.0,10000,False,9.157516163501247,398.56060343163426,6.041062497831297,114.3090314924928,298.61272970860034,285.772578731232,746.5318242715009,571.545157462464,1493.0636485430018,1143.090314924928,2986.1272970860036,ACCEPTABLE
20.5,108.1,10000,False,15.276584626240505,697.001072783973,4.869959062102889,199.52526189151257,566.4807521916812,498.81315472878134,1416.2018804792028,997.6263094575627,2832.4037609584057,1995.2526189151254,5664.807521916811,ACCEPTABLE
20.5,108.2,10000,False,26.77086541853513,1289.71525097613,6.952828616013681,351.2649126600176,959.5346701355676,878.162281650044,2398.836675338919,1756.324563300088,4797.673350677838,3512.649126600176,9595.346701355676,POOR
20.5,108.3,10000,False,34.344163034939825,1752.2936518033237,9.368890100534001,481.712483209446,1386.3733197743347,1204.2812080236151,3465.933299435837,2408.5624160472303,6931.866598871674,4817.1248320944605,13863.733197743348,POOR
20.5,108.4,10000,False,27.32251144239618,1477.2399603416875,11.45809925029907,394.547975653296,1192.6076587633518,986.3699391332402,2981.5191469083798,1972.7398782664804,5963.0382938167595,3945.479756532961,11926.076587633519,POOR
20.5,108.5,10000,False,21.27445525450658,1217.984774816991,11.061101354851989,337.98192811349793,972.6854528194469,844.9548202837448,2431.713632048618,1689.9096405674895,4863.427264097236,3379.819281134979,9726.854528194472,POOR
20.5,108.6,10000,False,17.846773419625922,1080.3367496916508,7.7971516514584644,288.7253565465669,851.1084326378113,721.8133913664174,2127.7710815945284,1443.6267827328347,4255.542163189057,2887.2535654656695,8511.084326378113,POOR
20.5,108.7,10000,False,15.833376289967177,1011.5545296370566,8.5688802117136,287.38933429122153,775.1509839240867,718.4733357280539,1937.877459810217,1436.9466714561079,3875.754919620434,2873.8933429122158,7751.509839240868,POOR
20.5,108.8,10000,False,14.57984975332908,981.0943407909538,8.139307533450314,284.65130976957334,754.2964351818076,711.6282744239334,1885.741087954519,1423.2565488478667,3771.482175909038,2846.5130976957334,7542.964351818076,POOR
20.5,108.9,10000,False,13.767856936194343,973.7992447118862,9.83134074189035,284.3898475595412,751.5240076162822,710.9746188988529,1878.8100190407058,1421.9492377977058,3757.6200380814116,2843.8984755954116,7515.240076162823,POOR
20.5,109.0,10000,False,13.231757308555306,981.6994117908054,11.094181428082116,290.8283565774251,753.4350328556906,727.0708914435627,1883.5875821392262,1454.1417828871254,3767.1751642784525,2908.2835657742507,7534.350328556905,POOR
20.6,104.5,10000,False,6.469367765643868,498.4882288668364,16.163684444955575,143.15143985084046,395.3795342163189,357.87859962710115,988.4488355407975,715.7571992542023,1976.897671081595,1431.5143985084046,3953.79534216319,ACCEPTABLE
20.6,104.6,10000,False,6.250670688385552,467.7620998961121,17.81376652319082,134.28393227053178,371.137437007754,335.70983067632943,927.8435925193851,671.4196613526589,1855.6871850387702,1342.8393227053177,3711.3743700775403,ACCEPTABLE
20.6,104.7,10000,False,6.034386291322899,438.64189623854776,19.701310512260992,125.870016263191,348.11661049846737,314.67504065797755,870.2915262461684,629.3500813159551,1740.5830524923367,1258.7001626319102,3481.1661049846734,ACCEPTABLE
20.6,104.8,10000,False,5.820628205422586,411.1001733364534,16.993723216626215,118.1866432839434,326.29775499252884,295.46660820985846,815.7443874813221,590.9332164197169,1631.4887749626441,1181.8664328394339,3262.9775499252883,ACCEPTABLE
20.6,104.9,10000,False,5.609508768412706,385.1048378876004,18.771986813522766,111.05498518777499,305.63874321778184,277.6374629694375,764.0968580444546,555.274925938875,1528.1937160889092,1110.54985187775,3056.3874321778185,ACCEPTABLE
20.6,105.0,10000,False,5.40113762126237,360.61881955790926,20.757008403245884,104.30065587662929,286.10478724331944,260.7516396915733,715.2619681082987,521.5032793831466,1430.5239362165973,1043.0065587662932,2861.0478724331947,ACCEPTABLE
20.6,105.1,10000,False,5.195620383999102,337.59985715358476,22.946033419853677,97.91469177841432,267.70991751898765,244.7867294460358,669.2747937974692,489.5734588920716,1338.5495875949384,979.1469177841432,2677.099175189877,ACCEPTABLE
20.6,105.2,10000,False,4.9930575708802465,316.0004414864866,25.332970991335685,91.88665895483717,250.4177104764831,229.7166473870929,626.0442761912078,459.4332947741858,1252.0885523824156,918.8665895483716,2504.1771047648313,ACCEPTABLE
20.6,105.3,10000,False,4.793543948409447,295.767955237834,26.402569915049725,86.20465393907708,234.18746296374735,215.5116348476927,585.4686574093685,431.0232696953854,1170.937314818737,862.0465393907708,2341.874629637474,ACCEPTABLE
20.6,105.4,10000,False,4.597168581601137,276.84504296740744,27.19395249586595,80.85536809865937,218.9744406772035,202.13842024664842,547.4361016930087,404.27684049329685,1094.8722033860174,808.5536809865937,2189.744406772035,ACCEPTABLE
20.6,105.5,10000,False,4.40401585290633,259.1702318238203,28.296871020697726,76.00855361418735,204.7303240841451,190.0213840354684,511.8258102103629,380.0427680709368,1023.6516204207257,760.0855361418736,2047.3032408414515,ACCEPTABLE
20.6,105.6,10000,False,4.214167776505599,242.67880646120423,29.73322760422242,71.44166765040735,191.37972163489167,178.60416912601838,478.44930408722917,357.20833825203675,956.8986081744583,714.4166765040735,1913.7972163489167,GOOD
20.6,105.7,10000,False,4.027707976594518,227.30392246628412,31.508655028057845,67.12867862278313,178.847836511163,167.82169655695782,447.1195912779075,335.64339311391564,894.239182555815,671.2867862278313,1788.47836511163,GOOD
20.6,105.8,10000,False,3.844727769290259,212.97792467849055,33.613090658104,63.05569667156897,167.1113321903224,157.63924167892245,417.77833047580606,315.2784833578449,835.5566609516121,630.5569667156898,1671.1133219032242,GOOD
20.6,105.9,10000,False,3.665334914003254,199.63382412815014,34.9879332068131,59.19885948620005,156.11592537996384,147.99714871550015,390.2898134499096,295.9942974310003,780.5796268998192,591.9885948620006,1561.1592537996385,GOOD
20.6,106.0,10000,False,3.4896658293499163,187.2068836789521,36.04151726416848,55.36605382861146,145.8083264754365,138.41513457152863,364.52081618859125,276.83026914305725,729.0416323771825,553.6605382861145,1458.083264754365,GOOD
20.6,106.1,10000,False,3.317902475227243,175.63627069552845,37.39325198441477,51.93921097081438,136.13739990826963,129.84802742703596,340.34349977067416,259.6960548540719,680.6869995413483,519.3921097081438,1361.3739990826966,GOOD
20.6,106.2,10000,False,3.15029580409291,164.8667569116714,39.05612084751147,48.5985252974928,127.05530719269547,121.496313243732,317.63826798173875,242.992626487464,635.2765359634775,485.985252974928,1270.553071926955,GOOD
20.6,106.3,10000,False,2.9871988731173826,154.85048232580112,41.036024099695744,45.62576666192283,118.51861898492511,114.0644166548071,296.29654746231284,228.1288333096142,592.5930949246257,456.2576666192284,1185.1861898492514,GOOD
20.6,106.4,10000,False,2.829114707656263,145.5488534500562,43.3342343438507,43.44867017884749,110.48941197273442,108.62167544711875,276.223529931836,217.2433508942375,552.447059863672,434.486701788475,1104.894119727344,GOOD
20.6,106.5,10000,False,2.6767673592284944,136.93472200682058,45.950285741993355,40.936443894172925,102.93640566994316,102.3411097354323,257.34101417485795,204.6822194708646,514.6820283497159,409.3644389417292,1029.3640566994318,GOOD
20.6,106.6,10000,False,2.5312101909659748,128.99510092716628,48.88460402395866,39.5775517359874,95.83624752604646,98.9438793399685,239.5906188151162,197.887758679937,479.1812376302324,395.775517359874,958.3624752604647,GOOD
20.6,106.7,10000,False,2.393994527882847,121.73484679788618,52.14023413126058,37.75814668065595,89.17513293758314,94.39536670163986,222.9378323439579,188.79073340327972,445.8756646879158,377.58146680655943,891.7513293758316,GOOD
20.6,106.8,10000,False,2.2674356741131216,115.18202363944299,55.72301863339579,36.44046614806611,83.21984868761578,91.10116537016529,208.04962171903946,182.20233074033058,416.09924343807893,364.40466148066116,832.1984868761579,GOOD
20.6,106.9,10000,False,2.155030805332472,109.39616073600877,59.639403150770946,34.995095932062924,78.52532807633531,87.48773983015732,196.31332019083828,174.97547966031465,392.62664038167657,349.9509593206293,785.2532807633531,GOOD
20.6,107.0,10000,False,2.0620930715674715,104.48151148545556,63.89063434798389,33.58344717266432,75.92030661968018,83.95861793166083,189.80076654920043,167.91723586332165,379.60153309840086,335.8344717266433,759.2030661968017,GOOD
20.6,107.1,10000,True,1.9966300433210376,100.60904557951656,68.4615182046892,31.537341934158455,74.36316277380384,78.84335483539613,185.90790693450958,157.68670967079225,371.81581386901917,315.3734193415845,743.6316277380383,GOOD
20.6,107.2,10000,True,1.9703454177065498,98.05383055795447,73.30145473008558,30.927727840587984,71.9383288127822,77.31931960146997,179.8458220319555,154.63863920293994,359.691644063911,309.2772784058799,719.383288127822,GOOD
20.6,107.3,10000,True,1.9994286801020817,97.25948749977955,76.10129222679548,31.153839855388927,70.77636946370001,77.88459963847231,176.94092365925002,155.76919927694462,353.88184731850004,311.53839855388924,707.7636946370001,GOOD
20.6,107.4,10000,True,2.10505161840803,98.94916808309482,69.96519815682879,31.318882071614297,70.95720134618223,78.29720517903573,177.3930033654556,156.59441035807146,354.7860067309112,313.1888207161429,709.5720134618224,GOOD
20.6,107.5,10000,True,2.314818078213857,104.31196431288721,55.49619577324377,32.236489943848014,73.68707275861607,80.59122485962004,184.21768189654023,161.18244971924008,368.43536379308046,322.36489943848017,736.8707275861609,GOOD
20.6,107.6,10000,True,2.6673870346999826,115.30068271938242,38.57478886444846,35.71720333216885,81.21841443432875,89.29300833042213,203.04603608582184,178.58601666084425,406.0920721716437,357.1720333216885,812.1841443432874,GOOD
20.6,107.7,10000,True,3.2211279956757637,135.08359181872711,26.388656759456655,41.51125464303928,96.33125827666575,103.77813660759817,240.82814569166442,207.55627321519634,481.65629138332883,415.1125464303927,963.3125827666577,GOOD
20.6,107.8,10000,False,4.066966612860791,168.7452327885334,18.227971558650978,51.954022384299236,122.21791118632532,129.8850559607481,305.54477796581335,259.7701119214962,611.0895559316267,519.5402238429924,1222.1791118632534,GOOD
20.6,107.9,10000,False,5.349582016166954,224.5348561368009,13.5156429622376,66.54188579757994,167.62552229288,166.35471449394984,419.0638057322,332.7094289878997,838.1276114644,665.4188579757994,1676.2552229288,GOOD
20.6,108.0,10000,False,7.30731846093809,316.3293230069137,11.061101354851989,91.44602903640687,237.67926313531044,228.6150725910171,594.1981578382761,457.2301451820342,1188.3963156765521,914.4602903640684,2376.7926313531043,ACCEPTABLE
20.6,108.1,10000,False,10.33731752946205,468.0403756957403,7.7971516514584644,135.27208342359813,396.27918263029704,338.18020855899545,990.6979565757425,676.3604171179909,1981.395913151485,1352.7208342359818,3962.79182630297,ACCEPTABLE
20.6,108.2,10000,False,15.008150186374598,716.8830090794372,8.139307533450314,196.57390138894291,549.9047321567091,491.43475347235733,1374.761830391773,982.8695069447147,2749.523660783546,1965.7390138894293,5499.047321567092,ACCEPTABLE
20.6,108.3,10000,False,21.405204800787956,1083.504239903762,9.83134074189035,285.25418671044605,796.4806873858672,713.1354667761152,1991.201718464668,1426.2709335522304,3982.403436929336,2852.541867104461,7964.806873858672,POOR
20.6,108.4,10000,False,26.571100334626305,1427.637852233398,12.017725892979106,393.4622656514378,1128.6922913853437,983.6556641285943,2821.730728463359,1967.3113282571885,5643.461456926718,3934.622656514377,11286.922913853436,POOR
20.6,108.5,10000,False,26.428157584423975,1506.9349947775129,13.578526815371953,406.06805973180064,1140.669720858958,1015.1701493295018,2851.674302147395,2030.3402986590036,5703.34860429479,4060.680597318007,11406.69720858958,POOR
20.6,108.6,10000,False,23.448235046074547,1417.1262664372944,11.85365983335469,383.1014200039676,1127.485876915483,957.7535500099189,2818.7146922887077,1915.5071000198377,5637.4293845774155,3831.0142000396754,11274.858769154831,POOR
20.6,108.7,10000,False,20.630874645475362,1319.0923410879689,10.427160173183848,372.1943560343151,1065.6628275775588,930.4858900857877,2664.1570689438972,1860.9717801715753,5328.3141378877945,3721.9435603431507,10656.628275775589,POOR
20.6,108.8,10000,False,18.563263872949918,1252.9328293451017,13.578526815371953,347.87458708756003,996.0264068549178,869.6864677189,2490.066017137295,1739.3729354378,4980.13203427459,3478.7458708756,9960.26406854918,POOR
20.6,108.9,10000,False,17.111678386152693,1216.4343431478342,11.85365983335469,329.2382473169024,953.5547068458343,823.095618292256,2383.886767114586,1646.191236584512,4767.773534229172,3292.382473169024,9535.547068458343,POOR
20.6,109.0,10000,False,16.09157906833867,1202.0528327419536,10.427160173183848,340.92924545316794,935.3869945773532,852.3231136329196,2338.467486443383,1704.6462272658391,4676.934972886766,3409.2924545316782,9353.869945773533,POOR
20.7,104.5,10000,False,6.473364856279089,501.30226199586104,16.993723216626215,143.88812388145897,397.0570842931626,359.72030970364733,992.6427107329066,719.4406194072947,1985.2854214658132,1438.8812388145893,3970.5708429316264,ACCEPTABLE
20.7,104.6,10000,False,6.257355840681921,471.08691887058586,18.771986813522766,135.16240653461233,373.18960884187004,337.9060163365309,932.9740221046751,675.8120326730618,1865.9480442093502,1351.6240653461236,3731.8960884187004,ACCEPTABLE
20.7,104.7,10000,False,6.043720425475003,442.4250940411839,20.757008403245884,126.87572221787212,350.5047384386948,317.18930554468034,876.261846096737,634.3786110893607,1752.523692193474,1268.7572221787213,3505.047384386948,ACCEPTABLE
20.7,104.8,10000,False,5.832563478648903,415.28729102469026,17.985790128136287,119.0199049413222,328.9812513971006,297.5497623533055,822.4531284927516,595.099524706611,1644.9062569855032,1190.199049413222,3289.8125139710064,ACCEPTABLE
20.7,104.9,10000,False,5.623989475601211,389.63985961360453,19.84892031341941,111.79750964950117,308.5945505065096,279.4937741237529,771.4863762662742,558.9875482475059,1542.9727525325484,1117.9750964950117,3085.9455050650968,ACCEPTABLE
20.7,105.0,10000,False,5.418101739296134,365.4448036540042,21.892226270899293,105.10222264608674,289.31646903343596,262.75555661521685,723.29117258359,525.5111132304337,1446.58234516718,1051.0222264608674,2893.16469033436,ACCEPTABLE
20.7,105.1,10000,False,5.215001882157433,342.65969835793777,23.80596259056195,98.7614191105135,271.11515943355164,246.90354777628374,677.7878985838792,493.8070955525675,1355.5757971677583,987.614191105135,2711.1515943355166,ACCEPTABLE
20.7,105.2,10000,False,5.014789604134784,321.23774783266975,24.241396589332993,92.76453777032853,253.95508959493176,231.9113444258213,634.8877239873295,463.8226888516426,1269.775447974659,927.6453777032852,2539.550895949318,ACCEPTABLE
20.7,105.3,10000,False,4.817563040505981,301.1280106518076,24.92380278157518,87.09979490019167,237.79716910924043,217.7494872504792,594.4929227731011,435.4989745009584,1188.9858455462022,870.9979490019168,2377.9716910924044,ACCEPTABLE
20.7,105.4,10000,False,4.623419894992126,282.27581499971876,25.88737899889719,81.7542672246236,222.59902281358313,204.38566806155902,556.497557033958,408.77133612311803,1112.995114067916,817.5426722462361,2225.990228135832,ACCEPTABLE
20.7,105.5,10000,False,4.432459640508273,264.6233753930001,27.15472452180592,76.714031947376,208.3154207565782,191.78507986844,520.7885518914455,383.57015973688,1041.577103782891,767.14031947376,2083.154207565782,ACCEPTABLE
20.7,105.6,10000,False,4.244787126709506,248.11061118640495,28.734466831346968,71.9973488047171,194.89886352605373,179.99337201179276,487.2471588151344,359.9867440235855,974.4943176302688,719.973488047171,1948.9886352605376,GOOD
20.7,105.7,10000,False,4.0605180114084884,232.67615476501396,30.621148711865768,67.64352424411656,182.30031087676608,169.1088106102914,455.7507771919152,338.2176212205828,911.5015543838304,676.4352424411657,1823.0031087676607,GOOD
20.7,105.8,10000,False,3.879786551123442,218.2585268928724,32.24422526657378,63.52163280610623,170.4700316469847,158.80408201526558,426.1750791174618,317.60816403053116,852.3501582349236,635.2163280610623,1704.7003164698472,GOOD
20.7,105.9,10000,False,3.70275647536119,204.79745079917208,33.062298631345485,59.61896210302622,159.35854607461852,149.04740525756557,398.3963651865463,298.09481051513114,796.7927303730926,596.1896210302623,1593.5854607461852,GOOD
20.7,106.0,10000,False,3.5296359774931845,192.23527778036973,34.14217910572639,55.923242126896355,148.91762965332285,139.8081053172409,372.29407413330716,279.6162106344818,744.5881482666143,559.2324212689635,1489.1762965332287,GOOD
20.7,106.1,10000,False,3.360698355150047,180.51850750220578,35.49850382881648,53.15890357281843,139.1013519456173,132.89725893204604,347.75337986404327,265.7945178640921,695.5067597280865,531.5890357281842,1391.013519456173,GOOD
20.7,106.2,10000,False,3.196310636551582,169.59940750462206,37.13807009193648,50.17653584401716,129.86713502666697,125.44133961004289,324.66783756666746,250.88267922008578,649.3356751333349,501.76535844017155,1298.6713502666698,GOOD
20.7,106.3,10000,False,3.0369738070232577,159.43777039790032,39.061316659586126,47.12352456444676,121.17683479129082,117.80881141111689,302.94208697822705,235.61762282223378,605.8841739564541,471.23524564446757,1211.7683479129082,GOOD
20.7,106.4,10000,False,2.8833802585681663,150.00289672898882,41.264602046876696,44.908197894923546,112.99787466722277,112.27049473730888,282.49468666805694,224.54098947461776,564.9893733361139,449.0819789492355,1129.9787466722278,GOOD
20.7,106.5,10000,False,2.736497183001447,141.2759621390582,43.74273917203533,42.93960135679211,105.30449678785934,107.34900339198026,263.2612419696484,214.69800678396052,526.5224839392968,429.39601356792105,1053.0449678785935,GOOD
20.7,106.6,10000,False,2.597689221415586,133.25303032454192,46.491277211570235,41.19389559659925,98.07924406379061,102.98473899149812,245.19811015947658,205.96947798299624,490.39622031895317,411.9389559659925,980.7924406379063,GOOD
20.7,106.7,10000,False,2.4688999089571992,125.94912908590535,49.5081168745151,39.59245314919419,91.3148554759338,98.98113287298548,228.2871386898345,197.96226574597097,456.574277379669,395.92453149194193,913.148554759338,GOOD
20.7,106.8,10000,False,2.3529181259338636,119.40405197283951,52.79410455572902,37.72625768365896,85.8828803490191,94.31564420914737,214.70720087254776,188.63128841829473,429.4144017450955,377.26257683658946,858.828803490191,GOOD
20.7,106.9,10000,False,2.2537576233325596,113.69094500118081,56.352214496002965,36.32951541359529,81.9122176949995,90.82378853398819,204.7805442374988,181.64757706797639,409.5610884749976,363.29515413595277,819.1221769499952,GOOD
20.7,107.0,10000,False,2.1771605593541343,108.92938763573764,60.18479343898794,34.17454633235194,79.93607951717266,85.43636583087982,199.84019879293163,170.87273166175964,399.68039758586326,341.7454633235193,799.3607951717265,GOOD
20.7,107.1,10000,False,2.131176299524897,105.30572973212153,64.2881816837008,32.274103209613514,77.30908382948184,80.6852580240338,193.2727095737046,161.3705160480676,386.5454191474092,322.7410320961352,773.0908382948184,GOOD
20.7,107.2,10000,True,2.1266646059419827,103.10508437561826,68.64403826210284,32.29191294515003,77.31672098729375,80.72978236287506,193.29180246823438,161.4595647257501,386.58360493646876,322.9191294515002,773.1672098729375,GOOD
20.7,107.3,10000,True,2.1775533167602195,102.76171212646096,70.32815661754402,32.05598468540039,74.79602823839164,80.13996171350095,186.99007059597906,160.2799234270019,373.9801411919581,320.5598468540038,747.9602823839163,GOOD
20.7,107.4,10000,True,2.30101387958346,104.93731710872386,65.01292661572582,32.72921836671338,76.95609111399557,81.82304591678346,192.39022778498892,163.6460918335669,384.78045556997785,327.2921836671338,769.5609111399557,GOOD
20.7,107.5,10000,True,2.518325615037283,110.63898957111121,58.19716292757509,34.08925446192727,79.79858057819217,85.22313615481818,199.49645144548043,170.44627230963636,398.99290289096086,340.8925446192727,797.9858057819217,GOOD
20.7,107.6,10000,True,2.8572188380126504,121.3887142608731,50.53175238598281,37.357573527793775,85.4297637032115,93.39393381948445,213.57440925802874,186.7878676389689,427.1488185160575,373.5757352779378,854.297637032115,GOOD
20.7,107.7,10000,True,3.3556044562531486,139.45583357318603,42.87226810861061,42.338178900683545,100.12674970939135,105.84544725170886,250.31687427347836,211.69089450341772,500.6337485469567,423.38178900683545,1001.2674970939134,GOOD
20.7,107.8,10000,False,4.066147026165824,168.1722222500119,30.454463106794822,51.688161625833004,121.84610774115026,129.2204040645825,304.61526935287566,258.440808129165,609.2305387057513,516.88161625833,1218.4610774115026,GOOD
20.7,107.9,10000,False,5.061940886243434,212.3795950359421,25.138430847258377,62.791772644013214,158.76496052659837,156.97943161003303,396.91240131649596,313.95886322006606,793.8248026329919,627.9177264401321,1587.6496052659838,GOOD
20.7,108.0,10000,False,6.444196350395695,279.08728148330624,17.683253628948453,80.42646975286027,209.65466441924664,201.0661743821507,524.1366610481166,402.1323487643014,1048.2733220962332,804.2646975286028,2096.5466441924664,ACCEPTABLE
20.7,108.1,10000,False,8.350028358762023,378.312633530739,13.709578259302853,110.69853153220564,317.97670347853284,276.746328830514,794.941758696332,553.492657661028,1589.883517392664,1106.985315322056,3179.767034785328,ACCEPTABLE
20.7,108.2,10000,False,10.944844253832807,523.3890766862918,13.641473527840576,150.509397649084,400.8912655765218,376.27349412271,1002.2281639413044,752.54698824542,2004.4563278826088,1505.09397649084,4008.9126557652176,ACCEPTABLE
20.7,108.3,10000,False,14.34179341985003,727.5001111550359,11.972707995474831,202.7877271354563,543.3928086618508,506.96931783864073,1358.4820216546273,1013.9386356772815,2716.9640433092545,2027.877271354563,5433.928086618509,ACCEPTABLE
20.7,108.4,10000,False,18.32024922500917,987.7923098335174,9.710262700717013,259.8469390093244,719.5391904355706,649.617347523311,1798.8479760889263,1299.234695046622,3597.6959521778526,2598.469390093244,7195.391904355705,POOR
20.7,108.5,10000,False,21.88806855202671,1254.5038846297562,8.01843503141196,336.8929606777251,984.531676458866,842.232401694313,2461.3291911471647,1684.464803388626,4922.658382294329,3368.929606777252,9845.316764588659,POOR
20.7,108.6,10000,False,23.663554652332667,1439.9798520306906,6.786336445113005,400.6689227574439,1134.3436486138396,1001.6723068936096,2835.859121534599,2003.3446137872193,5671.718243069198,4006.6892275744385,11343.436486138397,POOR
20.7,108.7,10000,False,23.431722772963088,1510.976121815123,5.916002527443157,406.59451548011657,1163.7081832630288,1016.4862887002912,2909.2704581575717,2032.9725774005824,5818.5409163151435,4065.945154801165,11637.081832630287,POOR
20.7,108.8,10000,False,22.16487203575266,1511.1113207257895,8.01843503141196,406.24051118074215,1203.7421917358813,1015.6012779518551,3009.3554793397034,2031.2025559037102,6018.710958679407,4062.4051118074203,12037.421917358814,POOR
20.7,108.9,10000,False,20.711524093300564,1489.2085322549653,6.786336445113005,405.3964398227571,1209.0516555767329,1013.4910995568928,3022.6291389418316,2026.9821991137856,6045.258277883663,4053.964398227571,12090.516555767326,POOR
20.7,109.0,10000,False,19.424726634383525,1469.3956938454708,5.916002527443157,413.3995327483468,1185.3431367030428,1033.4988318708672,2963.3578417576073,2066.9976637417344,5926.715683515215,4133.995327483469,11853.43136703043,POOR
20.8,104.5,10000,False,6.490583217780496,505.8955508701798,17.985790128136287,145.13915666841118,400.142133773378,362.8478916710279,1000.3553344334453,725.6957833420558,2000.7106688668905,1451.3915666841117,4001.421337733781,ACCEPTABLE
20.8,104.6,10000,False,6.277390964355252,476.11925859748993,19.84892031341941,136.5348910342671,376.59439885583646,341.33722758566785,941.4859971395912,682.6744551713357,1882.9719942791824,1365.3489103426714,3765.9439885583647,ACCEPTABLE
20.8,104.7,10000,False,6.066553741593799,447.84793347334113,21.892226270899293,128.35611600082575,354.19318227743213,320.8902900020643,885.4829556935803,641.7805800041286,1770.9659113871605,1283.5611600082573,3541.931822774321,ACCEPTABLE
20.8,104.8,10000,False,5.858171569988408,421.05079333542744,19.082199410868732,120.594232835772,332.9159615087757,301.48558208943,832.2899037719392,602.97116417886,1664.5798075438784,1205.94232835772,3329.1596150877567,ACCEPTABLE
20.8,104.9,10000,False,5.652345311635553,395.69338370852967,20.997005319571546,113.23953940998658,312.73719192733216,283.09884852496646,781.8429798183306,566.1976970499329,1563.6859596366612,1132.3953940998658,3127.3719192733224,ACCEPTABLE
20.8,105.0,10000,False,5.449176477533754,371.73748641360015,21.835780288156595,106.32029850278045,293.62819546872174,265.80074625695113,734.0704886718045,531.6014925139023,1468.140977343609,1063.2029850278045,2936.281954687218,ACCEPTABLE
20.8,105.1,10000,False,5.248767329126181,349.14112910694035,22.20235570885774,100.01320017332031,275.55712574039126,250.0330004333008,688.8928143509783,500.0660008666016,1377.7856287019565,1000.1320017332032,2755.571257403913,ACCEPTABLE
20.8,105.2,10000,False,5.051221424535355,327.85871801306416,22.792718464405976,94.0376839184128,258.4890274390964,235.09420979603198,646.222568597741,470.18841959206395,1292.445137195482,940.3768391841279,2584.890274390964,ACCEPTABLE
20.8,105.3,10000,False,4.856644797233305,307.84131316130214,23.638989619944148,88.38220663408472,242.38600541128716,220.9555165852118,605.9650135282179,441.9110331704236,1211.9300270564358,883.8220663408472,2423.8600541128717,ACCEPTABLE
20.8,105.4,10000,False,4.665147998275485,289.0370602772458,24.7635118508846,83.03429872585704,227.2075142693599,207.58574681464256,568.0187856733997,415.1714936292851,1136.0375713467995,830.3429872585702,2272.075142693599,ACCEPTABLE
20.8,105.5,10000,False,4.476849286188009,271.39178645961954,26.176500074724615,77.98070117376034,212.9107733533511,194.95175293440087,532.2769333833778,389.90350586880174,1064.5538667667556,779.8070117376035,2129.1077335335112,ACCEPTABLE
20.8,105.6,10000,False,4.2918793178500065,254.84975872562785,27.87558702873978,73.20754855028909,199.45130462489115,183.01887137572274,498.62826156222786,366.0377427514455,997.2565231244557,732.075485502891,1994.5130462489115,GOOD
20.8,105.7,10000,False,4.1103877908447,239.35459674733588,29.613477731875577,68.70059542250317,186.78358379348944,171.75148855625795,466.9589594837237,343.5029771125159,933.9179189674473,687.0059542250318,1867.8358379348947,GOOD
20.8,105.8,10000,False,3.9325526312923285,224.8503252987545,30.218558900483252,64.44548128207413,174.86178886778538,161.11370320518535,437.1544721694635,322.2274064103707,874.308944338927,644.4548128207414,1748.617888677854,GOOD
20.8,105.9,10000,False,3.7585925394129345,211.28254991717276,31.051225538612112,60.752144733327825,163.6406267461418,151.88036183331954,409.1015668653546,303.7607236666391,818.2031337307092,607.5214473332782,1636.4062674614183,GOOD
20.8,106.0,10000,False,3.5887840399176114,198.59974282641963,32.12731963304255,57.68885334155634,153.07621864040615,144.22213335389085,382.6905466010154,288.4442667077817,765.3810932020308,576.8885334155634,1530.7621864040616,GOOD
20.8,106.1,10000,False,3.4234846967506454,186.75463686935598,33.454678194203254,54.63271984287837,143.12703001568954,136.58179960719593,357.81757503922387,273.16359921439187,715.6351500784477,546.3271984287837,1431.2703001568955,GOOD
20.8,106.2,10000,False,3.263164928479988,175.70574454188193,35.03367454160005,52.51216462811571,133.75484097364776,131.2804115702893,334.3871024341194,262.5608231405786,668.7742048682388,525.1216462811572,1337.5484097364777,GOOD
20.8,106.3,10000,False,3.10845202009768,165.4190489569707,36.85872409115802,49.71902626636766,124.92576909529454,124.29756566591915,312.3144227382364,248.5951313318383,624.6288454764727,497.1902626636766,1249.2576909529455,GOOD
20.8,106.4,10000,False,2.9601916145254377,155.86995642522618,38.9203596796386,47.960755117503496,116.61137936880588,119.90188779375873,291.5284484220147,239.80377558751746,583.0568968440294,479.6075511750349,1166.1137936880589,GOOD
20.8,106.5,10000,False,2.81953431311799,147.04566122313844,41.207451966212375,45.65171726330591,108.78994636153324,114.1292931582648,271.97486590383306,228.2585863165296,543.9497318076661,456.5171726330592,1087.8994636153323,GOOD
20.8,106.6,10000,False,2.688057985647864,138.94816095110713,43.70925141522055,43.30708303096061,101.44797511535522,108.26770757740151,253.61993778838809,216.53541515480302,507.23987557677617,433.07083030960604,1014.4797511535523,GOOD
20.8,106.7,10000,False,2.5679393842891693,131.59829147475114,46.41708458760189,40.986289523697366,94.67993560943424,102.46572380924341,236.69983902358558,204.93144761848683,473.39967804717116,409.86289523697366,946.7993560943423,GOOD
20.8,106.8,10000,False,2.462189599125726,125.04135111243622,49.32569277565926,38.96785946723277,89.35001232415485,97.41964866808192,223.3750308103871,194.83929733616384,446.7500616207742,389.6785946723277,893.5001232415484,GOOD
20.8,106.9,10000,False,2.3749617866291057,119.35520058811609,52.434343750405624,37.35894984681781,87.6814454795837,93.3973746170445,219.20361369895926,186.794749234089,438.4072273979185,373.589498468178,876.814454795837,GOOD
20.8,107.0,10000,False,2.31191803114786,114.66223348469386,55.74800269605282,35.49890683327034,84.05403100301179,88.74726708317584,210.13507750752947,177.49453416635168,420.27015501505895,354.98906833270337,840.5403100301179,GOOD
20.8,107.1,10000,False,2.2806002399167893,111.14742430390055,59.27904375721541,34.183233231527254,81.85236242454187,85.45808307881813,204.6309060613547,170.91616615763627,409.2618121227094,341.83233231527254,818.5236242454188,GOOD
20.8,107.2,10000,False,2.2907117217267423,109.08590871258338,63.05015490966514,33.8083589758209,81.65696006324953,84.52089743955227,204.1424001581238,169.04179487910454,408.2848003162476,338.0835897582091,816.5696006324952,GOOD
20.8,107.3,10000,True,2.3542640117037354,108.88523629305571,65.51810708193733,33.626477526387106,79.47437709591767,84.06619381596775,198.6859427397942,168.1323876319355,397.3718854795884,336.264775263871,794.7437709591768,GOOD
20.8,107.4,10000,True,2.4857456734762478,111.14889266949065,60.80488202371571,34.22621360040968,83.15165899985257,85.56553400102419,207.87914749963147,171.13106800204838,415.75829499926294,342.26213600409676,831.5165899985259,GOOD
20.8,107.5,10000,True,2.702633619553182,116.76626217989116,55.493559128140326,35.77522018200249,86.23033070707777,89.43805045500622,215.57582676769442,178.87610091001244,431.15165353538885,357.7522018200249,862.3033070707777,GOOD
20.8,107.6,10000,True,3.0262427178445055,127.02418450326056,50.20116357206369,38.46399724085836,90.25130901591335,96.1599931021459,225.62827253978335,192.3199862042918,451.2565450795667,384.6399724085836,902.5130901591334,GOOD
20.8,107.7,10000,True,3.482166541153481,143.71422584966797,42.862206184101765,43.45884026237225,103.64598443083672,108.6471006559306,259.1149610770918,217.2942013118612,518.2299221541836,434.5884026237224,1036.459844308367,GOOD
20.8,107.8,10000,False,4.099653056800039,169.20220035318582,34.02865537050287,51.819496048832164,123.13946140579547,129.54874012208037,307.84865351448866,259.09748024416075,615.6973070289773,518.1949604883215,1231.3946140579546,GOOD
20.8,107.9,10000,False,4.911290407318508,206.4861846668013,26.346988458080027,60.376035418843706,154.7015712322429,150.94008854710927,386.7539280806073,301.88017709421854,773.5078561612146,603.7603541884371,1547.0157123224292,GOOD
20.8,108.0,10000,False,5.955969722071951,259.36462295949184,20.010975355213205,74.24872329910019,200.16629304077796,185.6218082477505,500.41573260194485,371.243616495501,1000.8314652038897,742.487232991002,2001.6629304077794,ACCEPTABLE
20.8,108.1,10000,False,7.284688215674969,332.77582377662395,14.9851368904762,98.92899494888566,274.13526758694013,247.32248737221414,685.3381689673504,494.6449747444283,1370.6763379347008,989.2899494888566,2741.3526758694015,ACCEPTABLE
20.8,108.2,10000,False,8.962495504572574,433.0866830668507,11.123002943037486,123.3887791501023,327.090166417189,308.47194787525575,817.7254160429725,616.9438957505115,1635.450832085945,1233.887791501023,3270.90166417189,ACCEPTABLE
20.8,108.3,10000,False,11.056047957948902,567.7248895654911,8.25698674055071,158.56368191693304,430.2934610338084,396.4092047923325,1075.733652584521,792.818409584665,2151.467305169042,1585.63681916933,4302.934610338084,ACCEPTABLE
20.8,108.4,10000,False,13.591175745046463,742.9346851215168,6.242049532458959,203.05435427000668,555.3335721800181,507.63588567501665,1388.333930450045,1015.2717713500333,2776.66786090009,2030.5435427000666,5553.33572180018,ACCEPTABLE
20.8,108.5,10000,False,16.46141493790668,957.735272723652,4.958259454822903,254.65848749268352,700.67131897827,636.6462187317087,1751.678297445675,1273.2924374634174,3503.35659489135,2546.584874926835,7006.7131897827,POOR
20.8,108.6,10000,False,19.310886206196233,1194.1714733045435,4.276666735519002,328.7913004453358,912.0272411392574,821.9782511133396,2280.0681028481436,1643.9565022266793,4560.136205696287,3287.9130044533586,9120.272411392574,POOR
20.8,108.7,10000,False,21.556484310399927,1413.912368837162,4.0256092412702635,375.8689678273269,1109.0358769470904,939.6724195683174,2772.589692367726,1879.3448391366348,5545.179384735452,3758.6896782732697,11090.358769470904,POOR
20.8,108.8,10000,False,22.732304898830545,1577.624591365731,4.958259454822903,424.71835787426426,1208.4222763977982,1061.7958946856606,3021.0556909944958,2123.5917893713213,6042.1113819889915,4247.183578742643,12084.222763977983,POOR
20.8,108.9,10000,False,22.851746782681786,1673.6679309762937,4.276666735519002,447.6104114958398,1317.9200954848982,1119.0260287395995,3294.800238712245,2238.052057479199,6589.60047742449,4476.104114958398,13179.20095484898,POOR
20.8,109.0,10000,False,22.295030957570567,1718.7812227389468,4.0256092412702635,461.7473549788193,1375.1544600647253,1154.3683874470485,3437.8861501618126,2308.736774894097,6875.772300323625,4617.473549788194,13751.54460064725,POOR
20.9,104.5,10000,False,6.520677269807559,512.2276172518123,19.082199410868732,147.36503330158718,404.605133262256,368.412583253968,1011.5128331556401,736.825166507936,2023.0256663112802,1473.650333015872,4046.0513326225605,ACCEPTABLE
20.9,104.6,10000,False,6.310444193533568,482.8304239237414,20.997005319571546,138.73727608360355,381.3311411937827,346.84319020900887,953.3278529844567,693.6863804180177,1906.6557059689135,1387.3727608360355,3813.311411937827,ACCEPTABLE
20.9,104.7,10000,False,6.102567452970294,454.8935669060743,23.069826494549545,130.5679834347784,359.1702766222239,326.419958586946,897.92569155556,652.839917173892,1795.85138311112,1305.679834347784,3591.70276622224,ACCEPTABLE
20.9,104.8,10000,False,5.897145422231237,428.38558676657794,19.852969169752257,122.84660639671479,338.09921205254454,307.11651599178697,845.2480301313614,614.2330319835739,1690.4960602627227,1228.4660639671479,3380.9921205254454,ACCEPTABLE
20.9,104.9,10000,False,5.694278734339244,403.2718050910645,19.99227743578665,115.56164400703113,318.0919343246259,288.90411001757786,795.2298358115648,577.8082200351557,1590.4596716231297,1155.6164400703115,3180.9193432462594,ACCEPTABLE
20.9,105.0,10000,False,5.494070574303992,379.51430660747013,20.301693640858115,108.70064912314501,299.11969365208404,271.75162280786253,747.7992341302103,543.5032456157251,1495.5984682604205,1087.0064912314501,2991.196936520841,ACCEPTABLE
20.9,105.1,10000,False,5.296627332420163,357.07201212410365,20.816317831894093,102.25026129679523,281.15102135423047,255.62565324198812,702.8775533855762,511.25130648397624,1405.7551067711524,1022.5026129679525,2811.510213542305,ACCEPTABLE
20.9,105.2,10000,False,5.102059763260086,335.90085840966424,21.566164067647083,96.1962709676898,264.1518290023735,240.49067741922448,660.3795725059339,480.98135483844896,1320.7591450118678,961.9627096768979,2641.5182900237355,ACCEPTABLE
20.9,105.3,10000,False,4.9104848314380956,315.954098434459,22.572783678942223,90.52371842625101,248.08559933743618,226.3092960656275,620.2139983435904,452.618592131255,1240.427996687181,905.23718426251,2480.855993374362,ACCEPTABLE
20.9,105.4,10000,False,4.722028468509813,297.1827312881269,23.847050911389175,85.21702983012396,232.9136756978623,213.0425745753099,582.2841892446559,426.0851491506198,1164.5683784893117,852.1702983012397,2329.1367569786235,ACCEPTABLE
20.9,105.5,10000,False,4.536829520276399,279.53606594470654,25.388589896007325,80.260191166778,218.59565207368559,200.650477916945,546.4891301842141,401.30095583389,1092.9782603684282,802.60191166778,2185.9565207368564,ACCEPTABLE
20.9,105.6,10000,False,4.3550452368822015,262.9624175290359,27.13584764284824,75.63695964140288,205.0898607702209,189.09239910350718,512.7246519255523,378.18479820701435,1025.4493038511046,756.3695964140287,2050.898607702209,ACCEPTABLE
20.9,105.7,10000,False,4.176858759819845,247.40992980511282,27.554232918246996,71.0313524898277,192.3539497425068,177.57838122456923,480.8848743562671,355.15676244913845,961.7697487125342,710.3135248982769,1923.5394974250685,GOOD
20.9,105.8,10000,False,4.002489205864949,232.8275144142425,28.169642116252664,66.64379891965024,180.34553781415963,166.6094972991256,450.86384453539915,333.2189945982512,901.7276890707983,666.4379891965024,1803.4553781415966,GOOD
20.9,105.9,10000,False,3.832205160524789,219.1658971774529,28.998950622144267,62.47579551470023,169.0229341210381,156.1894887867506,422.5573353025953,312.3789775735012,845.1146706051906,624.7579551470023,1690.229341210381,GOOD
20.9,106.0,10000,False,3.666342704119352,206.37876574584507,30.051351649807117,59.35265950715242,158.34590903773636,148.38164876788105,395.86477259434093,296.7632975357621,791.7295451886819,593.5265950715242,1583.4590903773637,GOOD
20.9,106.1,10000,False,3.5053295441065315,194.4240221501047,31.328091351906846,56.49802479928212,148.27650821116595,141.2450619982053,370.69127052791487,282.4901239964106,741.3825410558297,564.9802479928212,1482.7650821116595,GOOD
20.9,106.2,10000,False,3.349717470601506,183.2651594706323,32.8231996556168,54.677686185157924,138.77990964766047,136.69421546289482,346.94977411915124,273.38843092578963,693.8995482383025,546.7768618515793,1387.799096476605,GOOD
20.9,106.3,10000,False,3.2002262464609714,172.8728052804682,34.5249585482583,52.590808418875426,129.82533656307155,131.4770210471886,324.5633414076789,262.9540420943772,649.1266828153578,525.9080841887544,1298.2533656307155,GOOD
20.9,106.4,10000,False,3.057803230944756,163.22650785102584,36.417743090963434,50.73092094701319,121.38705665552763,126.82730236753301,303.46764163881915,253.65460473506602,606.9352832776383,507.30920947013203,1213.8705665552766,GOOD
20.9,106.5,10000,False,2.9237044833336543,154.31688823638643,38.483917013280255,48.133196152752575,113.44552309190911,120.33299038188144,283.61380772977276,240.6659807637629,567.2276154595455,481.3319615275258,1134.455230919091,GOOD
20.9,106.6,10000,False,2.7996045522775246,146.1483495732985,40.70561753363893,45.620452747120666,106.0792134571358,114.05113186780167,265.1980336428395,228.10226373560334,530.396067285679,456.2045274712067,1060.792134571358,GOOD
20.9,106.7,10000,False,2.687742895520498,138.74263822518526,43.06646848554749,42.99203363829585,99.6126141684339,107.48008409573963,249.03153542108475,214.96016819147926,498.0630708421695,429.9203363829585,996.126141684339,GOOD
20.9,106.8,10000,False,2.591113286899595,132.14371701809733,45.553498963901525,41.81785453329353,95.72330772961591,104.54463633323381,239.30826932403977,209.08927266646762,478.61653864807954,418.17854533293524,957.2330772961591,GOOD
20.9,106.9,10000,False,2.513696059305038,126.42469327272704,48.15984585009776,39.929452464560285,93.70799296054764,99.82363116140071,234.2699824013691,199.64726232280142,468.5399648027382,399.29452464560285,937.0799296054764,GOOD
20.9,107.0,10000,False,2.4607196913935776,121.69805407866886,50.88924128341005,38.71036849726885,89.71423515055928,96.77592124317214,224.28558787639818,193.55184248634427,448.57117575279636,387.10368497268854,897.1423515055927,GOOD
20.9,107.1,10000,False,2.4389233887062094,118.13141596102056,53.7638637365125,37.0759201432588,87.39550695189598,92.68980035814701,218.48876737973995,185.37960071629402,436.9775347594799,370.75920143258804,873.9550695189598,GOOD
20.9,107.2,10000,False,2.456800162985891,115.97277035779938,56.83771983714229,36.19434615301723,84.82633010569566,90.48586538254307,212.06582526423915,180.97173076508614,424.1316505284783,361.94346153017227,848.2633010569566,GOOD
20.9,107.3,10000,False,2.524869541686761,115.59215596123201,60.21759453243966,35.6023335944897,82.84936634558204,89.00583398622425,207.12341586395507,178.0116679724485,414.24683172791015,356.023335944897,828.4936634558203,GOOD
20.9,107.4,10000,True,2.6561326054647756,117.54973045071758,57.25280983371265,36.013311665793026,87.47660261264285,90.03327916448256,218.69150653160708,180.06655832896513,437.38301306321415,360.13311665793026,874.7660261264283,GOOD
20.9,107.5,10000,True,2.866702249207702,122.69534048677023,52.89695111577358,37.36564662816606,92.99768011375288,93.41411657041513,232.4942002843822,186.82823314083026,464.9884005687644,373.6564662816605,929.9768011375288,GOOD
20.9,107.6,10000,True,3.175527660937773,132.26712680450368,49.57701167373662,39.796495333501724,94.8088935321424,99.49123833375432,237.022233830356,198.98247666750865,474.044467660712,397.9649533350173,948.088935321424,GOOD
20.9,107.7,10000,True,3.6003611332394505,147.86777173534796,40.91913011158892,45.653868262992525,106.68660142286981,114.1346706574813,266.7165035571745,228.2693413149626,533.433007114349,456.5386826299252,1066.866014228698,GOOD
20.9,107.8,10000,False,4.14963085468509,171.20158061529816,31.749151430210993,51.58269391028685,125.53501769984183,128.95673477571714,313.83754424960455,257.9134695514343,627.6750884992091,515.8269391028686,1255.3501769984182,GOOD
20.9,107.9,10000,False,4.821891476224108,203.8717617007108,24.496588067155255,58.681416815479366,152.47839331486688,146.70354203869843,381.1959832871671,293.40708407739686,762.3919665743342,586.8141681547937,1524.7839331486684,GOOD
20.9,108.0,10000,False,5.623613144792906,247.8155201999742,19.104208167485233,72.34097998646656,202.1494560370049,180.85244996616643,505.37364009251223,361.70489993233286,1010.7472801850245,723.4097998646657,2021.494560370049,ACCEPTABLE
20.9,108.1,10000,False,6.585516408131158,306.03681937972436,15.207304822049752,90.57210429544466,240.5264503283925,226.4302607386116,601.3161258209813,452.8605214772232,1202.6322516419625,905.7210429544464,2405.264503283925,ACCEPTABLE
20.9,108.2,10000,False,7.758009129570929,382.82409228798144,12.431371476445323,109.3755125066996,287.7176453515449,273.43878126674895,719.2941133788622,546.8775625334979,1438.5882267577244,1093.7551250669958,2877.176453515449,ACCEPTABLE
20.9,108.3,10000,False,9.1977741511216,483.51279337813975,10.486918428395587,134.49799880747793,364.30422509296784,336.2449970186949,910.7605627324197,672.4899940373898,1821.5211254648393,1344.9799880747796,3643.0422509296786,ACCEPTABLE
20.9,108.4,10000,False,10.955152483147467,613.9764426175911,9.156411931449163,166.24164780338066,458.9446493106828,415.6041195084516,1147.3616232767072,831.2082390169032,2294.7232465534144,1662.4164780338065,4589.446493106829,ACCEPTABLE
20.9,108.5,10000,False,13.05455210372991,779.363071627707,8.267866406921762,205.00301004316543,572.0339681660014,512.5075251079136,1430.0849204150036,1025.0150502158272,2860.169840830007,2050.0301004316543,5720.339681660014,ACCEPTABLE
20.9,108.6,10000,False,15.456331492269488,981.1643712878804,7.682938571040069,259.9663334087877,718.4863701266902,649.9158335219693,1796.2159253167256,1299.8316670439385,3592.431850633451,2599.663334087877,7184.863701266902,POOR
20.9,108.7,10000,False,18.001689328278356,1212.2196593940566,7.294850010480845,332.57121565271996,913.8201211957656,831.4280391318,2284.5503029894144,1662.8560782636,4569.100605978829,3325.7121565272,9138.201211957658,POOR
20.9,108.8,10000,False,20.382389093754494,1452.1686398611043,8.267866406921762,388.9664268414191,1163.9873049254436,972.4160671035477,2909.9682623136086,1944.8321342070954,5819.936524627217,3889.6642684141907,11639.873049254435,POOR
20.9,108.9,10000,False,22.220033588864062,1670.4274157465607,7.682938571040069,466.873024739097,1321.530735599661,1167.1825618477424,3303.826838999153,2334.3651236954847,6607.653677998306,4668.730247390969,13215.307355996612,POOR
20.9,109.0,10000,False,23.265695546902176,1840.6127282672871,7.294850010480845,488.95742357916413,1393.8680800844238,1222.39355894791,3484.6702002110596,2444.78711789582,6969.340400422119,4889.57423579164,13938.680800844239,POOR
21.0,104.5,10000,False,6.563344937504432,520.2775376018672,20.237374059963873,149.48929959804298,410.43193764252544,373.7232489951074,1026.0798441063137,747.4464979902148,2052.1596882126273,1494.8929959804295,4104.319376425255,ACCEPTABLE
21.0,104.6,10000,False,6.356224259739123,491.2100304509019,21.654830484049004,141.19337900847884,387.39370175348375,352.98344752119704,968.4842543837094,705.9668950423941,1936.9685087674188,1411.9337900847881,3873.9370175348377,ACCEPTABLE
21.0,104.7,10000,False,6.151480221523304,463.56215333620577,21.835780288156595,133.27601241181736,365.4379571793472,333.1900310295433,913.5948929483682,666.3800620590866,1827.1897858967363,1332.7601241181733,3654.3795717934727,ACCEPTABLE
21.0,104.8,10000,False,5.949212144027294,437.30225705453915,18.283733333225495,125.72922553719187,344.54097044354614,314.32306384297965,861.3524261088654,628.6461276859593,1722.7048522177308,1257.2922553719186,3445.4097044354617,ACCEPTABLE
21.0,104.9,10000,False,5.749523096911959,412.3958927769882,18.547451587177296,118.54419415668198,324.67663541294996,296.36048539170497,811.691588532375,592.7209707834099,1623.38317706475,1185.4419415668199,3246.7663541295,ACCEPTABLE
21.0,105.0,10000,False,5.5525205940628855,388.8058469467458,19.001655371757128,111.71123737399131,305.8164656153286,279.27809343497825,764.5411640383215,558.5561868699565,1529.082328076643,1117.112373739913,3058.164656153286,ACCEPTABLE
21.0,105.1,10000,False,5.358317690970323,366.4922565934721,19.67431944204525,105.21983282829055,287.92964701691676,263.0495820707264,719.8241175422919,526.0991641414528,1439.6482350845838,1052.1983282829055,2879.2964701691676,ACCEPTABLE
21.0,105.2,10000,False,5.167034621382242,345.41281667884687,20.585886545164268,99.05865730937349,270.98316018263034,247.64664327343374,677.4579004565759,495.2932865468675,1354.9158009131518,990.586573093735,2709.8316018263035,ACCEPTABLE
21.0,105.3,10000,False,4.978801143569194,325.5230887121861,21.747246784962137,93.21565556568906,254.94197860766513,233.03913891422263,637.3549465191628,466.07827782844527,1274.7098930383256,932.1565556568905,2549.4197860766512,ACCEPTABLE
21.0,105.4,10000,False,4.793759806912459,306.7769166090795,23.159189976520196,87.67813907357257,239.76934704469068,219.1953476839314,599.4233676117269,438.3906953678628,1198.8467352234538,876.7813907357256,2397.6934704469077,ACCEPTABLE
21.0,105.5,10000,False,4.612070401027552,289.1269519149491,24.81322053855958,82.43291530766614,225.4271400723922,206.08228826916533,563.5678501809806,412.16457653833066,1127.1357003619612,824.3291530766613,2254.2714007239224,ACCEPTABLE
21.0,105.6,10000,False,4.433915917589086,272.52528657627096,25.09273534685928,77.46644675353315,211.87629732602815,193.66611688383287,529.6907433150704,387.33223376766574,1059.381486630141,774.6644675353315,2118.762973260282,ACCEPTABLE
21.0,105.7,10000,False,4.259510447229377,256.9241880741718,25.5223318687857,72.76503773259441,199.07732823083634,181.912594331486,497.69332057709084,363.825188662972,995.3866411541817,727.650377325944,1990.7732823083634,GOOD
21.0,105.8,10000,False,4.089109561201678,242.27692969365327,26.14054456145466,68.31504630246602,186.99087630260237,170.78761575616505,467.47719075650605,341.5752315123301,934.9543815130121,683.1504630246602,1869.9087630260242,GOOD
21.0,105.9,10000,False,3.9230239043401802,228.53870875546875,26.95826159812591,64.39752446074107,175.57833165700114,160.99381115185264,438.9458291425029,321.9876223037053,877.8916582850057,643.9752446074106,1755.7833165700115,GOOD
21.0,106.0,10000,False,3.7616369701589507,215.66764848699327,27.9784811839731,62.03690264664889,164.80248076812688,155.0922566166222,412.0062019203172,310.1845132332444,824.0124038406344,620.3690264664888,1648.0248076812688,GOOD
21.0,106.1,10000,False,3.605428360921234,203.62588544229675,29.19636302066029,59.693506395386194,154.62818507633813,149.23376598846545,386.5704626908454,298.4675319769309,773.1409253816907,596.9350639538618,1546.2818507633815,GOOD
21.0,106.2,10000,False,3.455004273323119,192.3807545094766,30.600102110843146,58.16200858673936,145.20046816881103,145.40502146684844,363.0011704220276,290.8100429336969,726.0023408440552,581.6200858673938,1452.0046816881104,GOOD
21.0,106.3,10000,False,3.311137499082417,181.90609814692266,32.17232367481721,55.507589193345524,136.35661710485493,138.76897298336382,340.89154276213736,277.53794596672765,681.7830855242747,555.0758919334553,1363.5661710485494,GOOD
21.0,106.4,10000,False,3.174819856657932,172.18374658782085,33.891666477925575,52.561848704080845,128.05394092415187,131.40462176020208,320.1348523103797,262.80924352040415,640.2697046207594,525.6184870408083,1280.5394092415188,GOOD
21.0,106.5,10000,False,3.047330557747353,163.20524358354027,35.734320665363356,50.575589340719006,120.27790965092191,126.43897335179751,300.69477412730475,252.87794670359503,601.3895482546095,505.75589340719006,1202.779096509219,GOOD
21.0,106.6,10000,False,2.930324279080613,154.9739330557363,37.67546218282351,48.5915197830448,113.02166501841712,121.47879945761203,282.55416254604285,242.95759891522405,565.1083250920857,485.9151978304481,1130.2166501841714,GOOD
21.0,106.7,10000,False,2.8259421279247507,147.50758826828854,39.690742360420494,45.80856487907475,106.28757716806304,114.52141219768691,265.7189429201576,229.04282439537383,531.4378858403152,458.08564879074765,1062.8757716806304,GOOD
21.0,106.8,10000,False,2.736946539290226,140.8418870931449,41.75825843418456,43.476055256923715,103.28367730622952,108.69013814230931,258.20919326557373,217.38027628461862,516.4183865311475,434.76055256923723,1032.836773062295,GOOD
21.0,106.9,10000,False,2.6668772008838117,135.03528939183158,43.86181012981547,43.311841883436315,100.82530929823012,108.2796047085908,252.06327324557532,216.5592094171816,504.12654649115063,433.1184188343632,1008.2530929823013,GOOD
21.0,107.0,10000,False,2.620222136352812,130.17644137190595,45.99684383988136,41.46464619488728,96.72291933148105,103.6616154872182,241.80729832870267,207.3232309744364,483.61459665740534,414.6464619488728,967.2291933148107,GOOD
21.0,107.1,10000,False,2.6026079610753405,126.39657271438271,48.18142352790029,39.342599903156696,94.56324051735658,98.35649975789175,236.40810129339144,196.7129995157835,472.8162025867829,393.425999031567,945.6324051735658,GOOD
21.0,107.2,10000,False,2.6210666697353675,123.89251719240822,50.475894308393734,39.05655712638844,90.06119537400774,97.64139281597107,225.15298843501938,195.28278563194215,450.30597687003876,390.5655712638843,900.6119537400775,GOOD
21.0,107.3,10000,False,2.6845826422585244,122.97298904851971,53.016263159115496,37.88264776345979,86.75574371011598,94.70661940864946,216.88935927528996,189.41323881729892,433.7787185505799,378.82647763459784,867.5574371011598,GOOD
21.0,107.4,10000,True,2.805353967313477,124.15304347342563,54.552669660475004,38.397955187677354,88.88197907189004,95.99488796919337,222.2049476797251,191.98977593838674,444.4098953594502,383.9795518767735,888.8197907189004,GOOD
21.0,107.5,10000,True,3.001012531068629,128.32598603917143,50.38513178733285,39.17555073725997,93.60706795743474,97.93887684314991,234.01766989358683,195.87775368629983,468.03533978717365,391.75550737259965,936.0706795743473,GOOD
21.0,107.6,10000,True,3.295029960530141,136.95199910010808,48.66343409521565,40.79568454735991,101.02614797089345,101.98921136839984,252.5653699272336,203.97842273679967,505.1307398544672,407.95684547359934,1010.2614797089344,GOOD
21.0,107.7,10000,True,3.703227980366367,151.82242339066784,38.76494474948318,46.59500315432727,108.97372375045404,116.48750788581816,272.4343093761351,232.97501577163632,544.8686187522702,465.95003154327264,1089.7372375045404,GOOD
21.0,107.8,10000,False,4.2006934330463395,173.84127171719024,30.08915293560273,51.836560401047315,128.25587818493145,129.59140100261828,320.63969546232863,259.18280200523657,641.2793909246573,518.3656040104731,1282.5587818493145,GOOD
21.0,107.9,10000,False,4.736478928593816,202.73737591987225,24.872021996281678,59.09903202616185,156.43931874877765,147.74758006540463,391.09829687194417,295.49516013080927,782.1965937438883,590.9903202616185,1564.3931874877767,GOOD
21.0,108.0,10000,False,5.320459435168688,239.7141873701937,21.77847433102386,71.76766790918043,191.77575742657027,179.41916977295108,479.43939356642557,358.83833954590216,958.8787871328511,717.6766790918043,1917.7575742657023,GOOD
21.0,108.1,10000,False,6.019133660810629,288.17354806330627,19.604130275444557,83.5483605757167,215.99568895238727,208.8709014392917,539.9892223809683,417.7418028785834,1079.9784447619365,835.4836057571669,2159.956889523873,ACCEPTABLE
21.0,108.2,10000,False,6.892396003663319,352.06321933398704,17.81774633950712,99.7110310636061,264.67220440444027,249.27757765901526,661.6805110111006,498.55515531803053,1323.3610220222013,997.1103106360611,2646.7220440444025,ACCEPTABLE
21.0,108.3,10000,False,7.982207293561191,435.4339463635844,16.261444072052235,124.42661871904315,322.9529903309808,311.0665467976079,807.3824758274523,622.1330935952158,1614.7649516549045,1244.2661871904315,3229.529903309809,ACCEPTABLE
21.0,108.4,10000,False,9.32383212556793,542.7513568841836,14.196647651666659,148.65771451987519,403.50252867368096,371.6442862996879,1008.7563216842024,743.2885725993758,2017.5126433684047,1486.5771451987516,4035.0252867368094,ACCEPTABLE
21.0,108.5,10000,False,10.94904585888188,678.9035797133769,12.806040401783418,185.08986556478888,504.06522357945477,462.72466391197213,1260.163058948637,925.4493278239443,2520.326117897274,1850.8986556478885,5040.652235794548,ACCEPTABLE
21.0,108.6,10000,False,12.87714369813508,848.4922331381568,12.698071581076343,225.6033420516325,617.9220543674197,564.0083551290811,1544.8051359185492,1128.0167102581622,3089.6102718370985,2256.0334205163244,6179.220543674197,POOR
21.0,108.7,10000,False,15.0927961429016,1054.003152287663,11.826072524949701,281.06621868358377,770.3083368824113,702.6655467089593,1925.7708422060282,1405.3310934179185,3851.5416844120564,2810.662186835837,7703.083368824113,POOR
21.0,108.8,10000,False,17.51142605653292,1292.530710126665,13.715579774761828,352.5391424796104,965.589054434824,881.3478561990261,2413.97263608706,1762.6957123980521,4827.94527217412,3525.3914247961043,9655.89054434824,POOR
21.0,108.9,10000,False,19.946415414361336,1551.8202963084827,12.698071581076343,414.6295368139749,1238.8715552249591,1036.5738420349371,3097.1788880623976,2073.1476840698742,6194.357776124795,4146.2953681397485,12388.71555224959,POOR
21.0,109.0,10000,False,22.11793046379744,1808.9497863872216,11.826072524949701,474.43732262775836,1420.2154225397796,1186.0933065693962,3550.538556349449,2372.1866131387924,7101.077112698898,4744.373226277585,14202.154225397797,POOR
21.1,104.5,10000,False,6.618321093453247,530.0409047475664,19.852969169752257,152.02741292993673,417.6215147703693,380.06853232484184,1044.0537869259233,760.1370646496837,2088.1075738518466,1520.2741292993674,4176.215147703693,ACCEPTABLE
21.1,104.6,10000,False,6.41447471230227,501.26321460578595,19.99227743578665,143.79794814070692,394.78836490189786,359.4948703517673,986.9709122547448,718.9897407035346,1973.9418245094896,1437.9794814070692,3947.883649018979,ACCEPTABLE
21.1,104.7,10000,False,6.21304333322687,473.86835708242535,20.301693640858115,135.9376779999928,373.0098601750115,339.844194999982,932.524650437529,679.688389999964,1865.049300875058,1359.376779999928,3730.098601750116,ACCEPTABLE
21.1,104.8,10000,False,6.014129323782439,447.8248920481102,16.94146692391576,128.4385743168609,352.26218851931145,321.0964357921522,880.6554712982787,642.1928715843044,1761.3109425965574,1284.3857431686088,3522.621885193115,ACCEPTABLE
21.1,104.9,10000,False,5.817840286531927,423.098965096344,17.34928289626586,121.2918616750242,332.51945346055334,303.22965418756047,831.2986336513834,606.4593083751209,1662.5972673027668,1212.9186167502419,3325.1945346055336,ACCEPTABLE
21.1,105.0,10000,False,5.624290076641596,399.6543799543121,17.962035079810672,114.48802292166613,313.7536969285031,286.22005730416527,784.3842423212578,572.4401146083305,1568.7684846425157,1144.880229216661,3137.5369692850313,ACCEPTABLE
21.1,105.1,10000,False,5.433600240211935,377.4527413601063,18.79883788716106,108.01682395831511,295.934974447876,270.0420598957878,739.8374361196902,540.0841197915756,1479.6748722393804,1080.1682395831513,2959.349744478761,ACCEPTABLE
21.1,105.2,10000,False,5.245901999388064,356.4536766659591,19.870115651770035,101.86736033396278,279.0314887681869,254.6684008349069,697.5787219204673,509.3368016698138,1395.1574438409345,1018.6736033396276,2790.314887681869,ACCEPTABLE
21.1,105.3,10000,False,5.061338938434902,336.61514235739435,21.177175454691795,96.0281275245132,263.0571011231543,240.070318811283,657.6427528078859,480.140637622566,1315.2855056157719,960.281275245132,2630.5710112315437,ACCEPTABLE
21.1,105.4,10000,False,4.880070579358871,317.8938190122675,22.713015646170227,90.48711597477381,247.98404254364715,226.21778993693457,619.9601063591178,452.43557987386913,1239.9202127182357,904.8711597477383,2479.8404254364714,ACCEPTABLE
21.1,105.5,10000,False,4.70227707866361,300.245595189373,22.842322303411805,85.23193105122039,233.74003842946647,213.07982762805096,584.3500960736661,426.1596552561019,1168.7001921473322,852.3193105122039,2337.4003842946645,ACCEPTABLE
21.1,105.6,10000,False,4.528165331722371,283.62613766615215,23.11650126465056,80.2598288329182,220.28898841630053,200.64957208229552,550.7224710407513,401.29914416459104,1101.4449420815026,802.5982883291821,2202.8898841630053,ACCEPTABLE
21.1,105.7,10000,False,4.357976842324719,267.99154274324576,23.558297543929033,75.77481545769692,207.59488957851448,189.43703864424228,518.9872239462863,378.87407728848456,1037.9744478925727,757.7481545769691,2075.9488957851454,ACCEPTABLE
21.1,105.8,10000,False,4.191997807297259,253.29906141450152,24.180546817320103,71.65220307184498,195.62239207365616,179.13050767961244,489.0559801841405,358.26101535922487,978.111960368281,716.5220307184497,1956.223920736562,GOOD
21.1,105.9,10000,False,4.030571984896728,239.5078904123251,24.988659674344508,68.32176300429684,184.3374091544136,170.8044075107421,460.84352288603407,341.6088150214842,921.6870457720681,683.2176300429684,1843.3740915441363,GOOD
21.1,106.0,10000,False,3.874117064439221,226.58002167170898,25.9801214234715,65.6116641241725,173.7077781276565,164.02916031043125,434.26944531914125,328.0583206208625,868.5388906382825,656.116641241725,1737.077781276565,GOOD
21.1,106.1,10000,False,3.7231454314204604,214.48114455980948,27.144855333215084,64.05428204968229,163.70397205231998,160.13570512420569,409.25993013080006,320.27141024841137,818.5198602616001,640.5428204968227,1637.0397205232002,GOOD
21.1,106.2,10000,False,3.5782904123160337,203.1815979175062,28.46623003373245,61.5015465898926,154.2998668501288,153.75386647473152,385.74966712532205,307.50773294946305,771.4993342506441,615.0154658989261,1542.9986685012882,GOOD
21.1,106.3,10000,False,3.4403392445320553,192.65737180130168,29.92238247915354,58.26725378470347,145.47357476404233,145.66813446175865,363.68393691010584,291.3362689235173,727.3678738202117,582.6725378470346,1454.7357476404234,GOOD
21.1,106.4,10000,False,3.3102740568875357,182.89116067665245,31.487559038888204,55.674883953884475,137.2083619736305,139.18720988471122,343.02090493407627,278.37441976942245,686.0418098681525,556.7488395388449,1372.083619736305,GOOD
21.1,106.5,10000,False,3.1893218847273217,173.8734694517304,33.133305468072244,53.95096343730315,129.49367397250515,134.87740859325785,323.7341849312629,269.7548171865157,647.4683698625258,539.5096343730314,1294.9367397250517,GOOD
21.1,106.6,10000,False,3.079013874664762,165.60377081075026,34.82950574092524,51.90951814629945,122.32629336104776,129.77379536574858,305.8157334026194,259.54759073149717,611.6314668052388,519.0951814629943,1223.2629336104776,GOOD
21.1,106.7,10000,False,2.9812519282216816,158.09171087592495,36.545455981197655,48.74084058224355,115.71164299183425,121.85210145560886,289.27910747958566,243.70420291121772,578.5582149591713,487.40840582243544,1157.1164299183426,GOOD
21.1,106.8,10000,False,2.8983777516162665,151.35837985077382,38.25138619391584,46.928341698518835,111.97466791879738,117.32085424629709,279.93666979699344,234.64170849259418,559.8733395939869,469.28341698518835,1119.7466791879738,GOOD
21.1,106.9,10000,False,2.833235250091601,145.43777387117257,39.92118091839087,45.115282823167234,109.2798098245126,112.78820705791806,273.1995245612815,225.57641411583612,546.399049122563,451.15282823167223,1092.798098245126,GOOD
21.1,107.0,10000,False,2.7892167836124324,140.37899420877145,41.53763078570378,43.70232430038237,104.98681008763644,109.25581075095592,262.46702521909106,218.51162150191183,524.9340504381821,437.02324300382367,1049.8681008763642,GOOD
21.1,107.1,10000,False,2.770302839961356,136.25113801087866,43.10259195488784,42.8391926549031,101.75623558062222,107.09798163725775,254.3905889515556,214.1959632745155,508.7811779031112,428.391926549031,1017.5623558062224,GOOD
21.1,107.2,10000,False,2.781191847182886,133.1572612456505,44.65629170305383,41.479916430801296,99.24452308193848,103.69979107700323,248.11130770484624,207.39958215400645,496.2226154096925,414.7991643080129,992.445230819385,GOOD
21.1,107.3,10000,False,2.8279093089134943,131.2770353454237,46.313089757370996,39.87299609937382,96.50842291872591,99.68249024843455,241.2710572968148,199.3649804968691,482.5421145936296,398.7299609937382,965.0842291872592,GOOD
21.1,107.4,10000,False,2.920108594359395,130.99406670604387,48.324952614554135,39.61906611396676,93.77498664310671,99.0476652849169,234.43746660776677,198.0953305698338,468.87493321553353,396.1906611396676,937.7498664310671,GOOD
21.1,107.5,10000,True,3.07786181579323,133.2405080764132,48.19408969769686,40.64187183762775,95.15795121152547,101.60467959406938,237.89487802881365,203.20935918813876,475.7897560576273,406.4187183762775,951.5795121152546,GOOD
21.1,107.6,10000,True,3.3435815036403738,140.17936528332575,47.344965166544874,41.98139550780214,102.4757715251024,104.95348876950534,256.189428812756,209.90697753901068,512.378857625512,419.81395507802137,1024.757715251024,GOOD
21.1,107.7,10000,True,3.761315001521442,155.06059446114043,36.505182799679034,47.226183591739144,111.85607437599175,118.06545897934785,279.64018593997935,236.1309179586957,559.2803718799587,472.2618359173914,1118.5607437599174,GOOD
21.1,107.8,10000,False,4.2239668261205106,176.86625655500904,30.20516419158448,52.86516029941454,130.93598169441867,132.16290074853634,327.3399542360467,264.3258014970727,654.6799084720934,528.6516029941454,1309.3598169441868,GOOD
21.1,107.9,10000,False,4.560622096135851,200.61001009418356,28.57749953003248,60.65539858593071,165.6167531373404,151.6384964648268,414.041882843351,303.2769929296536,828.083765686702,606.5539858593072,1656.167531373404,GOOD
21.1,108.0,10000,False,4.925113320300793,231.25502625309628,27.59026205573747,68.22454576326288,171.3154406210063,170.5613644081572,428.2886015525157,341.1227288163144,856.5772031050313,682.2454576326288,1713.1544062100627,GOOD
21.1,108.1,10000,False,5.4625977252459705,274.79116531389366,23.394915343207554,79.67113965976264,203.99730012068636,199.1778491494066,509.9932503017158,398.3556982988132,1019.9865006034316,796.7113965976264,2039.9730012068633,ACCEPTABLE
21.1,108.2,10000,False,6.1929059166890195,333.5917029806386,18.839674433917548,96.25861876882291,245.13905087666944,240.64654692205733,612.8476271916735,481.29309384411465,1225.695254383347,962.5861876882293,2451.390508766694,ACCEPTABLE
21.1,108.3,10000,False,7.115289648424571,409.67128308647733,15.298130495540228,115.14135924315565,301.0779829098167,287.8533981078891,752.6949572745417,575.7067962157782,1505.3899145490834,1151.4135924315565,3010.779829098167,ACCEPTABLE
21.1,108.4,10000,False,8.240674732213023,505.9193124050197,12.548622008476306,137.44000128290514,376.32055496679357,343.60000320726294,940.801387416984,687.2000064145259,1881.602774833968,1374.4000128290518,3763.205549667936,ACCEPTABLE
21.1,108.5,10000,False,9.591025841957414,626.170255389652,10.450048157021083,171.41529583015824,466.37625717136154,428.53823957539555,1165.9406429284038,857.0764791507911,2331.8812858568076,1714.1529583015822,4663.762571713615,ACCEPTABLE
21.1,108.6,10000,False,11.192651459514313,774.9164406471672,8.900390821931143,206.61692900543324,570.4900393140766,516.542322513583,1426.2250982851915,1033.084645027166,2852.450196570383,2066.169290054332,5704.900393140766,ACCEPTABLE
21.1,108.7,10000,False,13.066120279018255,956.6338720409783,11.2803033995514,251.74712490278904,691.8122439413468,629.3678122569727,1729.5306098533672,1258.7356245139454,3459.0612197067344,2517.4712490278907,6918.122439413469,POOR
21.1,108.8,10000,False,15.210059799093047,1174.3992420009197,17.568230898988595,311.832056679927,855.3357926324277,779.5801416998177,2138.339481581069,1559.1602833996353,4276.678963162138,3118.3205667992706,8553.357926324275,POOR
21.1,108.9,10000,False,17.576799187823763,1427.4579542363372,15.151685449132978,384.4663510205056,1055.56816553695,961.165877551264,2638.920413842374,1922.331755102528,5277.840827684748,3844.663510205056,10555.681655369495,POOR
21.1,109.0,10000,False,20.04459843523908,1707.923898448506,12.806040401783418,453.74192627332735,1345.8250845261118,1134.3548156833185,3364.5627113152805,2268.709631366637,6729.125422630561,4537.419262733274,13458.250845261122,POOR
21.2,104.5,10000,False,6.685372583084574,541.5274563209312,18.283733333225495,155.1460951369943,427.07661499966343,387.8652378424857,1067.6915374991586,775.7304756849715,2135.383074998317,1551.460951369943,4270.766149996634,ACCEPTABLE
21.2,104.6,10000,False,6.484969607494034,513.0084716524384,18.547451587177296,146.8995401584864,404.3889371630624,367.24885039621597,1010.972342907656,734.4977007924319,2021.944685815312,1468.9954015848639,4043.889371630624,ACCEPTABLE
21.2,104.7,10000,False,6.287037180038182,485.8394223143126,19.001655371757128,139.08968624215441,382.75285097625215,347.724215605386,956.8821274406304,695.448431210772,1913.7642548812607,1390.896862421544,3827.5285097625215,ACCEPTABLE
21.2,104.8,10000,False,6.091682435591455,459.98941523923133,15.85506553134651,131.63267379267586,362.1442303288584,329.08168448168965,905.3605758221458,658.1633689633793,1810.7211516442917,1316.3267379267586,3621.4423032885834,ACCEPTABLE
21.2,104.9,10000,False,5.899019184520514,435.4254984808958,16.42301252484079,124.51987534000165,342.53724398104595,311.2996883500041,856.343109952615,622.5993767000082,1712.68621990523,1245.1987534000164,3425.37243981046,ACCEPTABLE
21.2,105.0,10000,False,5.709169178523846,412.1127605489148,17.20253676330976,117.74202679450741,323.9044238560477,294.35506698626847,809.7610596401192,588.7101339725369,1619.5221192802385,1177.4202679450739,3239.044238560477,ACCEPTABLE
21.2,105.1,10000,False,5.52226379730318,390.0144912027838,18.203209631445137,111.37173642683888,306.21678262263356,278.4293410670972,765.5419565565837,556.8586821341944,1531.0839131131675,1113.7173642683888,3062.167826226335,ACCEPTABLE
21.2,105.2,10000,False,5.338446267036486,369.0924094768736,19.426332493537192,105.34994282611818,289.44398562943985,263.3748570652954,723.6099640735996,526.7497141305907,1447.2199281471992,1053.4994282611815,2894.4398562943984,ACCEPTABLE
21.2,105.3,10000,False,5.157874543697657,349.30696288903795,20.78468052568053,99.6624489865462,273.55458096231814,249.1561224663655,683.8864524057954,498.312244932731,1367.7729048115907,996.624489865462,2735.5458096231814,ACCEPTABLE
21.2,105.4,10000,False,4.980725020224191,330.617699526866,20.80068220982197,94.29744756250554,258.51628983101534,235.74361890626386,646.2907245775384,471.4872378125277,1292.5814491550768,942.9744756250554,2585.1628983101537,ACCEPTABLE
21.2,105.5,10000,False,4.807197247250089,312.98371215041345,20.947283780821447,89.24307353593227,244.2963578127459,223.1076838398307,610.7408945318648,446.2153676796614,1221.4817890637296,892.4307353593229,2442.963578127459,ACCEPTABLE
21.2,105.6,10000,False,4.637519893447266,296.36415078111776,21.244406030217917,84.37047409941505,230.86196590402335,210.92618524853765,577.1549147600585,421.8523704970753,1154.309829520117,843.7047409941506,2308.619659040234,ACCEPTABLE
21.2,105.7,10000,False,4.471958213853482,280.71879764600095,21.706945484760073,79.67851029135097,218.18069911200143,199.19627572837743,545.4517477800035,398.39255145675486,1090.903495560007,796.7851029135097,2181.806991120014,ACCEPTABLE
21.2,105.8,10000,False,4.310823341901802,266.0086959278356,22.34309802246174,75.87050039502324,206.22106970624873,189.67625098755812,515.5526742656218,379.35250197511624,1031.1053485312436,758.7050039502325,2062.2106970624873,ACCEPTABLE
21.2,105.9,10000,False,4.154483768996977,252.19682148842762,23.15342252645195,72.40114207368666,194.95309245902004,181.0028551842166,487.38273114755015,362.0057103684332,974.7654622951003,724.0114207368664,1949.5309245902006,GOOD
21.2,106.0,10000,False,4.003379413596317,239.2487842435412,24.130781640359842,69.40100971351598,184.3489103230752,173.50252428378997,460.872275807688,347.00504856757993,921.744551615376,694.0100971351599,1843.489103230752,GOOD
21.2,106.1,10000,False,3.858038686301002,227.13354235903887,25.2610412664211,67.58950096795341,174.3834709248386,168.9737524198835,435.9586773120965,337.947504839767,871.917354624193,675.895009679534,1743.834709248386,GOOD
21.2,106.2,10000,False,3.7190988813283377,215.82410634454297,26.524232254370055,64.63723837315771,165.03525652710263,161.5930959328943,412.5881413177566,323.1861918657886,825.1762826355132,646.3723837315772,1650.3525652710264,GOOD
21.2,106.3,10000,False,3.5873299785163515,205.29819869534546,27.895841717377454,61.66107980083109,156.28707163216643,154.15269950207772,390.7176790804161,308.30539900415545,781.4353581608322,616.6107980083109,1562.8707163216643,GOOD
21.2,106.4,10000,False,3.4636613609428286,195.53881333347627,29.347986393647975,59.833972761968624,148.1268907902852,149.58493190492155,370.31722697571297,299.1698638098431,740.6344539514259,598.3397276196862,1481.2689079028519,GOOD
21.2,106.5,10000,False,3.3492097560105614,186.53458003836423,30.85036138562781,57.25711180063944,140.5487595205263,143.14277950159862,351.37189880131575,286.28555900319725,702.7437976026315,572.5711180063945,1405.487595205263,GOOD
21.2,106.6,10000,False,3.2453044130909885,178.2797698805497,32.37100167429933,55.184713252795916,133.55371321385513,137.96178313198982,333.88428303463786,275.92356626397964,667.7685660692757,551.8471325279593,1335.5371321385514,GOOD
21.2,106.7,10000,False,3.1535013771269034,170.77365913882622,33.87702715678876,53.11554669418954,127.15061067049885,132.78886673547387,317.8765266762472,265.57773347094775,635.7530533524944,531.1554669418955,1271.5061067049887,GOOD
21.2,106.8,10000,False,3.0755716022163937,164.0187753169451,35.335688334347005,50.531591541796445,121.98766794464323,126.32897885449108,304.96916986160807,252.65795770898217,609.9383397232161,505.31591541796433,1219.8766794464323,GOOD
21.2,106.9,10000,False,3.0134362907605654,158.0172600085037,36.71624602057258,48.972263290109886,119.33786860517878,122.43065822527467,298.344671512947,244.86131645054934,596.689343025894,489.7226329010987,1193.378686051788,GOOD
21.2,107.0,10000,False,2.969006974362092,152.76425676435494,37.9936115617355,47.11264494104817,114.68312743304645,117.78161235262044,286.7078185826161,235.56322470524088,573.4156371652322,471.12644941048177,1146.8312743304643,GOOD
21.2,107.1,10000,False,2.943873962811865,148.23730593589642,39.15546901944897,46.46012640983702,111.0001820669554,116.15031602459254,277.5004551673885,232.30063204918508,555.000910334777,464.60126409837017,1110.001820669554,GOOD
21.2,107.2,10000,False,2.9388139727291818,144.38324260002463,40.216313875853615,45.490563151602856,108.98341045336932,113.72640787900714,272.4585261334233,227.45281575801428,544.9170522668466,454.90563151602856,1089.834104533693,GOOD
21.2,107.3,10000,False,2.9533400397483134,141.1174478043758,41.24562070084861,44.3240028550201,104.45830556055452,110.81000713755023,261.1457639013863,221.62001427510046,522.2915278027726,443.2400285502009,1044.5830556055453,GOOD
21.2,107.4,10000,False,2.9867823765397694,138.4070805191934,42.42505623508526,43.16908592337647,103.03235041616782,107.92271480844119,257.5808760404195,215.84542961688237,515.161752080839,431.69085923376474,1030.323504161678,GOOD
21.2,107.5,10000,False,3.0476746154834835,136.7271845663538,44.15946107775797,41.73476388497551,102.34466530228397,104.33690971243875,255.86166325570994,208.6738194248775,511.7233265114199,417.347638849755,1023.4466530228398,GOOD
21.2,107.6,10000,True,3.19544693429287,138.8857640296532,45.403442236037634,41.81158662618128,102.14289623091975,104.5289665654532,255.35724057729936,209.0579331309064,510.71448115459873,418.1158662618128,1021.4289623091975,GOOD
21.2,107.7,10000,True,3.6273853215536533,154.3306195041386,34.685160151857716,46.196814306355776,110.70008869729405,115.49203576588945,276.7502217432351,230.9840715317789,553.5004434864702,461.9681430635578,1107.0008869729404,GOOD
21.2,107.8,10000,False,4.116703511159672,179.7018054517799,33.892730509411656,52.36256758847206,132.59155196451104,130.9064189711802,331.4788799112776,261.8128379423604,662.9577598225552,523.6256758847207,1325.9155196451104,GOOD
21.2,107.9,10000,False,4.082326925988986,191.8990900442462,31.039137010781825,55.95244346647963,144.27780206489794,139.8811086661991,360.6945051622448,279.7622173323982,721.3890103244896,559.5244346647964,1442.7780206489792,GOOD
21.2,108.0,10000,False,4.345008738853398,220.45975378672316,24.161966340518667,63.8731964116056,160.32786823462635,159.682991029014,400.8196705865659,319.365982058028,801.6393411731318,638.731964116056,1603.2786823462636,GOOD
21.2,108.1,10000,False,4.896964304561309,266.73919084574067,19.246243445595347,74.77935255602253,194.29626879730029,186.94838139005628,485.7406719932507,373.89676278011257,971.4813439865014,747.7935255602251,1942.9626879730029,GOOD
21.2,108.2,10000,False,5.625088559599101,327.606051853819,15.57450858394338,91.17588217772949,240.56029843810728,227.93970544432375,601.4007460952682,455.8794108886475,1202.8014921905365,911.758821777295,2405.602984381073,ACCEPTABLE
21.2,108.3,10000,False,6.496746478162685,403.157606102811,12.75937043191233,110.10095105409495,297.9616811237307,275.2523776352374,744.9042028093268,550.5047552704748,1489.8084056186535,1101.0095105409496,2979.616811237307,ACCEPTABLE
21.2,108.4,10000,False,7.516597496779261,495.424729225959,10.602324778301886,133.9649500735698,367.84464758045067,334.9123751839245,919.6116189511267,669.824750367849,1839.2232379022535,1339.649500735698,3678.446475804507,ACCEPTABLE
21.2,108.5,10000,False,8.70521155358503,607.6236766253711,8.993264748763972,167.26089465640055,452.85735718963883,418.1522366410014,1132.143392974097,836.3044732820028,2264.286785948194,1672.6089465640057,4528.573571896388,ACCEPTABLE
21.2,108.6,10000,False,10.090242124569091,743.807730131907,7.854631516171496,202.62619355180306,551.7189925926476,506.5654838795076,1379.297481481619,1013.1309677590152,2758.594962963238,2026.2619355180304,5517.189925926476,ACCEPTABLE
21.2,108.7,10000,False,11.700889814452676,908.5651245085483,7.112358926821282,239.2267294731733,667.3170534479414,598.0668236829333,1668.2926336198534,1196.1336473658666,3336.585267239707,2392.2672947317333,6673.170534479414,POOR
21.2,108.8,10000,False,13.561087849749741,1106.483843638085,12.548622008476306,290.32902732972684,800.9880540961899,725.8225683243171,2002.4701352404747,1451.6451366486342,4004.9402704809495,2903.2902732972684,8009.880540961899,POOR
21.2,108.9,10000,False,15.678298669725862,1341.0805158226663,10.450048157021083,352.06363085347925,974.8154995322168,880.159077133698,2437.0387488305414,1760.318154267396,4874.077497661083,3520.636308534792,9748.154995322166,POOR
21.2,109.0,10000,False,18.025887603572475,1612.8907423416326,8.900390821931143,431.7351433299541,1177.9678325980688,1079.337858324885,2944.9195814951727,2158.67571664977,5889.839162990345,4317.35143329954,11779.67832598069,POOR
21.3,104.5,10000,False,6.764294373338101,554.7592000334417,16.94146692391576,159.2491318390023,438.0643375962982,398.12282959750576,1095.1608439907457,796.2456591950115,2190.3216879814913,1592.491318390023,4380.643375962983,ACCEPTABLE
21.3,104.6,10000,False,6.56751020140892,526.47595437278,17.34928289626586,151.1313584556817,415.5582202580764,377.8283961392042,1038.8955506451912,755.6567922784084,2077.7911012903824,1511.3135845568167,4155.582202580765,ACCEPTABLE
21.3,104.7,10000,False,6.3732685856178035,499.51366242992805,17.962035079810672,143.37074056561877,394.0826928463141,358.42685141404695,985.2067321157855,716.8537028280939,1970.413464231571,1433.7074056561878,3940.826928463142,ACCEPTABLE
21.3,104.8,10000,False,6.181682883830739,473.8422790453159,15.047697671817934,135.95941450744922,373.61440669647675,339.89853626862305,934.0360167411919,679.7970725372461,1868.0720334823839,1359.5941450744922,3736.1440669647677,ACCEPTABLE
21.3,104.9,10000,False,5.9928745100682095,449.4300325971619,15.784579350770484,128.88896191832828,354.12859904008076,322.2224047958207,885.321497600202,644.4448095916414,1770.642995200404,1288.8896191832828,3541.285990400808,ACCEPTABLE
21.3,105.0,10000,False,5.806974387164087,426.2435447816087,16.730720945420885,122.15043208287723,335.59918465750303,305.376080207193,838.9979616437575,610.752160414386,1677.995923287515,1221.504320828772,3355.99184657503,ACCEPTABLE
21.3,105.1,10000,False,5.624124806157656,404.2480042050752,17.887000304914505,115.73437903373072,317.9988924403824,289.3359475843268,794.997231100956,578.6718951686536,1589.994462201912,1157.3437903373072,3179.988924403824,ACCEPTABLE
21.3,105.2,10000,False,5.4444817860556265,383.4073977938596,19.030921847875167,109.63091458936805,301.2994510072648,274.07728647342014,753.248627518162,548.1545729468403,1506.497255036324,1096.3091458936806,3012.994510072648,ACCEPTABLE
21.3,105.3,10000,False,5.2682180427862,363.6848024262274,18.95862697798732,103.82977804182717,285.47182657937486,259.57444510456787,713.6795664484371,519.1488902091357,1427.3591328968741,1038.2977804182715,2854.7182657937483,ACCEPTABLE
21.3,105.4,10000,False,5.095526692416314,345.042737234928,19.002198349788408,98.32042263312334,270.48651524807565,245.80105658280831,676.2162881201891,491.60211316561663,1352.4325762403782,983.2042263312333,2704.8651524807565,ACCEPTABLE
21.3,105.5,10000,False,4.92662583035213,327.44357477946943,19.182516923833187,93.09211831741041,256.31389067758613,232.730295793526,640.7847266939652,465.460591587052,1281.5694533879305,930.921183174104,2563.138906775861,ACCEPTABLE
21.3,105.6,10000,False,4.761764143735185,310.8500068055161,19.51650842200432,88.1340696380129,242.92460734151874,220.33517409503227,607.3115183537968,440.67034819006454,1214.6230367075937,881.3406963801291,2429.2460734151873,ACCEPTABLE
21.3,105.7,10000,False,4.601227725269515,295.22555759550124,20.01524735064737,84.22197876893907,230.29005875367807,210.5549469223477,575.7251468841953,421.1098938446954,1151.4502937683906,842.2197876893908,2302.900587536781,ACCEPTABLE
21.3,105.8,10000,False,4.4453482566234115,280.5351348353527,20.682669046181278,80.7189880246809,218.38288995610293,201.79747006170226,545.9572248902573,403.5949401234045,1091.9144497805146,807.189880246809,2183.828899561029,ACCEPTABLE
21.3,105.9,10000,False,4.294512705600359,266.74560408681197,21.515149251026763,77.22682543507293,207.17756381573568,193.06706358768236,517.9439095393393,386.1341271753647,1035.8878190786786,772.2682543507294,2071.775638157357,ACCEPTABLE
21.3,106.0,10000,False,4.149174609746136,253.82636752785527,22.50194689040788,74.13673088277284,196.65098131281394,185.34182720693207,491.6274532820349,370.68365441386413,983.2549065640698,741.3673088277283,1966.5098131281395,GOOD
21.3,106.1,10000,False,4.009866856725362,241.74991901928541,23.626267434157118,71.43498115982895,186.7831564723199,178.58745289957238,466.9578911807997,357.17490579914477,933.9157823615994,714.3498115982895,1867.8315647231989,GOOD
21.3,106.2,10000,False,3.8772155409532667,230.49233291473288,24.866600695680212,68.3113862144116,177.55794567855364,170.778465536029,443.8948641963841,341.556931072058,887.7897283927682,683.113862144116,1775.5794567855364,GOOD
21.3,106.3,10000,False,3.7519538379075534,220.03361828391508,26.198031544776807,65.91284179492875,168.96382617925582,164.78210448732187,422.40956544813963,329.56420897464375,844.8191308962793,659.1284179492875,1689.6382617925585,GOOD
21.3,106.4,10000,False,3.6349336450301966,210.35782434635786,27.593351904490696,64.26133873334896,160.99470401741613,160.6533468333724,402.48676004354036,321.3066936667448,804.9735200870807,642.6133873334896,1609.9470401741614,GOOD
21.3,106.5,10000,False,3.5271305480070505,201.45270063759088,29.023944192228626,61.39726757064963,153.65069543752185,153.4931689266241,384.12673859380465,306.9863378532482,768.2534771876093,613.9726757064964,1536.5069543752186,GOOD
21.3,106.6,10000,False,3.429633678446287,193.30856680277432,30.46052086769235,59.721515111528504,146.93874197019272,149.30378777882126,367.3468549254818,298.6075755576425,734.6937098509636,597.215151115285,1469.3874197019272,GOOD
21.3,106.7,10000,False,3.343604738141162,185.91577577746116,31.8738909506675,58.09477380425555,140.87273031226323,145.23693451063883,352.181825780658,290.47386902127766,704.363651561316,580.9477380425553,1408.727303122632,GOOD
21.3,106.8,10000,False,3.270177015622379,179.2596538499877,33.23600379649178,55.422487781692965,135.47236411417828,138.5562194542324,338.6809102854457,277.1124389084648,677.3618205708914,554.2248778169296,1354.7236411417828,GOOD
21.3,106.9,10000,False,3.210239986055436,173.31087025367154,34.52162594839653,53.16073212436906,131.38406654179695,132.90183031092266,328.4601663544924,265.8036606218453,656.9203327089848,531.6073212436906,1313.8406654179696,GOOD
21.3,107.0,10000,False,3.1640069338135164,168.00746548929502,35.71118958434117,52.36608130885418,128.56529516185898,130.91520327213544,321.4132379046474,261.8304065442709,642.8264758092948,523.6608130885418,1285.6529516185897,GOOD
21.3,107.1,10000,False,3.130171329126783,163.2217193671278,36.79572183703489,51.070732750832065,125.08565811075475,127.67683187708016,312.71414527688694,255.35366375416032,625.4282905537739,510.70732750832065,1250.8565811075478,GOOD
21.3,107.2,10000,False,3.104295143039743,158.70056856520662,37.78562550735997,49.462619587227394,118.4338496396573,123.65654896806844,296.0846240991433,247.31309793613687,592.1692481982866,494.62619587227374,1184.3384963965732,GOOD
21.3,107.3,10000,False,3.075874773493997,153.96704159577095,38.72732921088014,48.15862736116834,117.27420916159332,120.39656840292085,293.18552290398327,240.7931368058417,586.3710458079665,481.5862736116834,1172.742091615933,GOOD
21.3,107.4,10000,False,3.0238786776633018,148.20512512702103,39.73810978266375,46.002853077859335,113.89766430213858,115.00713269464833,284.74416075534646,230.01426538929667,569.4883215106929,460.02853077859334,1138.9766430213858,GOOD
21.3,107.5,10000,False,2.9151859773466935,140.3955111855002,41.086056443308834,40.904722913841226,107.33726769032435,102.26180728460307,268.3431692258108,204.52361456920613,536.6863384516216,409.04722913841226,1073.3726769032432,GOOD
21.3,107.6,10000,False,2.738728880858756,131.23796827713193,43.14954059892791,37.343819774125805,98.90020383966012,93.35954943531452,247.2505095991503,186.71909887062904,494.5010191983006,373.4381977412581,989.0020383966012,GOOD
21.3,107.7,10000,True,2.7792877219069165,135.74960730665344,33.74517194107939,38.78270105147241,104.4986095197614,96.95675262868102,261.2465237994035,193.91350525736203,522.493047598807,387.82701051472407,1044.986095197614,GOOD
21.3,107.8,10000,False,3.602038957871455,183.11941989904398,34.850754157390114,55.132565342624325,146.89218457774297,137.8314133565608,367.2304614443575,275.6628267131216,734.460922888715,551.3256534262432,1468.92184577743,GOOD
21.3,107.9,10000,False,3.283932363541267,179.39675572625333,27.981178981500264,49.703428937161775,132.43017907285855,124.25857234290447,331.0754476821464,248.51714468580894,662.1508953642928,497.0342893716179,1324.3017907285855,GOOD
21.3,108.0,10000,False,3.7598929290227296,217.88404678698953,23.116768577732746,59.6713495832203,157.0318367683057,149.17837395805074,392.57959192076424,298.3567479161015,785.1591838415285,596.713495832203,1570.318367683057,GOOD
21.3,108.1,10000,False,4.460909797775707,273.8612911243443,19.32769203315272,76.86363860250198,200.7791764087676,192.1590965062549,501.947941021919,384.3181930125098,1003.895882043838,768.6363860250196,2007.791764087676,ACCEPTABLE
21.3,108.2,10000,False,5.250459778480847,340.9415697366712,16.11955033527947,94.66588078159802,251.5728588768973,236.664701953995,628.9321471922433,473.32940390799,1257.8642943844866,946.65880781598,2515.728588768973,ACCEPTABLE
21.3,108.3,10000,False,6.116635592430563,419.20896120966756,13.339785394472072,114.7137434569253,309.75027395944517,286.78435864231324,774.3756848986129,573.5687172846265,1548.7513697972258,1147.137434569253,3097.5027395944517,ACCEPTABLE
21.3,108.4,10000,False,7.077095007493589,510.82391180693344,10.942031762240003,138.13475541495296,378.40490943295526,345.3368885373824,946.0122735823884,690.6737770747648,1892.0245471647768,1381.3475541495295,3784.0490943295536,ACCEPTABLE
21.3,108.5,10000,False,8.158117639634396,618.9123488374092,8.90590428628067,167.58252118391005,460.07166622029473,418.95630295977503,1150.1791655507368,837.9126059195501,2300.3583311014736,1675.8252118391001,4600.716662202947,ACCEPTABLE
21.3,108.6,10000,False,9.38926779267935,747.259333831439,7.218253452790601,205.72551513498755,556.646967296452,514.3137878374689,1391.61741824113,1028.6275756749378,2783.23483648226,2057.2551513498756,5566.46967296452,ACCEPTABLE
21.3,108.7,10000,False,10.801497393703306,900.1966502877856,5.871165148764631,245.34392709423892,668.0104319945228,613.3598177355973,1670.0260799863072,1226.7196354711946,3340.0521599726144,2453.439270942389,6680.104319945229,POOR
21.3,108.8,10000,False,12.42504350970457,1082.4403887191793,8.993264748763972,286.6612823986575,796.6784128648601,716.6532059966437,1991.6960321621502,1433.3064119932874,3983.3920643243005,2866.6128239865748,7966.784128648601,POOR
21.3,108.9,10000,False,14.28522300902745,1298.6919875595945,7.854631516171496,344.1467725402436,943.5040082077123,860.3669313506092,2358.7600205192803,1720.7338627012184,4717.5200410385605,3441.467725402437,9435.040082077121,POOR
21.3,109.0,10000,False,16.394400688950412,1552.7802002406813,7.112358926821282,415.7605815928406,1131.6845060096848,1039.4014539821014,2829.2112650242116,2078.802907964203,5658.422530048423,4157.605815928406,11316.845060096846,POOR
21.4,104.5,10000,False,6.854906483763333,569.7689100186275,15.85506553134651,163.29345801635333,450.5131777223361,408.2336450408833,1126.2829443058401,816.4672900817666,2252.5658886116803,1632.9345801635332,4505.131777223361,ACCEPTABLE
21.4,104.6,10000,False,6.661922306661405,541.7061101808974,16.42301252484079,155.2268886261548,428.1801321146006,388.06722156538694,1070.4503302865014,776.1344431307739,2140.900660573003,1552.2688862615478,4281.801321146006,ACCEPTABLE
21.4,104.7,10000,False,6.471568641386545,514.9392481515284,17.20253676330976,147.51086404866015,406.85997701192383,368.7771601216503,1017.1499425298097,737.5543202433006,2034.2998850596193,1475.1086404866012,4068.5997701192387,ACCEPTABLE
21.4,104.8,10000,False,6.283966365130358,489.4394103935016,14.53067464631807,140.13773695730822,386.53040229842634,350.3443423932706,966.3260057460658,700.6886847865412,1932.6520114921316,1401.3773695730824,3865.304022984263,ACCEPTABLE
21.4,104.9,10000,False,6.099245743610076,465.17627539637914,15.435106660544916,133.09938954444277,367.1679699015253,332.74847386110685,917.9199247538131,665.4969477222137,1835.8398495076262,1330.9938954444274,3671.6796990152525,ACCEPTABLE
21.4,105.0,10000,False,5.917548025826931,442.1182511531324,16.53799020395816,126.38726088317222,348.74822761521864,315.9681522079306,871.8705690380466,631.9363044158612,1743.7411380760932,1263.8726088317223,3487.4822761521864,ACCEPTABLE
21.4,105.1,10000,False,5.739027423389114,420.23266058237317,17.445253772972585,119.99238718065448,331.2458650744465,299.9809679516362,828.1146626861164,599.9619359032724,1656.2293253722328,1199.9238718065449,3312.4586507444656,ACCEPTABLE
21.4,105.2,10000,False,5.563853550420852,399.4859778223945,17.302900193001197,113.90545570963604,314.6349156973688,284.7636392740901,786.5872892434219,569.5272785481802,1573.1745784868438,1139.0545570963604,3146.3491569736875,ACCEPTABLE
21.4,105.3,10000,False,5.392214408519267,379.8441169697011,17.26448377448825,108.11687278466599,298.88900785188065,270.29218196166494,747.2225196297015,540.5843639233299,1494.445039259403,1081.1687278466597,2988.890078518806,ACCEPTABLE
21.4,105.4,10000,False,5.224320008043794,361.2727731867776,17.351738266874907,102.61684564317609,283.9816679178409,256.5421141079402,709.9541697946024,513.0842282158804,1419.9083395892048,1026.168456431761,2839.8166791784097,ACCEPTABLE
21.4,105.5,10000,False,5.06040672024969,343.73781417516557,17.58346580496476,97.51472867512348,269.8866774127133,243.78682168780873,674.7166935317833,487.57364337561745,1349.4333870635667,975.1472867512349,2698.8667741271333,ACCEPTABLE
21.4,105.6,10000,False,4.900742450869554,327.2057177767893,17.97348699568882,93.37661601319033,256.5784860442739,233.4415400329758,641.4462151106848,466.8830800659516,1282.8924302213695,933.7661601319032,2565.784860442739,ACCEPTABLE
21.4,105.7,10000,False,4.745632708465432,311.64404881664245,18.529054398677843,89.94934248184671,244.03268255911965,224.87335620461675,610.0817063977992,449.7467124092335,1220.1634127955983,899.493424818467,2440.3268255911967,ACCEPTABLE
21.4,105.8,10000,False,4.595427599253112,297.02196494456723,19.250102340023435,86.1211420379629,232.22652562543183,215.30285509490722,580.5663140635796,430.60571018981443,1161.1326281271593,861.2114203796289,2322.2652562543185,ACCEPTABLE
21.4,105.9,10000,False,4.450529695033959,283.3107365704046,20.12945045072532,82.62802824117458,221.13953764899617,206.57007060293648,552.8488441224905,413.14014120587296,1105.697688244981,826.2802824117459,2211.395376489962,ACCEPTABLE
21.4,106.0,10000,False,4.31140255917172,270.48425886906074,21.153785949563925,78.8885520334524,210.75416502513383,197.221380083631,526.8854125628346,394.442760167262,1053.7708251256693,788.885520334524,2107.5416502513385,ACCEPTABLE
21.4,106.1,10000,False,4.1785794195862,258.5195221742482,22.305073733268227,75.5540076498033,201.0565079698968,188.88501912450823,502.6412699247421,377.77003824901647,1005.2825398494842,755.5400764980329,2010.5650796989685,ACCEPTABLE
21.4,106.2,10000,False,4.052670946967346,247.39698714612484,23.562042791241005,72.99909500791105,192.03711970038447,182.49773751977762,480.09279925096126,364.99547503955523,960.1855985019225,729.9909500791105,1920.371197003845,GOOD
21.4,106.3,10000,False,3.9343701536933713,237.10077617136957,24.90152072850732,71.40928883593628,183.691863892404,178.5232220898407,459.22965973101003,357.0464441796814,918.4593194620201,714.0928883593627,1836.9186389240401,GOOD
21.4,106.4,10000,False,3.8244507570255424,227.61853026770416,26.299543962327242,68.85566082615793,176.02279142403268,172.1391520653948,440.05697856008175,344.2783041307896,880.1139571201635,688.5566082615792,1760.227914240327,GOOD
21.4,106.5,10000,False,3.7237523675567914,218.94066839692672,27.732297232027936,67.48627979598325,169.0389314735657,168.71569948995807,422.59732868391427,337.43139897991614,845.1946573678285,674.8627979598323,1690.389314735657,GOOD
21.4,106.6,10000,False,3.633140472200819,211.05857956180142,29.177016713243162,65.44480744782615,162.75674164861428,163.61201861956536,406.8918541215357,327.2240372391307,813.7837082430714,654.4480744782614,1627.5674164861427,GOOD
21.4,106.7,10000,False,3.553419231217685,203.9608906929314,30.613038634112872,62.93588791403491,157.19962190231604,157.33971978508725,392.99905475579004,314.6794395701745,785.9981095115801,629.358879140349,1571.9962190231602,GOOD
21.4,106.8,10000,False,3.4851562423307465,197.62621017388452,32.023207077157714,60.89955017396777,151.7217863505345,152.2488754349194,379.3044658763363,304.4977508698388,758.6089317526726,608.9955017396776,1517.2178635053451,GOOD
21.4,106.9,10000,False,3.42834153609708,192.00928956408086,33.39587753157815,59.81320130272843,147.27527263100615,149.53300325682108,368.18818157751537,299.06600651364215,736.3763631550307,598.1320130272843,1472.7527263100615,GOOD
21.4,107.0,10000,False,3.381728913624003,187.0146461013336,34.72775089726136,59.1585637815291,146.14668340132238,147.89640945382274,365.366708503306,295.7928189076455,730.733417006612,591.585637815291,1461.466834013224,GOOD
21.4,107.1,10000,False,3.341556947993808,182.4459610460392,36.02767823449189,57.403019422138605,139.24422553500168,143.50754855534655,348.11056383750423,287.0150971106931,696.2211276750085,574.0301942213862,1392.442255350017,GOOD
21.4,107.2,10000,False,3.299051074181182,177.90905919593274,37.32116741575835,55.30269201414705,135.85299978045566,138.25673003536764,339.6324994511391,276.5134600707353,679.2649989022782,553.0269201414706,1358.5299978045564,GOOD
21.4,107.3,10000,False,3.2356303824950334,172.63268072577998,38.65383146676508,53.11266269088713,133.39595153867685,132.78165672721784,333.48987884669214,265.5633134544357,666.9797576933843,531.1266269088713,1333.9595153867685,GOOD
21.4,107.4,10000,False,3.1146731068774525,165.1909997715717,39.32555185827282,49.04653940441594,129.46962335090305,122.61634851103983,323.6740583772576,245.23269702207966,647.3481167545152,490.4653940441593,1294.6962335090304,GOOD
21.4,107.5,10000,False,2.8739425553247195,153.40957514456213,38.36492667220728,44.09607981001879,117.34865546047178,110.24019952504698,293.37163865117947,220.48039905009395,586.7432773023589,440.9607981001879,1173.4865546047179,GOOD
21.4,107.6,10000,False,2.4613560579072447,136.53072691287892,38.32666985542415,40.67269589205197,105.65291376968814,101.68173973012992,264.1322844242204,203.36347946025984,528.2645688484408,406.7269589205197,1056.5291376968817,GOOD
21.4,107.7,10000,False,2.1811482766937664,130.00966604767393,31.92327928691105,39.66875569999138,97.20821300850511,99.17188924997845,243.0205325212628,198.3437784999569,486.0410650425256,396.6875569999138,972.0821300850512,GOOD
21.4,107.8,10000,False,3.237029100197346,193.71675772477602,27.432490022532455,61.31772229044698,138.14831198455317,153.29430572611747,345.37077996138294,306.58861145223494,690.7415599227659,613.1772229044699,1381.4831198455317,GOOD
21.4,107.9,10000,False,3.189505527669715,212.52819163479612,22.998125631426323,59.552136768965866,163.3312232695759,148.88034192241466,408.3280581739398,297.7606838448293,816.6561163478796,595.5213676896586,1633.3122326957591,GOOD
21.4,108.0,10000,False,3.638793220346495,254.75679031523248,19.19842555338696,70.28072516591487,189.79730334276286,175.7018129147872,474.4932583569072,351.4036258295744,948.9865167138144,702.8072516591488,1897.9730334276287,GOOD
21.4,108.1,10000,False,4.36490351601214,315.89166626929,16.344992233741976,86.70349309449429,230.68017716120247,216.75873273623574,576.7004429030062,433.5174654724715,1153.4008858060124,867.034930944943,2306.801771612025,ACCEPTABLE
21.4,108.2,10000,False,5.1570562527798085,386.342638425687,14.422101511610071,107.40152323648711,284.68093836352773,268.50380809121776,711.7023459088193,537.0076161824355,1423.4046918176386,1074.015232364871,2846.8093836352773,ACCEPTABLE
21.4,108.3,10000,False,5.993540700224717,465.7514399419672,13.37594763480864,127.92062137825555,343.1097695207233,319.8015534456389,857.7744238018081,639.6031068912778,1715.5488476036162,1279.2062137825556,3431.0976952072324,ACCEPTABLE
21.4,108.4,10000,False,6.892678730475869,556.2661719563565,11.88386606512233,150.72193425503258,409.9672770495462,376.8048356375815,1024.9181926238655,753.609671275163,2049.836385247731,1507.219342550326,4099.672770495462,ACCEPTABLE
21.4,108.5,10000,False,7.881065865763643,660.886156792915,10.12236437113614,175.82291940875223,488.4323105455991,439.5572985218805,1221.0807763639978,879.114597043761,2442.1615527279955,1758.229194087522,4884.323105455991,ACCEPTABLE
21.4,108.6,10000,False,8.987110720376924,783.105588461034,9.085775349517347,209.56168786273344,581.2007500675319,523.9042196568336,1453.0018751688299,1047.8084393136671,2906.0037503376598,2095.6168786273342,5812.0075006753195,ACCEPTABLE
21.4,108.7,10000,False,10.239996778945223,926.8721703647594,7.798430519976553,251.88678763205445,690.8733528554106,629.716969080136,1727.1833821385267,1259.433938160272,3454.3667642770533,2518.867876320544,6908.733528554107,POOR
21.4,108.8,10000,False,11.669347977663616,1096.5795127087656,8.90590428628067,298.3261187648483,816.045604189773,745.8152969121207,2040.1140104744322,1491.6305938242415,4080.2280209488645,2983.261187648483,8160.456041897729,POOR
21.4,108.9,10000,False,13.30403168020095,1296.9635199741201,7.218253452790601,351.45351694677663,958.6545289409132,878.6337923669416,2396.636322352283,1757.2675847338833,4793.272644704566,3514.5351694677665,9586.545289409132,POOR
21.4,109.0,10000,False,15.169041095002374,1532.7755854866052,5.871165148764631,400.9502319437982,1119.2003203812715,1002.3755798594957,2798.0008009531784,2004.7511597189914,5596.001601906357,4009.502319437983,11192.003203812714,POOR
21.5,104.5,10000,False,6.957051451246542,586.5989010074211,15.047697671817934,167.870185220518,464.4604558977766,419.67546305129497,1161.151139744442,839.3509261025899,2322.302279488884,1678.7018522051799,4644.604558977768,ACCEPTABLE
21.5,104.6,10000,False,6.768054069695678,558.7485672543165,15.784579350770484,159.85304987905613,442.29778844796095,399.63262469764027,1105.7444711199023,799.2652493952805,2211.4889422398046,1598.530498790561,4422.977884479609,ACCEPTABLE
21.5,104.7,10000,False,6.58179082045269,532.1732105912358,16.730720945420885,152.18092002637297,421.133702618173,380.4523000659324,1052.8342565454325,760.9046001318648,2105.668513090865,1521.8092002637295,4211.33702618173,ACCEPTABLE
21.5,104.8,10000,False,6.39839133150958,506.8453323239568,14.29828218610732,144.84645081791678,400.94718677176184,362.1161270447919,1002.3679669294045,724.2322540895838,2004.735933858809,1448.4645081791675,4009.471867717618,ACCEPTABLE
21.5,104.9,10000,False,6.217995935614203,482.73634085293463,15.357959591266017,137.84191047179766,381.71639020577084,344.60477617949414,954.2909755144271,689.2095523589883,1908.5819510288543,1378.4191047179766,3817.1639020577086,ACCEPTABLE
21.5,105.0,10000,False,6.04075738251883,459.8167075589635,16.01522398994098,131.15921258559868,363.4187604711864,327.89803146399663,908.5469011779661,655.7960629279933,1817.0938023559322,1311.5921258559865,3634.1876047118644,ACCEPTABLE
21.5,105.1,10000,False,5.866842912566289,438.056166999033,15.818207576281232,124.78996005553944,346.03122197687685,311.97490013884857,865.0780549421921,623.9498002776971,1730.1561098843843,1247.8996005553943,3460.3122197687685,ACCEPTABLE
21.5,105.2,10000,False,5.6964367521232,417.4239639981007,15.715458705304686,118.72550118210951,329.5303999598168,296.81375295527374,823.8259998995421,593.6275059105475,1647.6519997990843,1187.255011821095,3295.3039995981685,ACCEPTABLE
21.5,105.3,10000,False,5.529743094295148,397.8891492183529,15.729416071785806,113.2065442712909,313.89289378745684,283.0163606782272,784.7322344686422,566.0327213564544,1569.4644689372844,1132.0654427129089,3138.928937874569,ACCEPTABLE
21.5,105.4,10000,False,5.366989627686068,379.42092358562235,15.880520889292747,108.23296895757778,299.0956035447735,270.5824223939444,747.7390088619337,541.1648447878888,1495.4780177238674,1082.3296895757776,2990.956035447735,ACCEPTABLE
21.5,105.5,10000,False,5.208431668883614,361.9890305549431,16.185052053322234,103.57691822319978,285.1161140573385,258.94229555799944,712.7902851433464,517.8845911159989,1425.5805702866928,1035.7691822319978,2851.1611405733856,ACCEPTABLE
21.5,105.6,10000,False,5.054356936170808,345.56419356450454,16.653270862479474,99.58280621418157,271.9331410330859,248.95701553545393,679.8328525827148,497.91403107090787,1359.6657051654297,995.8280621418157,2719.3314103308594,ACCEPTABLE
21.5,105.7,10000,False,4.905090964863311,330.11859403632684,17.288352891925864,96.24029142435195,259.52704498169135,240.60072856087993,648.8176124542283,481.20145712175986,1297.6352249084566,962.4029142435197,2595.2704498169132,ACCEPTABLE
21.5,105.8,10000,False,4.7610030955947265,315.6263826479171,18.08635130386127,91.98259874969926,247.88042005362863,229.95649687424816,619.7010501340717,459.9129937484963,1239.4021002681434,919.8259874969926,2478.8042005362868,ACCEPTABLE
21.5,105.9,10000,False,4.622512843997871,302.06421275503186,19.037092927686157,88.02559598507285,236.978766864028,220.06398996268211,592.44691716007,440.12797992536423,1184.89383432014,880.2559598507285,2369.78766864028,ACCEPTABLE
21.5,106.0,10000,False,4.490096246936791,289.4117787345817,20.125651957655705,84.69956578952576,226.81126037162537,211.7489144738144,567.0281509290635,423.4978289476288,1134.056301858127,846.9956578952576,2268.112603716254,ACCEPTABLE
21.5,106.1,10000,False,4.364291414831351,277.6523317292108,21.333991792740168,81.78867431167171,217.37162498798855,204.47168577917927,543.4290624699714,408.94337155835854,1086.8581249399429,817.8867431167171,2173.7162498798857,ACCEPTABLE
21.5,106.2,10000,False,4.245701895902772,266.77312739132304,22.642481249604486,79.03492997350094,208.65912698223713,197.58732493375237,521.6478174555928,395.17464986750474,1043.2956349111855,790.3492997350095,2086.591269822371,ACCEPTABLE
21.5,106.3,10000,False,4.1349953927156085,256.7657285783126,24.031166802113276,77.18141210854006,200.67968374418865,192.95353027135008,501.6992093604718,385.90706054270015,1003.3984187209436,771.8141210854003,2006.7968374418872,ACCEPTABLE
21.5,106.4,10000,False,4.032893538894332,247.6260292596109,25.48082822788772,75.59563594323072,193.44705918204437,188.9890898580768,483.6176479551109,377.9781797161536,967.2352959102218,755.9563594323072,1934.4705918204436,GOOD
21.5,106.5,10000,False,3.9401452539681987,239.35376311263826,26.97393031800238,72.89236949980818,186.98403939552472,182.23092374952043,467.4600984888117,364.46184749904086,934.9201969776234,728.9236949980817,1869.8403939552468,GOOD
21.5,106.6,10000,False,3.8574705470508843,231.95107137893774,28.495617460466857,71.21192438489713,181.05793912820872,178.02981096224278,452.6448478205218,356.05962192448555,905.2896956410436,712.1192438489711,1810.5793912820873,GOOD
21.5,106.7,10000,False,3.7854514356402134,225.41935222065948,30.03489888220167,69.9059147017242,175.37146159253598,174.76478675431048,438.4286539813399,349.52957350862096,876.8573079626798,699.0591470172419,1753.7146159253596,GOOD
21.5,106.8,10000,False,3.7243278087958234,219.752948077049,31.3520522920845,68.65998894579857,170.33853133858602,171.64997236449645,425.846328346465,343.2999447289929,851.69265669293,686.5998894579858,1703.38531338586,GOOD
21.5,106.9,10000,False,3.6736207075195173,214.92696304474708,32.10910238467262,67.15172867536415,167.69738308664893,167.87932168841039,419.24345771662234,335.75864337682077,838.4869154332447,671.5172867536415,1676.9738308664894,GOOD
21.5,107.0,10000,False,3.6314390750108494,210.87413939309633,32.96890699714521,66.6033943392856,164.85206316662453,166.50848584821398,412.1301579165613,333.01697169642796,824.2603158331226,666.0339433928559,1648.5206316662452,GOOD
21.5,107.1,10000,False,3.5932062184850855,207.44162618026903,33.69664839766379,65.01929816660865,157.71609965788772,162.54824541652158,394.2902491447193,325.09649083304316,788.5804982894387,650.1929816660863,1577.1609965788773,GOOD
21.5,107.2,10000,False,3.5493592023317673,204.31317905238566,31.906213714839033,63.482218620267005,157.13910106079592,158.7055465506675,392.8477526519898,317.411093101335,785.6955053039796,634.82218620267,1571.3910106079593,GOOD
21.5,107.3,10000,False,3.4814725604169343,200.8853645156121,29.990461783269822,61.45356840165883,155.56427430260715,153.63392100414706,388.91068575651786,307.2678420082941,777.8213715130357,614.5356840165882,1555.6427430260715,GOOD
21.5,107.4,10000,False,3.357193301786785,196.15252248241714,28.13778821330914,58.00001569125115,156.87482886697154,145.00003922812786,392.1870721674289,290.0000784562557,784.3741443348578,580.0001569125114,1568.7482886697155,GOOD
21.5,107.5,10000,False,3.1299657350095162,189.0076248657434,26.697930756773236,54.17138206445383,145.59462970629488,135.4284551611346,363.9865742657372,270.8569103222692,727.9731485314744,541.7138206445384,1455.9462970629488,GOOD
21.5,107.6,10000,False,2.760289875377016,180.44798514131088,25.99889382881401,52.74334793896012,137.63949206088756,131.85836984740033,344.0987301522189,263.71673969480065,688.1974603044378,527.4334793896013,1376.3949206088755,GOOD
21.5,107.7,10000,False,2.1522111970066433,178.253906242808,18.39043007310108,53.41934844973924,135.79865434556098,133.54837112434808,339.4966358639024,267.09674224869616,678.9932717278048,534.1934844973923,1357.9865434556095,GOOD
21.5,107.8,10000,False,1.6627206848748295,219.4825474537003,10.957080203008818,71.97328501126694,151.56061603865174,179.9332125281674,378.90154009662945,359.8664250563348,757.8030801932589,719.7328501126696,1515.6061603865178,GOOD
21.5,107.9,10000,False,3.3907531538663758,331.11979184714886,11.168022591841387,100.7283350561159,247.01266442419805,251.82083764028968,617.5316610604951,503.64167528057936,1235.0633221209903,1007.2833505611587,2470.1266442419806,ACCEPTABLE
21.5,108.0,10000,False,4.060302650209561,371.55205008573995,10.804190483455145,105.46422172823102,271.4745215096803,263.6605543205776,678.6863037742007,527.3211086411552,1357.3726075484014,1054.6422172823104,2714.745215096803,ACCEPTABLE
21.5,108.1,10000,False,4.690367099451582,420.18281732078214,10.8616918109758,116.22476521211968,308.67828588474043,290.56191303029914,771.695714711851,581.1238260605983,1543.391429423702,1162.2476521211966,3086.782858847404,ACCEPTABLE
21.5,108.2,10000,False,5.387582441408313,481.852280378996,11.462104175642688,132.87615621033734,351.79090206256734,332.1903905258434,879.4772551564183,664.3807810516868,1758.9545103128366,1328.7615621033735,3517.9090206256733,ACCEPTABLE
21.5,108.3,10000,False,6.137287821232325,554.7128599665259,10.128834224138092,154.18067317401938,404.6973103361406,385.45168293504844,1011.7432758403515,770.9033658700969,2023.486551680703,1541.8067317401938,4046.973103361406,ACCEPTABLE
21.5,108.4,10000,False,6.946842653087067,639.4033587509781,8.956992999251922,174.02252018701915,466.5270293433464,435.0563004675479,1166.3175733583662,870.1126009350958,2332.6351467167324,1740.2252018701915,4665.270293433465,ACCEPTABLE
21.5,108.5,10000,False,7.834652566577535,737.9119215113714,8.543712489524593,201.14200256193732,538.7264290244552,502.8550064048434,1346.8160725611376,1005.7100128096868,2693.6321451222752,2011.4200256193735,5387.2642902445505,ACCEPTABLE
21.5,108.6,10000,False,8.823067398133922,852.9593153043354,8.732645148039081,228.02041179718753,623.6712640816188,570.0510294929688,1559.178160204047,1140.1020589859377,3118.356320408094,2280.2041179718753,6236.712640816188,POOR
21.5,108.7,10000,False,9.936304702506673,987.8173285477944,9.289269452232803,264.0429850488499,729.4814309759971,660.1074626221247,1823.7035774399928,1320.2149252442493,3647.4071548799857,2640.4298504884987,7294.814309759971,POOR
21.5,108.8,10000,False,11.200004603534529,1146.2749127978896,11.611600581854933,306.891909826435,851.772589250745,767.2297745660876,2129.431473126863,1534.4595491321752,4258.862946253726,3068.9190982643504,8517.725892507451,POOR
21.5,108.9,10000,False,12.640868074012166,1332.6132678490999,9.571469934609501,365.9995378450909,995.0818699534136,914.998844612727,2487.7046748835337,1829.997689225454,4975.409349767067,3659.995378450908,9950.818699534135,POOR
21.5,109.0,10000,False,14.285549075898231,1551.4971508021727,7.798430519976553,423.2445008106814,1152.308362182433,1058.1112520267038,2880.770905456082,2116.2225040534076,5761.541810912164,4232.445008106815,11523.083621824328,POOR
21.6,104.5,10000,False,7.07059215130118,605.3000112730516,14.53067464631807,172.9958630460437,479.95009396441407,432.4896576151092,1199.8752349110352,864.9793152302184,2399.7504698220705,1729.9586304604368,4799.500939644141,ACCEPTABLE
21.6,104.6,10000,False,6.88577400130209,577.6612044354491,15.435106660544916,165.0284307983284,457.96069480052665,412.571076995821,1144.9017370013169,825.142153991642,2289.8034740026337,1650.284307983284,4579.606948005267,ACCEPTABLE
21.6,104.7,10000,False,6.703809216809972,551.2805992243481,15.377525688051163,157.40159391092584,436.9590744688454,393.5039847773145,1092.3976861721135,787.007969554629,2184.795372344227,1574.015939109258,4369.590744688454,ACCEPTABLE
21.6,104.8,10000,False,6.524837422811083,526.1324080450797,14.326344166780993,150.10840077640734,416.92578857650955,375.2710019410184,1042.3144714412738,750.5420038820369,2084.6289428825476,1501.0840077640737,4169.257885765095,ACCEPTABLE
21.6,104.9,10000,False,6.349010296487374,502.19007348005107,14.727504101963623,143.14159910989582,397.8408535806422,357.8539977747395,994.6021339516055,715.707995549479,1989.204267903211,1431.415991098958,3978.408535806422,ACCEPTABLE
21.6,105.0,10000,False,6.1764933943336064,479.42644653314574,14.488613132072503,136.49367418116867,379.68391126494345,341.2341854529217,949.2097781623585,682.4683709058434,1898.419556324717,1364.9367418116867,3796.839112649434,ACCEPTABLE
21.6,105.1,10000,False,6.0074683235902855,457.8140082598243,14.336100522416046,130.52336963126277,362.4344358216086,326.3084240781568,906.0860895540216,652.6168481563136,1812.172179108043,1305.2336963126272,3624.344358216086,ACCEPTABLE
21.6,105.2,10000,False,5.84213530753205,437.32513786754,14.292937627973913,124.96185385535829,346.07198852977547,312.4046346383957,865.1799713244387,624.8092692767914,1730.3599426488774,1249.6185385535828,3460.719885297755,ACCEPTABLE
21.6,105.3,10000,False,5.680716193811079,417.9324299032373,14.3809201014782,119.73455677179706,330.5765254727923,299.3363919294927,826.4413136819809,598.6727838589854,1652.8826273639618,1197.3455677179709,3305.7652547279235,ACCEPTABLE
21.6,105.4,10000,False,5.523457950308329,399.60906265589534,14.618409779874584,114.83574408338791,315.9287644668917,287.08936020846977,789.8219111672295,574.1787204169395,1579.643822334459,1148.357440833879,3159.287644668918,ACCEPTABLE
21.6,105.5,10000,False,5.3706366808468715,382.329219439776,15.01822729928315,110.26047963929992,302.11061853290846,275.6511990982498,755.276546332271,551.3023981964996,1510.553092664542,1102.604796392999,3021.106185329084,ACCEPTABLE
21.6,105.6,10000,False,5.222562168939764,366.06856402534817,15.586270836723452,106.36326682796629,289.10570501187755,265.90816706991575,722.7642625296937,531.8163341398315,1445.5285250593874,1063.632668279663,2891.057050118775,ACCEPTABLE
21.6,105.7,10000,False,5.079582913897479,350.8047711588406,16.321236954747114,102.26526195453681,276.8999420140468,255.663154886342,692.2498550351171,511.326309772684,1384.4997100702342,1022.652619545368,2768.9994201404684,ACCEPTABLE
21.6,105.8,10000,False,4.942091547900574,336.51811280508366,17.215427338867663,98.02770048796373,265.48224751787694,245.0692512199093,663.7056187946922,490.1385024398186,1327.4112375893844,980.2770048796372,2654.822475178769,ACCEPTABLE
21.6,105.9,10000,False,4.810530395381493,323.1921003015654,18.256278474637682,94.7168946128089,254.8453612902403,236.79223653202217,637.1134032256007,473.58447306404435,1274.2268064512014,947.1689461280887,2548.4536129024027,ACCEPTABLE
21.6,106.0,10000,False,4.685396725390872,310.8141816799084,19.42813479455921,91.29076803266832,244.98681594510427,228.2269200816708,612.4670398627607,456.4538401633416,1224.9340797255213,912.9076803266832,2449.8681594510426,ACCEPTABLE
21.6,106.1,10000,False,4.5672469016003125,299.3764913459545,20.71389480966566,88.12224516782511,235.91009062035738,220.30561291956278,589.7752265508935,440.61122583912555,1179.550453101787,881.2224516782511,2359.100906203574,ACCEPTABLE
21.6,106.2,10000,False,4.456698067783916,288.8766449643362,22.096361462591865,85.56346071772228,227.62598784428246,213.9086517943057,569.0649696107062,427.8173035886114,1138.1299392214123,855.6346071772228,2276.2598784428246,ACCEPTABLE
21.6,106.3,10000,False,4.354425077028236,279.3185638146309,23.559299417788214,84.19511178823093,220.15427825475874,210.48777947057732,550.3856956368968,420.97555894115465,1100.7713912737936,841.9511178823093,2201.542782547587,ACCEPTABLE
21.6,106.4,10000,False,4.261148842043558,270.7132968805544,25.08829567802153,82.12915594147634,213.52565194441618,205.3228898536908,533.8141298610406,410.6457797073816,1067.628259722081,821.2915594147632,2135.256519444162,ACCEPTABLE
21.6,106.5,10000,False,4.1776097483056365,263.0797806458739,26.439293398159908,80.61579168617683,207.22875455454079,201.5394792154421,518.0718863863519,403.0789584308842,1036.1437727727039,806.1579168617684,2072.2875455454077,ACCEPTABLE
21.6,106.6,10000,False,4.10451555083368,256.44542990591606,27.032625183601525,78.49620173674406,201.56050183717065,196.24050434186012,503.9012545929266,392.48100868372023,1007.8025091858532,784.9620173674405,2015.6050183717064,ACCEPTABLE
21.6,106.7,10000,False,4.042446152870726,250.8463852356794,27.78569444923704,78.05873811677303,196.7040483033065,195.14684529193255,491.7601207582663,390.2936905838651,983.5202415165326,780.5873811677302,1967.0404830330651,GOOD
21.6,106.8,10000,False,3.9916861674896875,246.3271768255992,28.704677650312536,77.39211141613049,192.6815881405511,193.48027854032625,481.70397035137785,386.9605570806525,963.4079407027557,773.921114161305,1926.8158814055114,GOOD
21.6,106.9,10000,False,3.9519383601393936,242.9396341507662,29.80580678013932,75.4894632882079,191.25886527055053,188.72365822051972,478.1471631763763,377.44731644103945,956.2943263527526,754.8946328820789,1912.5886527055052,GOOD
21.6,107.0,10000,False,3.9218479165292095,240.74163900841444,28.16513905062703,75.21954436197737,187.4598976293418,188.0488609049434,468.64974407335444,376.0977218098868,937.2994881467089,752.1954436197736,1874.5989762934178,GOOD
21.6,107.1,10000,False,3.898255702260042,239.79992621863838,26.36034940768967,74.78460470543291,182.56290503558978,186.96151176358228,456.4072625889744,373.92302352716456,912.8145251779488,747.8460470543291,1825.6290503558976,GOOD
21.6,107.2,10000,False,3.8751783622584446,240.2154032836781,24.58515002767238,74.64095922451837,185.25750503001223,186.6023980612959,463.14376257503056,373.2047961225918,926.2875251500611,746.4095922451836,1852.5750503001223,GOOD
21.6,107.3,10000,False,3.8429719743713404,242.24217565304906,23.08156808005116,74.82765153965036,189.35528712833616,187.0691288491259,473.38821782084034,374.1382576982518,946.7764356416807,748.2765153965036,1893.5528712833614,GOOD
21.6,107.4,10000,False,3.7897294716882484,246.75730229944082,22.258139557029114,73.68133820664023,198.1104581949636,184.20334551660056,495.276145487409,368.4066910332011,990.552290974818,736.8133820664023,1981.104581949636,GOOD
21.6,107.5,10000,False,3.710035027989533,256.9586390111971,20.626354449691046,74.47352165145635,206.85928212000243,186.18380412864087,517.1482053000061,372.36760825728174,1034.2964106000122,744.7352165145635,2068.5928212000244,ACCEPTABLE
21.6,107.6,10000,False,3.617579035944542,284.1147223916273,14.027172607867284,81.98497398230498,220.7204145941226,204.96243495576243,551.8010364853064,409.92486991152487,1103.6020729706129,819.8497398230497,2207.2041459412258,ACCEPTABLE
21.6,107.7,10000,False,3.4463280556944906,364.6246858602428,7.728312824962997,108.81035014551713,286.9823691649668,272.0258753637928,717.4559229124171,544.0517507275856,1434.9118458248342,1088.1035014551712,2869.8236916496685,ACCEPTABLE
21.6,107.8,10000,False,3.1471634470714793,565.5973818416066,2.383047972020829,162.03797097920466,438.98193710945077,405.0949274480116,1097.4548427736268,810.1898548960232,2194.9096855472535,1620.3797097920465,4389.819371094507,ACCEPTABLE
21.6,107.9,10000,False,4.558777860525977,716.1759743151541,4.121727739606902,194.9851012712506,498.01144500986845,487.4627531781265,1245.028612524671,974.925506356253,2490.057225049342,1949.851012712506,4980.114450098684,ACCEPTABLE
21.6,108.0,10000,False,5.112809443109844,652.0591575827796,6.4066337068362085,173.1266449699397,454.3706197105923,432.81661242484927,1135.9265492764807,865.6332248496985,2271.8530985529615,1731.266449699397,4543.706197105923,ACCEPTABLE
21.6,108.1,10000,False,5.483896938641475,632.0538806642204,7.349998810086658,171.03436792738313,447.69476739137104,427.5859198184578,1119.2369184784275,855.1718396369156,2238.473836956855,1710.3436792738312,4476.94767391371,ACCEPTABLE
21.6,108.2,10000,False,5.970611916946127,654.9146404124693,6.856490784594513,178.9556613764825,467.5846691329218,447.3891534412063,1168.9616728323044,894.7783068824126,2337.923345664609,1789.5566137648252,4675.846691329218,ACCEPTABLE
21.6,108.3,10000,False,6.559084263461889,703.8337656139613,7.287426279606988,192.8519428076138,504.03779311203687,482.1298570190345,1260.094482780092,964.259714038069,2520.188965560184,1928.519428076138,5040.377931120368,ACCEPTABLE
21.6,108.4,10000,False,7.234832023265421,772.0444490340021,8.31871712839954,213.49872745006226,555.7470734588801,533.7468186251557,1389.3676836472,1067.4936372503114,2778.7353672944,2134.987274500623,5557.4707345888,ACCEPTABLE
21.6,108.5,10000,False,7.999335352722493,857.7762507258271,7.090009297306115,237.11119092367784,621.3504405638521,592.7779773091945,1553.3761014096299,1185.555954618389,3106.7522028192598,2371.111909236778,6213.5044056385195,POOR
21.6,108.6,10000,False,8.863326435436216,961.6014183411138,6.2123870673653565,264.43486687838913,700.8913532301079,661.0871671959728,1752.22838307527,1322.1743343919456,3504.45676615054,2644.3486687838913,7008.91353230108,POOR
21.6,108.7,10000,False,9.84264840009431,1085.3825652909131,6.050085808001822,296.7996162356583,792.6732924414664,741.9990405891458,1981.6832311036658,1483.9980811782916,3963.3664622073316,2967.996162356583,7926.732924414663,POOR
21.6,108.8,10000,False,10.956495094585382,1231.8636546948958,11.88386606512233,332.8126682999708,901.0197760439906,832.0316707499271,2252.549440109977,1664.0633414998542,4505.098880219954,3328.1266829997085,9010.197760439907,POOR
21.6,108.9,10000,False,12.226634123945406,1404.5032612329987,10.12236437113614,376.6053128696694,1036.3732529317506,941.5132821741735,2590.933132329377,1883.026564348347,5181.866264658754,3766.053128696694,10363.732529317507,POOR
21.6,109.0,10000,False,13.676744588968996,1607.3734637093278,9.085775349517347,431.306421399886,1196.803857998283,1078.266053499715,2992.009644995708,2156.53210699943,5984.019289991416,4313.06421399886,11968.038579982833,POOR
21.7,104.5,10000,False,7.195409854973628,625.9307433755424,14.29828218610732,178.68942174051432,497.0319684783475,446.72355435128577,1242.5799211958688,893.4471087025715,2485.1598423917376,1786.894217405143,4970.319684783475,ACCEPTABLE
21.7,104.6,10000,False,7.014969152331334,598.5093576144898,15.357959591266017,170.77397266766835,475.22415119344953,426.93493166917085,1188.0603779836238,853.8698633383417,2376.1207559672475,1707.7397266766834,4752.241511934495,ACCEPTABLE
21.7,104.7,10000,False,6.837516820087348,572.333752213021,13.896916076572523,163.19590805318137,454.3969587022478,407.9897701329535,1135.9923967556197,815.979540265907,2271.9847935112393,1631.959080531814,4543.969587022479,ACCEPTABLE
21.7,104.8,10000,False,6.663203803468954,547.380170627901,13.568729210483232,156.0315014242737,434.532799501895,390.0787535606843,1086.3319987547375,780.1575071213686,2172.663997509475,1560.315014242737,4345.32799501895,ACCEPTABLE
21.7,104.9,10000,False,6.492194535308572,523.6244294833419,13.298447574544614,149.5038331322699,415.61386254450076,373.75958283067484,1039.0346563612518,747.5191656613497,2078.0693127225036,1495.0383313226994,4156.138625445007,ACCEPTABLE
21.7,105.0,10000,False,6.324668897548289,501.04212613564016,13.108035437667827,143.3307352739984,397.62231471146595,358.32683818499595,994.055786778665,716.6536763699919,1988.11157355733,1433.3073527399838,3976.22314711466,ACCEPTABLE
21.7,105.1,10000,False,6.160824523076678,479.6088918918882,13.020815634366212,137.50647593365034,380.5405447253137,343.76618983412584,951.3513618132843,687.5323796682517,1902.7027236265685,1375.0647593365034,3805.405447253137,ACCEPTABLE
21.7,105.2,10000,False,6.000879483160208,459.3006954297234,13.059637688027715,132.0257517710717,364.35146012364805,330.0643794276792,910.8786503091201,660.1287588553585,1821.7573006182402,1320.257517710717,3643.5146012364803,ACCEPTABLE
21.7,105.3,10000,False,5.845075405176143,440.09420129903066,13.244538423247347,126.88386079027964,349.0388451238151,317.2096519756991,872.5971128095379,634.4193039513982,1745.1942256190757,1268.8386079027964,3490.3884512381514,ACCEPTABLE
21.7,105.4,10000,False,5.693681061073041,421.96718899500723,13.590394230002477,122.07691041699253,334.5877889473901,305.19227604248135,836.4694723684754,610.3845520849627,1672.9389447369508,1220.7691041699254,3345.8778894739016,ACCEPTABLE
21.7,105.5,10000,False,5.546996456702638,404.8990391390486,14.105233734413957,117.6020682567603,320.98519669254017,294.00517064190075,802.4629917313505,588.0103412838015,1604.925983462701,1176.020682567603,3209.851966925402,ACCEPTABLE
21.7,105.6,10000,False,5.405357432384284,388.87129501470287,14.789723373712903,113.45786522943484,308.22039846470466,283.64466307358714,770.5509961617618,567.2893261471743,1541.1019923235235,1134.5786522943486,3082.203984647047,ACCEPTABLE
21.7,105.7,10000,False,5.269140750447304,373.86831039785864,15.637895991105625,108.98496903026611,296.2858776416687,272.4624225756653,740.7146941041717,544.9248451513306,1481.4293882083434,1089.8496903026612,2962.858776416687,ACCEPTABLE
21.7,105.8,10000,False,5.138769587926262,359.87799875391073,16.638745007769092,105.0052406689459,285.1781464540439,262.51310167236477,712.9453661351098,525.0262033447295,1425.8907322702196,1050.052406689459,2851.781464540439,ACCEPTABLE
21.7,105.9,10000,False,5.014719259818305,346.8927051574246,17.778121831997886,101.07914901310238,274.898807327226,252.69787253275592,687.2470183180651,505.39574506551185,1374.4940366361302,1010.7914901310237,2748.9880732722604,ACCEPTABLE
21.7,106.0,10000,False,4.897522852052042,334.91023186548347,19.040481493163288,98.37367570150857,265.4558528030034,245.93418925377142,663.6396320075086,491.86837850754284,1327.2792640150171,983.7367570150857,2654.5585280300343,ACCEPTABLE
21.7,106.1,10000,False,4.7877762166462565,323.93506329981255,20.410259502334338,94.86327766802714,256.8652769772351,237.15819417006782,642.1631924430876,474.31638834013563,1284.3263848861752,948.6327766802713,2568.6527697723504,ACCEPTABLE
21.7,106.2,10000,False,4.686141435920748,313.97985978254445,21.872867473359186,92.57738374145282,249.1530996746297,231.44345935363208,622.8827491865742,462.88691870726416,1245.7654983731484,925.7738374145283,2491.5309967462968,ACCEPTABLE
21.7,106.3,10000,False,4.593347345800723,305.0673283676409,23.017519260717815,91.44861175338518,242.34376458974444,228.62152938346296,605.8594114743612,457.2430587669259,1211.7188229487224,914.4861175338518,2423.437645897445,ACCEPTABLE
21.7,106.4,10000,False,4.5101849578747215,297.2326466657765,23.43649481644792,90.49564675762872,235.7982193748589,226.23911689407174,589.4955484371471,452.4782337881435,1178.9910968742943,904.956467576287,2357.9821937485885,ACCEPTABLE
21.7,106.5,10000,False,4.437494588151796,290.5267389857784,24.063329527808758,88.81825351402779,230.16006271351816,222.04563378506953,575.4001567837954,444.09126757013905,1150.8003135675908,888.1825351402781,2301.6006271351816,ACCEPTABLE
21.7,106.6,10000,False,4.376140246194146,285.0209429514109,24.902940487987568,87.54854520884228,225.4851502419761,218.8713630221057,563.7128756049402,437.7427260442114,1127.4257512098804,875.4854520884228,2254.851502419761,ACCEPTABLE
21.7,106.7,10000,False,4.326965821636869,280.81409535833086,25.961255356540903,87.20746898430565,221.84853410121366,218.01867246076415,554.6213352530342,436.0373449215283,1109.2426705060684,872.0746898430566,2218.485341012137,ACCEPTABLE
21.7,106.8,10000,False,4.290728576618873,278.0441364671918,25.916619021559544,85.34839541214244,219.35077072614573,213.3709885303561,548.3769268153643,426.7419770607122,1096.7538536307286,853.4839541214244,2193.507707261457,ACCEPTABLE
21.7,106.9,10000,False,4.268014048030068,276.9088105896408,24.224774133679965,85.22189913325806,219.38042234686532,213.05474783314514,548.4510558671634,426.1094956662903,1096.9021117343268,852.2189913325806,2193.8042234686536,ACCEPTABLE
21.7,107.0,10000,False,4.259169574232649,277.7061199644399,22.558471168912924,86.21998966454501,217.69253715872355,215.5499741613625,544.2313428968089,431.099948322725,1088.4626857936178,862.19989664545,2176.9253715872355,ACCEPTABLE
21.7,107.1,10000,False,4.264399601105649,280.9209371763233,21.06088131094262,86.2567346383147,214.87109682961946,215.64183659578674,537.1777420740486,431.2836731915735,1074.3554841480973,862.567346383147,2148.7109682961946,ACCEPTABLE
21.7,107.2,10000,False,4.284475974631536,287.4271655401577,19.97963626531045,88.33282198401977,220.25246877286676,220.8320549600494,550.6311719321669,441.6641099200988,1101.2623438643338,883.3282198401976,2202.5246877286677,ACCEPTABLE
21.7,107.3,10000,False,4.3233606798698725,298.9985972439959,19.6598033932601,90.713770707604,234.3461417291826,226.78442676901,585.8653543229564,453.56885353802,1171.7307086459127,907.13770707604,2343.4614172918255,ACCEPTABLE
21.7,107.4,10000,False,4.3961614501080035,319.7030292239474,18.80785614194729,96.42646358656262,253.9159363390428,241.06615896640656,634.7898408476069,482.1323179328131,1269.5796816952138,964.2646358656262,2539.1593633904276,ACCEPTABLE
21.7,107.5,10000,False,4.550989930851061,360.07512254014705,13.214120752381154,105.58948936025982,288.40515411143383,263.97372340064953,721.0128852785845,527.9474468012991,1442.025770557169,1055.8948936025981,2884.051541114338,ACCEPTABLE
21.7,107.6,10000,False,4.930773972025091,451.6426766084399,9.97819397139374,129.15630346890873,351.90500948604637,322.89075867227183,879.7625237151159,645.7815173445437,1759.5250474302318,1291.5630346890873,3519.0500948604636,ACCEPTABLE
21.7,107.7,10000,False,6.032441767460776,713.3612849035746,4.511277576616817,211.32185497026435,563.6866536525831,528.3046374256608,1409.2166341314578,1056.6092748513215,2818.4332682629156,2113.218549702643,5636.866536525831,ACCEPTABLE
21.7,107.8,10000,False,10.338878197968732,1737.8285789400943,1.2914314845762325,480.1944598951269,1384.9995368844454,1200.4861497378172,3462.4988422111146,2400.9722994756344,6924.997684422229,4801.944598951269,13849.995368844458,POOR
21.7,107.9,10000,False,12.238517638334919,2364.957649728046,2.581287963978816,649.144022750679,1799.5143310124897,1622.8600568766974,4498.785827531225,3245.720113753395,8997.57165506245,6491.44022750679,17995.1433101249,POOR
21.7,108.0,10000,False,8.224759331409514,1393.8852018005164,2.8475922110845273,371.05366976941536,1036.7276129937304,927.6341744235383,2591.8190324843263,1855.2683488470766,5183.6380649686525,3710.536697694153,10367.276129937305,POOR
21.7,108.1,10000,False,7.171516272845412,1062.6181407292934,4.404452821818585,278.83501814847307,750.1684188129701,697.0875453711828,1875.4210470324256,1394.1750907423657,3750.842094064851,2788.3501814847314,7501.684188129702,POOR
21.7,108.2,10000,False,7.070324599778774,959.6443222339218,6.051728138316034,250.80752839557712,664.1365948760417,627.0188209889429,1660.3414871901043,1254.0376419778859,3320.6829743802086,2508.0752839557717,6641.365948760417,POOR
21.7,108.3,10000,False,7.332554350694709,944.1304345700573,5.104933883166996,245.74337317259398,658.9206661365901,614.3584329314849,1647.3016653414752,1228.7168658629698,3294.6033306829504,2457.4337317259397,6589.206661365901,POOR
21.7,108.4,10000,False,7.789265624184944,973.7340534879188,5.10383336968497,256.04891947167204,688.4339687907038,640.1222986791801,1721.0849219767595,1280.2445973583601,3442.169843953519,2560.4891947167202,6884.339687907038,POOR
21.7,108.5,10000,False,8.384168215689026,1033.4246446694422,5.886587898181981,275.8563245265261,739.1385336685925,689.6408113163154,1847.846334171481,1379.2816226326308,3695.692668342962,2758.5632452652617,7391.385336685924,POOR
21.7,108.6,10000,False,9.100355308356125,1117.710619600536,6.383152737859007,304.42899231492544,804.9393776358745,761.0724807873135,2012.3484440896866,1522.144961574627,4024.696888179373,3044.289923149254,8049.393776358746,POOR
21.7,108.7,10000,False,9.937896417737322,1225.1993044398246,5.163118586595913,339.0414923093565,888.1039860960219,847.6037307733912,2220.259965240055,1695.2074615467825,4440.51993048011,3390.414923093565,8881.03986096022,POOR
21.7,108.8,10000,False,10.90565203956187,1356.6281915871316,8.543712489524593,375.1862187538318,988.8274934177894,937.9655468845795,2472.0687335444736,1875.931093769159,4944.137467088947,3751.862187538318,9888.274934177894,POOR
21.7,108.9,10000,False,12.017914684042585,1514.0661734733844,8.733914735600571,419.15167469710406,1105.0617624401045,1047.8791867427599,2762.6544061002614,2095.7583734855198,5525.308812200523,4191.5167469710395,11050.617624401046,POOR
21.7,109.0,10000,False,13.292817885201208,1700.5547028360463,8.732645148039081,463.14639561529646,1244.1891154144464,1157.865989038241,3110.4727885361162,2315.731978076482,6220.9455770722325,4631.463956152964,12441.891154144465,POOR
21.8,104.5,10000,False,7.331402443909602,648.5565253479374,14.326344166780993,184.97197375222015,515.761357862081,462.4299343805503,1289.4033946552024,924.8598687611006,2578.806789310405,1849.7197375222013,5157.61357862081,ACCEPTABLE
21.8,104.6,10000,False,7.155543372447503,621.365128720096,15.030537794555675,177.34955285134322,494.14873770530596,443.37388212835793,1235.371844263265,886.7477642567159,2470.74368852653,1773.4955285134317,4941.48737705306,ACCEPTABLE
21.8,104.7,10000,False,6.982823784469784,595.4116495306881,12.52603043886582,170.17872969581228,473.51340505142673,425.4468242395306,1183.783512628567,850.8936484790612,2367.567025257134,1701.7872969581224,4735.134050514268,ACCEPTABLE
21.8,104.8,10000,False,6.813407389807816,570.6747139436592,12.232859450757912,163.37452894174172,453.83993007207994,408.4363223543542,1134.5998251802,816.8726447087084,2269.1996503604,1633.7452894174169,4538.3993007208,ACCEPTABLE
21.8,104.9,10000,False,6.647472969737236,547.1328961129158,12.014107049001103,156.93181505495514,435.11301147420886,392.32953763738783,1087.7825286855223,784.6590752747757,2175.5650573710445,1569.3181505495513,4351.130114742089,ACCEPTABLE
21.8,105.0,10000,False,6.485216513009906,524.7649647786534,11.89326999207208,150.84577395454778,417.3177148447512,377.1144348863695,1043.294287111878,754.228869772739,2086.588574223756,1508.457739545478,4173.177148447512,ACCEPTABLE
21.8,105.1,10000,False,6.32685370705886,503.55018143033533,11.893958324637229,145.1120504969938,400.43976410314906,362.78012624248447,1001.0994102578726,725.5602524849689,2002.1988205157452,1451.1205049699379,4004.3976410314904,ACCEPTABLE
21.8,105.2,10000,False,6.172622833647242,483.46865712873955,12.03748254487167,139.72691491357773,384.46589513961646,349.3172872839442,961.1647378490412,698.6345745678884,1922.3294756980824,1397.2691491357768,3844.658951396165,ACCEPTABLE
21.8,105.3,10000,False,6.022788120989535,464.50177654565914,12.340277662814861,134.68746408379545,369.38428291736113,336.71866020948863,923.4607072934028,673.4373204189773,1846.9214145868057,1346.8746408379545,3693.8428291736113,ACCEPTABLE
21.8,105.4,10000,False,5.877643605689223,446.63269996053197,12.811923704368615,129.9918652253623,355.1850564208371,324.9796630634057,887.9626410520929,649.9593261268114,1775.9252821041857,1299.918652253623,3551.8505642083715,ACCEPTABLE
21.8,105.5,10000,False,5.737517556914066,429.84695720971604,13.454415716389827,125.33959213034716,341.860920237854,313.3489803258679,854.6523005946351,626.6979606517358,1709.3046011892702,1253.3959213034716,3418.6092023785404,ACCEPTABLE
21.8,105.6,10000,False,5.6027775110295295,414.13315245114853,14.262840386196979,120.90976567480789,329.4079078410635,302.2744141870197,823.5197696026588,604.5488283740394,1647.0395392053176,1209.0976567480789,3294.0790784106352,ACCEPTABLE
21.8,105.7,10000,False,5.4738359562394,399.4838059012913,15.227057432277096,116.50854032903464,317.8263006180181,291.27135082258656,794.5657515450451,582.5427016451731,1589.1315030900903,1165.0854032903462,3178.2630061801806,ACCEPTABLE
21.8,105.8,10000,False,5.351156692556912,385.8963696988541,16.333727851951178,112.18630790328635,307.12175963237553,280.46576975821586,767.8043990809388,560.9315395164317,1535.6087981618775,1121.8630790328634,3071.217596323755,ACCEPTABLE
21.8,105.9,10000,False,5.235261872480147,373.37447181345766,17.56814610316018,108.2301115225786,297.30673589112183,270.5752788064465,743.2668397278046,541.150557612893,1486.5336794556092,1082.301115225786,2973.0673589112184,ACCEPTABLE
21.8,106.0,10000,False,5.126739704757192,361.92946788263805,18.91561922577851,105.80086640354295,288.40225256542243,264.50216600885733,721.0056314135562,529.0043320177147,1442.0112628271124,1058.0086640354293,2884.022525654225,ACCEPTABLE
21.8,106.1,10000,False,5.026252787685305,351.582421938439,20.34200869451445,102.60779924014119,280.4401941249577,256.519498100353,701.1004853123944,513.038996200706,1402.2009706247889,1026.077992401412,2804.4019412495777,ACCEPTABLE
21.8,106.2,10000,False,4.934547057332121,342.36670367620155,20.517327475564006,101.20455043050632,273.3560526899747,253.01137607626578,683.3901317249367,506.02275215253155,1366.7802634498735,1012.0455043050631,2733.560526899747,ACCEPTABLE
21.8,106.3,10000,False,4.852461458934253,334.3315015073455,20.92557810743602,99.15892116297363,266.7130237579176,247.8973029074341,666.782559394794,495.7946058148682,1333.565118789588,991.5892116297364,2667.130237579176,ACCEPTABLE
21.8,106.4,10000,False,4.780938840154112,327.5467437844279,21.57732804766556,98.74262979385338,261.0867005929416,246.85657448463346,652.7167514823541,493.7131489692669,1305.4335029647082,987.4262979385338,2610.8670059294163,ACCEPTABLE
21.8,106.5,10000,False,4.7210396039095235,322.1102675630837,22.477482134136963,98.44469064591229,256.55805712402054,246.11172661478076,641.3951428100513,492.2234532295615,1282.7902856201026,984.446906459123,2565.5805712402052,ACCEPTABLE
21.8,106.6,10000,False,4.6739622307395114,318.1587231204317,23.627166165516574,96.43129762589575,253.23898077457073,241.07824406473938,633.097451936427,482.15648812947876,1266.194903872854,964.3129762589575,2532.389807745708,ACCEPTABLE
21.8,106.7,10000,False,4.641080949487076,315.88496891033896,22.929114461125963,95.7264551549325,251.28550079121706,239.31613788733125,628.2137519780426,478.6322757746625,1256.4275039560853,957.264551549325,2512.8550079121705,ACCEPTABLE
21.8,106.8,10000,False,4.624025452657052,315.56729792677464,21.302684026215598,96.15990361142852,250.8046366073294,240.39975902857128,627.0115915183235,480.79951805714256,1254.023183036647,961.5990361142851,2508.046366073294,ACCEPTABLE
21.8,106.9,10000,False,4.624862127080633,317.62137470494883,19.777086737240683,96.62947793413863,252.10712263966164,241.5736948353465,630.267806599154,483.147389670693,1260.535613198308,966.294779341386,2521.071226396616,ACCEPTABLE
21.8,107.0,10000,False,4.646518288456454,322.6982281998629,18.501617826844136,97.32258701032517,255.82822346475848,243.30646752581288,639.5705586618961,486.61293505162575,1279.1411173237923,973.2258701032515,2558.2822346475846,ACCEPTABLE
21.8,107.1,10000,False,4.693786480766521,331.88124808602987,17.699700739735576,101.09415019615525,257.22124395971775,252.73537549038812,643.0531098992944,505.47075098077624,1286.1062197985889,1010.9415019615525,2572.2124395971778,ACCEPTABLE
21.8,107.2,10000,False,4.775716846733376,347.1098443023883,17.63529425078209,106.60810070092568,266.0120874605716,266.52025175231415,665.030218651429,533.0405035046283,1330.060437302858,1066.0810070092566,2660.120874605716,ACCEPTABLE
21.8,107.3,10000,False,4.911374061127215,372.16116047503596,18.082652704437805,112.38903747150866,287.01493003379386,280.97259367877166,717.5373250844846,561.9451873575433,1435.0746501689691,1123.8903747150866,2870.1493003379383,ACCEPTABLE
21.8,107.4,10000,False,5.144121421145159,415.1421631143886,13.197040548237974,123.34192974485313,321.40150246079736,308.35482436213283,803.5037561519935,616.7096487242657,1607.007512303987,1233.4192974485313,3214.015024607974,ACCEPTABLE
21.8,107.5,10000,False,5.580492227361542,495.69089265322566,9.527654596710454,149.77286827382025,377.8629409670076,374.43217068455056,944.6573524175191,748.8643413691011,1889.3147048350381,1497.7286827382022,3778.6294096700763,ACCEPTABLE
21.8,107.6,10000,False,6.522857750601129,670.6622141237974,8.210860319210305,205.10762757102225,518.1231762361532,512.7690689275556,1295.307940590383,1025.5381378551112,2590.615881180766,2051.0762757102225,5181.231762361532,ACCEPTABLE
21.8,107.7,10000,False,9.15909878511495,1167.25506413526,3.012831944185951,324.2781633732297,949.7986123289614,810.6954084330742,2374.4965308224037,1621.3908168661485,4748.993061644807,3242.781633732297,9497.986123289615,POOR
21.8,107.8,10000,False,23.107075830122234,3847.9315505337345,0.91602829708958,1060.528847617124,3108.2995164985705,2651.3221190428103,7770.748791246426,5302.644238085621,15541.497582492852,10605.288476171241,31082.995164985703,VERY POOR
21.8,107.9,10000,False,33.60042657971603,6806.687373100655,2.5303821966692204,1878.9261608248753,5362.970835209459,4697.315402062188,13407.427088023647,9394.630804124376,26814.854176047294,18789.26160824875,53629.70835209459,VERY POOR
21.8,108.0,10000,False,17.62758438835681,3559.311945346514,2.3183079017058694,962.6527013188763,2855.6679799683207,2406.6317532971907,7139.169949920799,4813.263506594381,14278.339899841598,9626.527013188763,28556.679799683196,VERY POOR
21.8,108.1,10000,False,11.19146388748425,2043.3000929394618,2.454145566897192,557.855442504874,1567.5085305396829,1394.6386062621855,3918.771326349207,2789.277212524371,7837.542652698414,5578.554425048742,15675.085305396828,POOR
21.8,108.2,10000,False,9.2183652112999,1527.0059309354258,3.305696127856178,396.52874457780626,1096.104947905543,991.3218614445157,2740.262369763857,1982.6437228890313,5480.524739527714,3965.2874457780626,10961.049479055428,POOR
21.8,108.3,10000,False,8.691099559585428,1339.6674682235437,4.72991997814538,342.316859222411,924.185530228303,855.7921480560276,2310.4638255707578,1711.5842961120552,4620.9276511415155,3423.1685922241104,9241.855302283031,POOR
21.8,108.4,10000,False,8.724670135096172,1280.7962100518114,4.156351537224428,339.2539456392149,889.9887252419968,848.1348640980372,2224.971813104992,1696.2697281960743,4449.943626209984,3392.5394563921486,8899.887252419969,POOR
21.8,108.5,10000,False,9.047410405407833,1287.5221965748788,3.858480361263445,343.8288972312579,911.4181943364391,859.5722430781448,2278.5454858410976,1719.1444861562895,4557.090971682195,3438.288972312579,9114.18194336439,POOR
21.8,108.6,10000,False,9.561229092414923,1336.2727878875246,4.37466573357599,347.60014169879975,945.4294672869073,869.0003542469994,2363.5736682172683,1738.000708493999,4727.147336434537,3476.001416987998,9454.294672869073,POOR
21.8,108.7,10000,False,10.229012926630464,1417.440286390974,5.335586388429111,373.5822649392825,1005.9081307642343,933.955662348206,2514.770326910586,1867.911324696412,5029.540653821172,3735.822649392824,10059.081307642344,POOR
21.8,108.8,10000,False,11.039594545099243,1527.432139547598,6.4250178476829225,413.50515747293144,1102.2096015310874,1033.7628936823285,2755.524003827719,2067.525787364657,5511.048007655438,4135.051574729314,11022.096015310875,POOR
21.8,108.9,10000,False,11.994879593473764,1665.724323106336,6.2123870673653565,460.6172211376104,1214.6004740035087,1151.5430528440259,3036.501185008772,2303.0861056880517,6073.002370017544,4606.172211376103,12146.004740035089,POOR
21.8,109.0,10000,False,13.104470654500231,1833.627313030461,6.050085808001822,514.3212351734078,1336.6272438238232,1285.8030879335192,3341.5681095595573,2571.6061758670385,6683.136219119115,5143.212351734077,13366.27243823823,POOR
21.9,104.5,10000,False,7.478482739065376,673.2490652227442,13.896916076572523,192.57239363544346,536.198461963758,481.4309840886086,1340.4961549093953,962.8619681772172,2680.9923098187905,1925.7239363544345,5361.984619637581,ACCEPTABLE
21.9,104.6,10000,False,7.307415623995206,646.3067734701222,13.568729210483232,185.12112050072932,514.7998617417759,462.8028012518233,1286.9996543544396,925.6056025036467,2573.999308708879,1851.2112050072933,5147.998617417758,ACCEPTABLE
21.9,104.7,10000,False,7.139655685836205,620.5993289865257,11.278115412903464,178.04220796810537,494.3792190256477,445.1055199202635,1235.9480475641194,890.211039840527,2471.896095128239,1780.422079681054,4943.792190256478,ACCEPTABLE
21.9,104.8,10000,False,6.975380990630092,596.1081295979678,11.038656827576752,171.3313333762481,474.92360219855004,428.3283334406202,1187.3090054963752,856.6566668812404,2374.6180109927504,1713.3133337624809,4749.236021985501,ACCEPTABLE
21.9,104.9,10000,False,6.814786467127989,572.8149393453737,10.892476519123107,164.9845313168477,456.42059340449765,412.4613282921192,1141.051483511244,824.9226565842384,2282.102967022488,1649.8453131684769,4564.205934044976,ACCEPTABLE
21.9,105.0,10000,False,6.658086275190388,550.7021862634616,10.863674012640827,158.99832637467847,438.8585774941938,397.4958159366961,1097.1464437354848,794.9916318733922,2194.2928874709696,1589.9832637467844,4388.585774941939,ACCEPTABLE
21.9,105.1,10000,False,6.505516567309656,529.7533216690456,10.974463582197128,153.36989400195836,422.22709389630353,383.4247350048959,1055.5677347407586,766.8494700097918,2111.1354694815172,1533.6989400195837,4222.2709389630345,ACCEPTABLE
21.9,105.2,10000,False,6.357338705706875,509.953251775628,11.242385206771035,148.09725543099643,406.51726385625904,370.243138577491,1016.2931596406476,740.486277154982,2032.5863192812951,1480.972554309964,4065.1726385625902,ACCEPTABLE
21.9,105.3,10000,False,6.213843007150063,491.28885542202846,11.678054424710353,143.09373474472625,391.72230897185204,357.73433686181556,979.3057724296302,715.4686737236311,1958.6115448592604,1430.9373474472623,3917.223089718521,ACCEPTABLE
21.9,105.4,10000,False,6.07535309970988,473.74960598733924,12.28424679067149,138.2287601654523,377.83818184293966,345.5719004136308,944.5954546073492,691.1438008272615,1889.1909092146984,1382.287601654523,3778.381818429397,ACCEPTABLE
21.9,105.5,10000,False,5.94223099147271,457.32832179966914,13.056557812720305,133.20772540152262,364.8643365660463,333.01931350380653,912.1608414151158,666.0386270076131,1824.3216828302316,1332.0772540152261,3648.643365660463,ACCEPTABLE
21.9,105.6,10000,False,5.814882973202449,442.0220784977404,13.985199498588921,129.04211687250915,352.80467666932805,322.6052921812729,882.0116916733201,645.2105843625458,1764.0233833466402,1290.4211687250915,3528.0467666932805,ACCEPTABLE
21.9,105.7,10000,False,5.693766509507979,427.8333303717617,15.057168790404466,124.6590541014155,341.6687323025105,311.64763525353885,854.1718307562762,623.2952705070777,1708.3436615125524,1246.5905410141554,3416.687323025105,ACCEPTABLE
21.9,105.8,10000,False,5.579398324351167,414.77130806962833,16.258158423775356,120.06001091635727,331.4731392443108,300.15002729089315,828.6828481107771,600.3000545817863,1657.3656962215541,1200.6001091635726,3314.7313924431082,ACCEPTABLE
21.9,105.9,10000,False,5.472363971783548,402.8537910682548,17.573925523249923,116.23844731896706,322.2435230274523,290.59611829741766,805.6088075686307,581.1922365948353,1611.2176151372614,1162.3844731896706,3222.435230274523,ACCEPTABLE
21.9,106.0,10000,False,5.37332932983168,392.1094014097827,18.261986925396297,114.03172522000901,314.01693787656717,285.0793130500225,785.042344691418,570.158626100045,1570.084689382836,1140.31725220009,3140.169378765672,ACCEPTABLE
21.9,106.1,10000,False,5.283054717852989,382.5806413806703,18.398000102129718,111.5650669382223,306.70516411019076,278.91266734555575,766.762910275477,557.8253346911115,1533.525820550954,1115.650669382223,3067.051641101908,ACCEPTABLE
21.9,106.2,10000,False,5.2024128177609485,374.3280213654334,18.789150088455855,110.73191770014813,299.9420874394536,276.8297942503703,749.8552185986339,553.6595885007406,1499.7104371972678,1107.3191770014812,2999.4208743945355,ACCEPTABLE
21.9,106.3,10000,False,5.132412476014958,367.4358298758685,19.447790495942773,108.40063894524832,294.29331474212404,271.0015973631208,735.7332868553101,542.0031947262416,1471.4665737106202,1084.0063894524833,2942.9331474212404,ACCEPTABLE
21.9,106.4,10000,False,5.074232168314751,362.02045054018396,20.376659745496486,107.96235692228481,289.85732072521546,269.9058923057121,724.6433018130388,539.8117846114242,1449.2866036260775,1079.6235692228483,2898.573207252155,ACCEPTABLE
21.9,106.5,10000,False,5.029270209393911,358.2427550160606,21.57068820817532,108.2066800901733,286.7695437052132,270.5167002254332,716.9238592630329,541.0334004508665,1433.8477185260658,1082.066800901733,2867.6954370521316,ACCEPTABLE
21.9,106.6,10000,False,4.999225293747555,356.32724327681166,20.634741770406723,108.9305907467216,285.21809201262926,272.326476866804,713.0452300315733,544.652953733608,1426.0904600631466,1089.305907467216,2852.180920126293,ACCEPTABLE
21.9,106.7,10000,False,4.986234005974656,356.59277163757014,19.06947757417592,108.08842115119378,285.3908365949869,270.22105287798445,713.4770914874674,540.4421057559689,1426.9541829749348,1080.8842115119378,2853.9083659498697,ACCEPTABLE
21.9,106.8,10000,False,4.993118646400149,359.5039916645471,17.646136056725574,109.30512239428467,286.8464734179269,273.2628059857117,717.1161835448173,546.5256119714234,1434.2323670896346,1093.0512239428467,2868.4647341792693,ACCEPTABLE
21.9,106.9,10000,False,5.02385450317461,365.7614505947482,16.508900064165882,109.5350041789238,290.74339674663906,273.83751044730946,726.8584918665977,547.6750208946189,1453.7169837331953,1095.3500417892378,2907.4339674663906,ACCEPTABLE
21.9,107.0,10000,False,5.0844850630448875,376.46739273462055,15.85344158628978,111.28505117597928,300.35231571532995,278.21262793994816,750.8807892883249,556.4252558798963,1501.7615785766498,1112.8505117597927,3003.5231571532995,ACCEPTABLE
21.9,107.1,10000,False,5.184977542153149,393.44796412378895,15.884492908477599,116.49431801257813,309.6973980859402,291.2357950314454,774.2434952148506,582.4715900628908,1548.486990429701,1164.9431801257815,3096.973980859402,ACCEPTABLE
21.9,107.2,10000,False,5.3431264886133825,419.9196590591742,16.71858819740745,125.15371743266539,328.9084261783813,312.8842935816634,822.2710654459532,625.7685871633269,1644.5421308919065,1251.5371743266537,3289.084261783813,ACCEPTABLE
21.9,107.3,10000,False,5.593190486488058,461.9766449639816,13.485807806071461,138.10069395133218,362.2035641926064,345.25173487833047,905.508910481516,690.5034697566609,1811.017820963032,1381.0069395133219,3622.035641926064,ACCEPTABLE
21.9,107.4,10000,False,6.006678756419266,532.2637434364647,9.735576977546405,159.43174296692754,417.3876971151372,398.5793574173189,1043.4692427878429,797.1587148346377,2086.9384855756857,1594.3174296692755,4173.876971151371,ACCEPTABLE
21.9,107.5,10000,False,6.750434668618341,660.4945228431327,7.835799418775968,192.57983181554079,519.6293548314288,481.44957953885205,1299.073387078572,962.8991590777041,2598.146774157144,1925.7983181554082,5196.293548314288,ACCEPTABLE
21.9,107.6,10000,False,8.295292974421177,931.5274330538066,6.075916116572501,263.2763686530824,741.9012353594708,658.1909216327062,1854.7530883986772,1316.3818432654125,3709.5061767973543,2632.763686530825,7419.012353594709,POOR
21.9,107.7,10000,False,12.558407658991198,1693.4482303827401,2.4917883702385986,464.1315801378927,1335.0246545051484,1160.3289503447318,3337.561636262871,2320.6579006894635,6675.123272525742,4641.315801378927,13350.246545051485,POOR
21.9,107.8,10000,False,40.1580777405096,6723.436381412313,0.623030386601557,1758.592966530744,5420.827237424371,4396.482416326859,13552.068093560927,8792.964832653717,27104.136187121854,17585.929665307434,54208.27237424371,VERY POOR
21.9,107.9,10000,False,33.3640099568189,6768.117252142257,2.3731212870959033,1841.1281358006822,4791.489252717899,4602.820339501705,11978.723131794746,9205.64067900341,23957.446263589492,18411.28135800682,47914.892527178985,VERY POOR
21.9,108.0,10000,False,22.774708522886648,4996.653392737485,2.816402309988218,1365.4210358109244,3873.957047443007,3413.5525895273113,9684.892618607515,6827.105179054623,19369.78523721503,13654.210358109245,38739.57047443006,VERY POOR
21.9,108.1,10000,False,20.04582683821617,4241.556877644264,1.6961716900624815,1129.6503366248069,3431.6561233238226,2824.125841562017,8579.140308309557,5648.251683124034,17158.280616619115,11296.503366248067,34316.56123323823,VERY POOR
21.9,108.2,10000,False,13.764100411845822,2695.8116615863364,2.5060830185693335,731.5741353004196,2095.2568496577032,1828.9353382510485,5238.142124144259,3657.870676502097,10476.284248288517,7315.741353004194,20952.568496577034,VERY POOR
21.9,108.3,10000,False,11.199612365621903,2036.2877109265487,2.601131374037836,532.3327918451754,1464.0972603237321,1330.8319796129385,3660.24315080933,2661.663959225877,7320.48630161866,5323.327918451754,14640.97260323732,POOR
21.9,108.4,10000,False,10.308999370467376,1766.6314052631349,3.922787223405148,465.24791673065,1231.0514274804607,1163.1197918266248,3077.6285687011523,2326.2395836532496,6155.257137402305,4652.479167306499,12310.51427480461,POOR
21.9,108.5,10000,False,10.129387556335066,1662.0667909169254,3.5326774003615267,441.57745211503243,1158.1840932848577,1103.943630287581,2895.460233212144,2207.887260575162,5790.920466424288,4415.774521150324,11581.840932848576,POOR
21.9,108.6,10000,False,10.323127994805724,1643.5808916916153,3.0809859798070742,447.454965379486,1161.0559949149183,1118.637413448715,2902.639987287296,2237.27482689743,5805.279974574592,4474.54965379486,11610.559949149185,POOR
21.9,108.7,10000,False,10.757671411605406,1679.5734548716962,3.3844662580275156,457.0191655072724,1197.7610387107902,1142.547913768181,2994.402596776975,2285.095827536362,5988.80519355395,4570.191655072724,11977.6103871079,POOR
21.9,108.8,10000,False,11.377457163467978,1756.2783225033918,4.17456860736984,466.7578531893307,1245.2570072530373,1166.8946329733267,3113.142518132593,2333.7892659466534,6226.285036265186,4667.578531893307,12452.570072530372,POOR
21.9,108.9,10000,False,12.160683560569717,1867.8045124677694,6.383152737859007,502.4880183729074,1328.8912780480646,1256.2200459322685,3322.2281951201617,2512.440091864537,6644.456390240323,5024.880183729074,13288.912780480647,POOR
21.9,109.0,10000,False,13.102629056120074,2012.2856563916762,5.163118586595913,544.8319693139786,1453.7720528289562,1362.0799232849463,3634.430132072391,2724.1598465698926,7268.860264144782,5448.319693139785,14537.720528289565,POOR
22.0,104.5,10000,False,7.636576922502047,700.085779500357,12.52603043886582,200.86301033414983,558.4079784414183,502.15752583537454,1396.0199461035459,1004.3150516707491,2792.0398922070917,2008.6301033414982,5584.079784414183,ACCEPTABLE
22.0,104.6,10000,False,7.470518347187933,673.4181514809567,12.232859450757912,193.51116778039673,537.247353374553,483.7779194509918,1343.1183834363824,967.5558389019836,2686.2367668727647,1935.1116778039673,5372.4735337455295,ACCEPTABLE
22.0,104.7,10000,False,7.307951785070469,647.9873523264617,10.167616751194503,186.53358016866898,517.069572731228,466.3339504216724,1292.6739318280702,932.6679008433448,2585.3478636561404,1865.3358016866896,5170.695727312281,ACCEPTABLE
22.0,104.8,10000,False,7.14907140700698,623.7779812258586,10.002606554836158,179.9270629150965,497.8645705166548,449.81765728774127,1244.661426291637,899.6353145754825,2489.322852583274,1799.270629150965,4978.645705166548,ACCEPTABLE
22.0,104.9,10000,False,6.99409029856256,600.7754760993745,9.951049536218838,173.68895123243936,479.62322519800284,434.2223780810984,1199.0580629950073,868.4447561621968,2398.1161259900146,1736.8895123243935,4796.232251980029,ACCEPTABLE
22.0,105.0,10000,False,6.843243132420597,578.9664767933307,10.03573851451837,167.81725584200024,462.3377106340147,419.54313960500053,1155.8442765850368,839.0862792100011,2311.6885531700736,1678.1725584200021,4623.377106340147,ACCEPTABLE
22.0,105.1,10000,False,6.6967892975353305,558.3392640518016,10.274926997265952,162.31085165102309,446.0019231607644,405.7771291275577,1115.004807901911,811.5542582551154,2230.009615803822,1623.1085165102309,4460.019231607644,ACCEPTABLE
22.0,105.2,10000,False,6.555016569967075,538.8842900433914,10.679835977053644,157.024236657535,430.6120016221691,392.5605916438375,1076.5300040554225,785.121183287675,2153.060008110845,1570.24236657535,4306.12001622169,ACCEPTABLE
22.0,105.3,10000,False,6.418245430362109,520.5948210882226,11.25358866347774,151.97134868895026,416.166962229543,379.92837172237563,1040.4174055738574,759.8567434447513,2080.834811147715,1519.7134868895025,4161.66962229543,ACCEPTABLE
22.0,105.4,10000,False,6.286834160528223,503.4677201681955,11.991890827349186,146.98394315094905,402.66947726713335,367.45985787737266,1006.6736931678334,734.9197157547453,2013.347386335667,1469.8394315094906,4026.694772671334,ACCEPTABLE
22.0,105.5,10000,False,6.1611848905332725,487.504406798245,12.884967018284742,141.71798881321166,390.1268367510074,354.2949720330291,975.3170918775186,708.5899440660583,1950.6341837550372,1417.1798881321165,3901.2683675100743,ACCEPTABLE
22.0,105.6,10000,False,6.041750824792291,472.7120463919199,13.919873015679574,138.15831241345228,378.55214658476143,345.3957810336306,946.3803664619036,690.7915620672612,1892.7607329238072,1381.5831241345224,3785.5214658476143,ACCEPTABLE
22.0,105.7,10000,False,5.929044961655577,459.1050427123312,15.08247463757684,133.44686209880075,367.9658376743481,333.61715524700185,919.9145941858703,667.2343104940037,1839.8291883717407,1334.4686209880074,3679.6583767434813,ACCEPTABLE
22.0,105.8,10000,False,5.823650754530689,446.7069390715967,16.358794970546008,128.81454973722867,358.3975912248866,322.03637434307166,895.9939780622166,644.0727486861433,1791.9879561244331,1288.1454973722866,3583.9759122488663,ACCEPTABLE
22.0,105.9,10000,False,5.726235375217486,435.5528826420046,16.487951280820305,125.59798230106824,349.8888314544845,313.9949557526706,874.7220786362112,627.9899115053412,1749.4441572724224,1255.9798230106824,3498.888314544845,ACCEPTABLE
22.0,106.0,10000,False,5.637566586951275,425.6928815224266,16.582792079929526,123.79141518528812,342.38366089261683,309.47853796322033,855.9591522315422,618.9570759264407,1711.9183044630845,1237.9141518528813,3423.836608926169,ACCEPTABLE
22.0,106.1,10000,False,5.558534812881938,417.19620291546966,16.94681884329707,121.61575400231897,335.47121312734737,304.0393850057974,838.6780328183684,608.0787700115948,1677.3560656367367,1216.1575400231895,3354.7121312734735,ACCEPTABLE
22.0,106.2,10000,False,5.490182969952454,410.1574521380612,17.593176733774477,121.3186220134287,329.75857972357755,303.2965550335718,824.3964493089439,606.5931100671436,1648.7928986178879,1213.1862201342872,3297.5857972357758,ACCEPTABLE
22.0,106.3,10000,False,5.433748347181984,404.7051881931264,18.521907944741887,118.55997421263052,325.3556474752571,296.39993553157626,813.3891186881428,592.7998710631525,1626.7782373762857,1185.599742126305,3253.5564747525714,ACCEPTABLE
22.0,106.4,10000,False,5.390723833927213,401.01446727933296,19.72213995977062,118.34049078822864,322.41163254227473,295.8512269705716,806.0290813556869,591.7024539411432,1612.0581627113738,1183.4049078822864,3224.1163254227477,ACCEPTABLE
22.0,106.5,10000,False,5.362951271100613,399.3256396899008,18.8486181496336,119.10252872342195,321.13095000107717,297.75632180855484,802.8273750026929,595.5126436171097,1605.6547500053857,1191.0252872342194,3211.3095000107714,ACCEPTABLE
22.0,106.6,10000,False,5.352769780346422,399.9734053321907,17.330265970121346,120.81263008884731,321.728455571113,302.03157522211825,804.3211389277824,604.0631504442365,1608.6422778555648,1208.126300888473,3217.2845557111295,ACCEPTABLE
22.0,106.7,10000,False,5.363260930134628,403.4332573296404,15.96908328453164,121.79587517901221,323.8607622805495,304.48968794753057,809.6519057013738,608.9793758950611,1619.3038114027477,1217.9587517901223,3238.6076228054953,ACCEPTABLE
22.0,106.8,10000,False,5.398669307644312,410.39847497193784,14.90008514290305,124.66844746370595,328.6883233413255,311.67111865926495,821.7208083533138,623.3422373185299,1643.4416167066277,1246.6844746370598,3286.8832334132553,ACCEPTABLE
22.0,106.9,10000,False,5.465150092786006,421.9129771699592,14.296466285604593,128.1588553439998,337.0177648813678,320.3971383599995,842.5444122034195,640.794276719999,1685.088824406839,1281.588553439998,3370.177648813678,ACCEPTABLE
22.0,107.0,10000,False,5.5721462279036755,439.6110735771419,14.326775383664824,132.00632647886718,350.03551250542034,330.015816197168,875.088781263551,660.031632394336,1750.177562527102,1320.063264788672,3500.355125054204,ACCEPTABLE
22.0,107.1,10000,False,5.7350277107761105,466.1730664621595,15.074095020907917,138.82962393827626,372.391373646513,347.0740598456906,930.9784341162825,694.1481196913812,1861.956868232565,1388.2962393827625,3723.91373646513,ACCEPTABLE
22.0,107.2,10000,False,5.980407837977554,506.24669397518073,13.909254624116922,151.27030750408912,400.76572979616196,378.1757687602228,1001.9143244904049,756.3515375204456,2003.8286489808097,1512.7030750408912,4007.6572979616194,ACCEPTABLE
22.0,107.3,10000,False,6.357636636188879,568.4653811897579,10.289890467228465,168.52302764091428,448.9200867523084,421.3075691022857,1122.300216880771,842.6151382045714,2244.600433761542,1685.2302764091428,4489.200867523084,ACCEPTABLE
22.0,107.4,10000,False,6.966465831773381,670.376747665194,7.6531324719412295,193.5877807652602,529.4401478395832,483.96945191315046,1323.6003695989582,967.9389038263009,2647.2007391979164,1935.8778076526019,5294.401478395833,ACCEPTABLE
22.0,107.5,10000,False,8.035489842070357,852.5300772009502,7.069845302109525,247.45135954632485,679.947638554855,618.6283988658122,1699.8690963871377,1237.2567977316244,3399.7381927742754,2474.5135954632487,6799.476385548551,POOR
22.0,107.6,10000,False,10.207765900173795,1229.8280931456666,4.757311391412586,351.9958120560344,976.5257470126267,879.9895301400859,2441.314367531566,1759.9790602801718,4882.628735063132,3519.9581205603436,9765.257470126264,POOR
22.0,107.7,10000,False,16.135849366657542,2278.5608344040584,2.013126116369701,621.6054517560056,1818.905352587214,1554.0136293900132,4547.263381468035,3108.0272587800264,9094.52676293607,6216.054517560053,18189.05352587214,POOR
22.0,107.8,10000,False,59.14670974872716,10019.721214369793,0.3425782018705287,2668.378201025435,8128.890711045087,6670.945502563587,20322.22677761272,13341.891005127174,40644.45355522544,26683.78201025435,81288.90711045088,VERY POOR
22.0,107.9,10000,False,34.065397158141195,6873.351791759323,1.3254498267005534,1839.5697943835332,5036.417036576694,4598.9244859588325,12591.042591441737,9197.848971917665,25182.085182883475,18395.69794383533,50364.17036576695,VERY POOR
22.0,108.0,10000,False,19.558908290884435,4424.176803491995,2.80173117009571,1223.2737973549797,3125.2968485216334,3058.1844933874486,7813.242121304083,6116.368986774897,15626.484242608167,12232.737973549794,31252.968485216334,VERY POOR
22.0,108.1,10000,False,22.955165124648847,5313.539534327952,2.1453911649112767,1476.3749590571038,4244.727842818698,3690.9373976427587,10611.819607046747,7381.874795285517,21223.639214093495,14763.749590571035,42447.27842818699,VERY POOR
22.0,108.2,10000,False,22.382932404346157,4979.190396401775,1.417375181698525,1306.6955618634465,4010.6281374872797,3266.738904658616,10026.570343718198,6533.477809317232,20053.140687436397,13066.955618634463,40106.28137487279,VERY POOR
22.0,108.3,10000,False,16.10987831235151,3372.7166656672766,2.0764486653787753,933.0205568879458,2626.814569058964,2332.5513922198643,6567.036422647409,4665.102784439729,13134.072845294819,9330.205568879457,26268.145690589638,VERY POOR
22.0,108.4,10000,False,13.113586689515097,2588.331096985201,2.144742605077788,670.6710194908019,1856.4272905226549,1676.6775487270047,4641.068226306637,3353.3550974540094,9282.136452613275,6706.710194908019,18564.27290522655,POOR
22.0,108.5,10000,False,11.915065328324719,2238.69486327398,3.314541776963337,588.9918603577999,1571.7406587925648,1472.4796508944992,3929.351646981412,2944.9593017889983,7858.703293962824,5889.918603577997,15717.406587925649,POOR
22.0,108.6,10000,False,11.541695295431616,2087.0934407410928,3.0683888529601324,546.791607325524,1477.0719531408188,1366.9790183138095,3692.679882852047,2733.958036627619,7385.359765704094,5467.916073255238,14770.719531408187,POOR
22.0,108.7,10000,False,11.613588903440885,2041.5929229285002,2.553905534511297,556.4779742022031,1451.7308174296081,1391.194935505508,3629.327043574021,2782.389871011016,7258.654087148042,5564.779742022032,14517.308174296084,POOR
22.0,108.8,10000,False,11.971304644681037,2063.2618446577117,2.704465213614442,574.4999622462204,1500.0745227442872,1436.2499056155514,3750.1863068607177,2872.4998112311027,7500.372613721435,5744.9996224622055,15000.74522744287,POOR
22.0,108.9,10000,False,12.5434869661132,2134.2781054605384,5.335586388429111,600.5039307506918,1556.9013121965545,1501.2598268767294,3892.253280491386,3002.519653753459,7784.506560982772,6005.039307506918,15569.013121965543,POOR
22.0,109.0,10000,False,13.298757524713373,2246.4217155713445,6.074661918286801,612.2565909507449,1615.4650873715093,1530.6414773768622,4038.6627184287727,3061.2829547537244,8077.325436857545,6122.565909507449,16154.65087371509,POOR
22.1,104.5,10000,False,7.805623048013556,729.1492818951873,11.278115412903464,209.78538301305326,582.4587247671998,524.4634575326332,1456.1468119179995,1048.9269150652665,2912.293623835999,2097.853830130533,5824.587247671998,ACCEPTABLE
22.1,104.6,10000,False,7.644795888257842,702.788227784427,11.038656827576752,202.5424985934523,561.5650993461275,506.3562464836306,1403.9127483653187,1012.7124929672613,2807.8254967306375,2025.4249859345225,5615.650993461275,ACCEPTABLE
22.1,104.7,10000,False,7.487663329360124,677.671313656887,9.209743791130423,195.67731126903334,541.6636470535145,489.1932781725833,1354.1591176337863,978.3865563451666,2708.3182352675726,1956.7731126903332,5416.636470535145,ACCEPTABLE
22.1,104.8,10000,False,7.334437548516454,653.7868121079371,9.140660656324673,189.18789912149524,522.7475675900432,472.9697478037381,1306.868918975108,945.9394956074761,2613.737837950216,1891.8789912149523,5227.475675900432,ACCEPTABLE
22.1,104.9,10000,False,7.185351994947008,631.1243712237123,9.204332201267915,183.07303810950702,504.8114890914959,457.68259527376745,1262.0287227287395,915.3651905475349,2524.057445457479,1830.7303810950698,5048.114890914958,ACCEPTABLE
22.1,105.0,10000,False,7.0406644473920394,609.6754591205519,9.41940225291264,177.3323844762994,487.8518938372461,443.3309611907486,1219.6297345931152,886.6619223814972,2439.2594691862305,1773.3238447629944,4878.518938372461,ACCEPTABLE
22.1,105.1,10000,False,6.900660618481587,589.43390304156,9.7973576046927,171.812192011191,471.86763696090054,429.53048002797755,1179.6690924022514,859.0609600559551,2359.338184804503,1718.1219201119102,4718.676369609006,ACCEPTABLE
22.1,105.2,10000,False,6.765658422195014,570.3965450026209,10.341349942054478,166.57200857017716,456.86058032280937,416.4300214254429,1142.1514508070236,832.8600428508857,2284.302901614047,1665.7200857017715,4568.605803228094,ACCEPTABLE
22.1,105.3,10000,False,6.63601305385912,552.5640431301873,11.046929558775881,161.54982772570764,442.8363707416128,403.874569314269,1107.0909268540322,807.749138628538,2214.1818537080644,1615.498277257076,4428.363707416129,ACCEPTABLE
22.1,105.4,10000,False,6.512123078868997,535.9418579582015,11.904137153700693,156.01447488284208,429.80540162883034,390.0361872071053,1074.5135040720759,780.0723744142106,2149.0270081441518,1560.1447488284211,4298.0540162883035,ACCEPTABLE
22.1,105.5,10000,False,6.394437793503179,520.5414774479246,12.89995539323685,151.34404135170212,417.784011006252,378.3601033792554,1044.4600275156301,756.7202067585108,2088.9200550312603,1513.4404135170216,4177.840110062521,ACCEPTABLE
22.1,105.6,10000,False,6.28346621988647,506.3819554920048,14.020340132716107,148.0849185734519,406.79598885333644,370.2122964336297,1016.9899721333411,740.4245928672594,2033.9799442666822,1480.8491857345189,4067.9598885333644,ACCEPTABLE
22.1,105.7,10000,False,6.179788245104206,493.49186946981996,15.163069806455452,143.32802050023986,396.8744957366125,358.3200512505996,992.1862393415312,716.6401025011992,1984.3724786830624,1433.2802050023984,3968.7449573661247,ACCEPTABLE
22.1,105.8,10000,False,6.084068640709913,481.9118482573469,14.96551310756851,138.9063921776666,388.06453745748854,347.2659804441664,970.1613436437215,694.5319608883328,1940.322687287443,1389.0639217766657,3880.645374574886,ACCEPTABLE
22.1,105.9,10000,False,5.997075051453158,471.69789137086156,15.015704771322612,135.93288760665604,380.39194908282747,339.83221901664007,950.9798727070687,679.6644380332801,1901.9597454141374,1359.3288760665603,3803.919490828275,ACCEPTABLE
22.1,106.0,10000,False,5.919701601747055,462.92580644696625,15.342497924326818,134.44560210970087,373.2980676012166,336.11400527425224,933.2451690030415,672.2280105485045,1866.490338006083,1344.456021097009,3732.980676012166,ACCEPTABLE
22.1,106.1,10000,False,5.853000673034818,455.69725918633696,15.959683059894042,132.89654122280234,367.47825008614956,332.24135305700577,918.695625215374,664.4827061140115,1837.391250430748,1328.965412228023,3674.782500861496,ACCEPTABLE
22.1,106.2,10000,False,5.798226893923379,450.14819692219197,16.86500862702604,132.12079809498087,363.04924945180795,330.30199523745216,907.62312362952,660.6039904749043,1815.24624725904,1321.2079809498086,3630.49249451808,ACCEPTABLE
22.1,106.3,10000,False,5.75689987989327,446.460843860285,18.04293339499026,130.31782664605444,360.16727954843765,325.7945666151361,900.4181988710941,651.5891332302722,1800.8363977421882,1303.1782664605444,3601.6727954843764,ACCEPTABLE
22.1,106.4,10000,False,5.730896520332918,444.8811985098884,17.44709163391698,130.2947246818341,359.0429655339949,325.7368117045853,897.6074138349873,651.4736234091706,1795.2148276699745,1302.9472468183412,3590.429655339949,ACCEPTABLE
22.1,106.5,10000,False,5.722591034799024,445.74522513323365,15.96317984273684,131.9625609804349,359.87792432208516,329.9064024510872,899.6948108052129,659.8128049021744,1799.3896216104258,1319.6256098043489,3598.7792432208516,ACCEPTABLE
22.1,106.6,10000,False,5.735074243110947,449.5191679307675,14.633910824119578,134.52543738526742,362.4303278112075,336.31359346316856,906.0758195280187,672.6271869263371,1812.1516390560373,1345.2543738526742,3624.3032781120746,ACCEPTABLE
22.1,106.7,10000,False,5.77250764259028,456.8635165859205,13.583759733798301,138.09105336460806,367.7858155205801,345.22763341152006,919.4645388014504,690.4552668230401,1838.9290776029009,1380.9105336460802,3677.8581552058017,ACCEPTABLE
22.1,106.8,10000,False,5.840713342926111,468.7379542850874,12.969175116019752,140.8878417049849,376.70051368402926,352.2196042624622,941.7512842100731,704.4392085249244,1883.5025684201462,1408.8784170498488,3767.0051368402924,ACCEPTABLE
22.1,106.9,10000,False,5.948189836425362,486.5801372059314,12.939139990101255,144.77213797570798,390.31501799270916,361.9303449392699,975.787544981773,723.8606898785398,1951.575089963546,1447.7213797570796,3903.150179927092,ACCEPTABLE
22.1,107.0,10000,False,6.107926681821164,512.6237031519499,13.564729096685566,154.1224742272447,410.41252968058313,385.3061855681118,1026.0313242014577,770.6123711362236,2052.0626484029153,1541.2247422724472,4104.125296805831,ACCEPTABLE
22.1,107.1,10000,False,6.340795107748218,550.4938349233918,14.390284125027353,163.2664999261056,439.89973830167304,408.16624981526394,1099.7493457541827,816.3324996305279,2199.4986915083655,1632.6649992610558,4398.997383016731,ACCEPTABLE
22.1,107.2,10000,False,6.6822677409364095,606.3963417856612,10.991467595611974,178.97052297735843,483.7565366004613,447.4263074433961,1209.3913415011532,894.8526148867923,2418.7826830023064,1789.7052297735845,4837.565366004613,ACCEPTABLE
22.1,107.3,10000,False,7.196869875091672,691.6978315881811,8.077187707885873,200.71951012431336,550.534347303876,501.7987753107833,1376.3358682596902,1003.5975506215666,2752.6717365193804,2007.1951012431332,5505.343473038761,ACCEPTABLE
22.1,107.4,10000,False,8.013066152169921,829.1953842647897,6.423224062092574,237.14518941435085,656.0280413459784,592.8629735358772,1640.070103364946,1185.7259470717545,3280.140206729892,2371.451894143509,6560.280413459784,POOR
22.1,107.5,10000,False,9.422597800614916,1071.0146986892187,6.684541552840919,304.0242496528255,843.7340447576511,760.0606241320638,2109.3351118941273,1520.1212482641276,4218.670223788255,3040.2424965282553,8437.34044757651,POOR
22.1,107.6,10000,False,12.242687551319115,1563.918023019543,4.479501197940012,434.9933102904006,1232.525882740451,1087.4832757260015,3081.314706851127,2174.966551452003,6162.629413702254,4349.933102904006,12325.258827404508,POOR
22.1,107.7,10000,False,19.852055645470553,2917.063518264617,1.6494218106878908,810.1576232121531,2341.524269734191,2025.3940580303824,5853.8106743354765,4050.788116060765,11707.621348670953,8101.57623212153,23415.242697341906,VERY POOR
22.1,107.8,10000,False,77.92343917353966,13400.764312890156,0.16823437313276424,3580.6739165483323,10708.621347835118,8951.684791370832,26771.553369587797,17903.369582741663,53543.10673917559,35806.739165483326,107086.21347835119,VERY POOR
22.1,107.9,10000,False,38.003607214444166,7646.570336764722,0.91602829708958,1972.0053611203318,5749.258095366838,4930.013402800829,14373.145238417093,9860.026805601658,28746.290476834187,19720.053611203315,57492.580953668374,VERY POOR
22.1,108.0,10000,False,19.169473949887262,4370.334024474939,2.383047972020829,1180.618530471347,3173.242879836141,2951.546326178368,7933.107199590353,5903.092652356736,15866.214399180706,11806.185304713472,31732.428798361412,VERY POOR
22.1,108.1,10000,False,18.914856376200014,4591.5305187400345,2.491011560458795,1266.9145857247254,3176.978396182323,3167.286464311813,7942.445990455806,6334.572928623626,15884.891980911612,12669.145857247251,31769.783961823225,VERY POOR
22.1,108.2,10000,False,25.476014290507937,6187.119675103123,1.5974658615631996,1637.707218613664,4943.5463361125585,4094.268046534161,12358.865840281396,8188.536093068322,24717.731680562792,16377.072186136644,49435.463361125585,VERY POOR
22.1,108.3,10000,False,24.73891874672102,5794.201906074765,1.5379596781172669,1574.7845335912266,4602.200479704396,3936.9613339780662,11505.501199260989,7873.9226679561325,23011.002398521978,15747.845335912265,46022.004797043955,VERY POOR
22.1,108.4,10000,False,18.303905838305948,4083.0396887729444,1.7518640949494957,1101.3235468011758,3173.7761970051242,2753.308867002939,7934.440492512809,5506.617734005878,15868.880985025618,11013.235468011757,31737.761970051237,VERY POOR
22.1,108.5,10000,False,14.97129446448223,3183.3958559779417,1.8675644654925807,826.6946283436421,2280.5467379334914,2066.736570859105,5701.3668448337285,4133.47314171821,11402.733689667457,8266.94628343642,22805.467379334914,VERY POOR
22.1,108.6,10000,False,13.51029761567182,2755.721298617187,2.8277176745644037,722.4354946204617,1945.1048829901806,1806.0887365511542,4862.762207475451,3612.1774731023083,9725.524414950902,7224.354946204617,19451.048829901803,POOR
22.1,108.7,10000,False,12.961718535158687,2556.085974588697,2.698339070657419,683.5455071908394,1828.1892394199635,1708.8637679770989,4570.473098549908,3417.7275359541977,9140.946197099816,6835.455071908395,18281.892394199633,POOR
22.1,108.8,10000,False,12.919130639159786,2481.997471448678,2.17138694216698,682.2743140411021,1780.233975400831,1705.6857851027553,4450.584938502077,3411.3715702055106,8901.169877004155,6822.743140411021,17802.33975400831,POOR
22.1,108.9,10000,False,13.202555920366484,2487.8791168987127,3.3844662580275156,694.9623903816114,1809.5941513486152,1737.405975954028,4523.985378371538,3474.811951908056,9047.970756743076,6949.623903816112,18095.941513486152,POOR
22.1,109.0,10000,False,13.727455109978031,2552.0107319701165,4.17456860736984,714.0458065636486,1887.541850594116,1785.1145164091217,4718.854626485291,3570.2290328182435,9437.709252970582,7140.458065636487,18875.418505941165,POOR
22.2,104.5,10000,False,7.98556964628298,760.5269228961392,10.167616751194503,219.36176072355173,608.423297938652,548.4044018088794,1521.0582448466303,1096.8088036177587,3042.1164896932605,2193.6176072355174,6084.232979386521,POOR
22.2,104.6,10000,False,7.830203010380338,734.5106186926317,10.002606554836158,212.2389286100347,587.8307094631807,530.5973215250867,1469.5767736579517,1061.1946430501735,2939.1535473159033,2122.389286100347,5878.307094631807,ACCEPTABLE
22.2,104.7,10000,False,7.678751928783262,709.7513859263317,8.419172040646423,205.4988342111037,568.2443008337456,513.7470855277593,1420.610752084364,1027.4941710555186,2841.221504168728,2054.988342111037,5682.443008337456,ACCEPTABLE
22.2,104.8,10000,False,7.531448624697178,686.2416850560759,8.465720648783483,199.1409505785459,549.6609708226113,497.85237644636476,1374.1524270565283,995.7047528927295,2748.3048541130565,1991.409505785459,5496.609708226113,ACCEPTABLE
22.2,104.9,10000,False,7.388549290103791,663.975961875831,8.660158950686347,193.16564400304642,532.0795909900007,482.91411000761605,1330.1989774750018,965.8282200152321,2660.3979549500036,1931.6564400304642,5320.795909900007,ACCEPTABLE
22.2,105.0,10000,False,7.250337614501272,642.9511906282172,9.013984329978882,187.4620478833867,515.5015201167358,468.6551197084667,1288.7538002918395,937.3102394169334,2577.507600583679,1874.6204788338669,5155.015201167358,ACCEPTABLE
22.2,105.1,10000,False,7.117128976498771,623.1675350495548,9.530157714484353,182.03507929534481,499.93123222698546,455.087698238362,1249.8280805674638,910.175396476724,2499.6561611349275,1820.350792953448,4999.312322269855,ACCEPTABLE
22.2,105.2,10000,False,6.989275453531922,604.6291567820869,10.203915968058356,176.89669434776567,485.37708676594434,442.2417358694141,1213.442716914861,884.4834717388281,2426.885433829722,1768.9669434776563,4853.770867659444,ACCEPTABLE
22.2,105.3,10000,False,6.867171853651638,587.3452103873547,11.02502495476533,171.717319910056,471.85227880307906,429.29329977514,1179.6306970076976,858.58659955028,2359.261394015395,1717.17319910056,4718.52278803079,ACCEPTABLE
22.2,105.4,10000,False,6.751263042137497,571.3310780004384,11.980357237679907,166.0583348745721,459.3760201434752,415.1458371864302,1148.440050358688,830.2916743728604,2296.880100717376,1660.5833487457207,4593.760201434752,ACCEPTABLE
22.2,105.5,10000,False,6.6420529345664665,556.6099163334219,13.055956915018237,161.79304603040288,447.9750206376538,404.4826150760072,1119.9375515941347,808.9652301520144,2239.8751031882693,1617.9304603040289,4479.750206376539,ACCEPTABLE
22.2,105.6,10000,False,6.5401156724484375,543.2146170895286,13.897709292655891,158.87719341119072,437.6853653527255,397.1929835279768,1094.2134133818138,794.3859670559536,2188.4268267636276,1588.7719341119073,4376.853653527255,ACCEPTABLE
22.2,105.7,10000,False,6.4461097121087585,531.1903232481066,13.652877912757877,154.38757534010375,428.55492157868736,385.9689383502593,1071.3873039467182,771.9378767005186,2142.7746078934365,1543.8757534010372,4285.549215786873,ACCEPTABLE
22.2,105.8,10000,False,6.36079588127537,520.5977049763903,13.65504616976636,150.27428581187968,420.6464661506543,375.6857145296992,1051.6161653766358,751.3714290593985,2103.2323307532715,1502.742858118797,4206.464661506543,ACCEPTABLE
22.2,105.9,10000,False,6.285060954209949,511.5172910743179,13.93595919459277,147.60206803229943,413.42821381929264,369.0051700807485,1033.5705345482315,738.010340161497,2067.141069096463,1476.020680322994,4134.282138192926,ACCEPTABLE
22.2,106.0,10000,False,6.2199490694042,504.0552927184638,14.510404838128103,146.04088709028193,407.45885987257725,365.1022177257048,1018.6471496814431,730.2044354514096,2037.2942993628862,1460.4088709028192,4074.5885987257725,ACCEPTABLE
22.2,106.1,10000,False,6.166704537833881,498.351575526804,15.374692083037443,144.9550673394432,402.9481783741595,362.387668348608,1007.3704459353987,724.775336697216,2014.7408918707974,1449.550673394432,4029.481783741595,ACCEPTABLE
22.2,106.2,10000,False,6.126831560007726,494.59078405488947,16.50993186306745,143.73343911115342,400.05483613913555,359.3335977778836,1000.1370903478389,718.6671955557672,2000.2741806956778,1437.3343911115344,4000.5483613913557,ACCEPTABLE
22.2,106.3,10000,False,6.102179598019911,493.0181875000447,16.343217323878328,143.81063230586966,398.98941960958643,359.5265807646742,997.4735490239663,719.0531615293484,1994.9470980479325,1438.1063230586967,3989.894196095865,ACCEPTABLE
22.2,106.4,10000,False,6.0950685392031785,493.96275330896486,14.886440905054622,144.85317273958026,399.91059914979763,362.13293184895053,999.7764978744941,724.2658636979011,1999.5529957489882,1448.5317273958021,3999.1059914979764,ACCEPTABLE
22.2,106.5,10000,False,6.10847698252263,497.87155461227337,13.570435920488142,147.0394507587069,402.69075900556356,367.5986268967672,1006.7268975139091,735.1972537935344,2013.4537950278182,1470.3945075870688,4026.9075900556363,ACCEPTABLE
22.2,106.6,10000,False,6.146333050590513,505.36242547465423,12.508329107557923,148.88068315314692,408.31832306931165,372.2017078828673,1020.7958076732789,744.4034157657346,2041.5916153465578,1488.8068315314692,4083.1832306931155,ACCEPTABLE
22.2,106.7,10000,False,6.21397605668466,517.3068764904315,11.843400918787545,152.38534885701029,417.4873184158189,380.96337214252577,1043.7182960395473,761.9267442850515,2087.4365920790947,1523.853488570103,4174.873184158189,ACCEPTABLE
22.2,106.8,10000,False,6.318911336523924,534.9649082359786,11.715295011208164,158.64533715071332,431.20513642342706,396.61334287678346,1078.0128410585676,793.2266857535669,2156.025682117135,1586.4533715071339,4312.05136423427,ACCEPTABLE
22.2,106.9,10000,False,6.472086007387398,560.2123901983489,12.196300518478647,165.8560774867591,450.9764964385151,414.6401937168978,1127.4412410962877,829.2803874337956,2254.8824821925755,1658.5607748675911,4509.764964385151,ACCEPTABLE
22.2,107.0,10000,False,6.69013179100243,595.9414641337399,13.245050691512054,175.93070232617112,479.12571154829135,439.8267558154277,1197.8142788707285,879.6535116308554,2395.628557741457,1759.3070232617108,4791.257115482914,ACCEPTABLE
22.2,107.1,10000,False,6.999507667362224,646.8035508500153,11.734929495048597,189.44209893328912,519.3893992668903,473.6052473332228,1298.4734981672257,947.2104946664456,2596.9469963344513,1894.4209893328912,5193.893992668903,ACCEPTABLE
22.2,107.2,10000,False,7.444662061478637,720.6819027808839,8.807601800766982,207.79568509324886,576.8679227082978,519.489212733122,1442.1698067707448,1038.978425466244,2884.3396135414896,2077.956850932488,5768.679227082979,ACCEPTABLE
22.2,107.3,10000,False,8.105565945179142,831.8706904851654,6.5498349236630595,242.40002655828584,660.5656159017042,606.0000663957144,1651.4140397542603,1212.0001327914288,3302.8280795085207,2424.0002655828575,6605.656159017041,POOR
22.2,107.4,10000,False,9.14006034761944,1008.7755820063485,5.6978151482571775,289.9774445707685,792.1700080406965,724.9436114269213,1980.4250201017412,1449.8872228538426,3960.8500402034824,2899.774445707685,7921.700080406965,POOR
22.2,107.5,10000,False,10.904304645094012,1315.8428172143958,6.4426220739943565,367.03767606215496,1030.808628801607,917.5941901553872,2577.021572004018,1835.1883803107744,5154.043144008036,3670.376760621549,10308.086288016071,POOR
22.2,107.6,10000,False,14.390649442502115,1933.3678785158854,5.957249186253971,539.9719494330004,1525.6334442439745,1349.9298735825007,3814.083610609936,2699.8597471650014,7628.167221219872,5399.719494330003,15256.334442439744,POOR
22.2,107.7,10000,False,23.687000467294588,3606.540014695337,2.696788918525578,1015.7369550342172,2882.777991643379,2539.3423875855433,7206.944979108449,5078.684775171087,14413.889958216898,10157.369550342173,28827.779916433796,VERY POOR
22.2,107.8,10000,False,95.21429205845365,16653.262207032458,0.3245598181573887,4562.099030468664,13335.584093427653,11405.247576171661,33338.960233569145,22810.495152343323,66677.92046713829,45620.990304686646,133355.84093427658,VERY POOR
22.2,107.9,10000,False,43.86477500784625,8835.61389581555,0.623030386601557,2285.7429006814477,6785.422668957722,5714.357251703619,16963.556672394305,11428.714503407238,33927.11334478861,22857.429006814476,67854.22668957722,VERY POOR
22.2,108.0,10000,False,20.459188521008326,4666.255547735912,1.2914314845762325,1249.8391225909054,3486.739397235333,3124.597806477264,8716.848493088331,6249.195612954528,17433.696986176663,12498.391225909056,34867.393972353326,VERY POOR
22.2,108.1,10000,False,17.289973463042884,4290.650978455563,2.581287963978816,1177.2109273113429,3052.166284674417,2943.027318278357,7630.415711686042,5886.054636556714,15260.831423372085,11772.109273113429,30521.66284674417,VERY POOR
22.2,108.2,10000,False,20.73369181340627,5320.526627787174,2.3183079017058694,1371.80582465159,3653.9233201721563,3429.5145616289756,9134.80830043039,6859.029123257951,18269.61660086078,13718.058246515902,36539.23320172156,VERY POOR
22.2,108.3,10000,False,28.760484833253294,7320.2520295225995,2.454145566897192,1918.1840196938367,5696.901521796527,4795.460049234592,14242.253804491316,9590.920098469183,28484.507608982633,19181.840196938367,56969.015217965265,VERY POOR
22.2,108.4,10000,False,27.043564509085968,6669.72692578618,2.1397127166863337,1833.0728273840255,5248.848184487664,4582.6820684600625,13122.12046121916,9165.364136920125,26244.24092243832,18330.72827384025,52488.48184487664,VERY POOR
22.2,108.5,10000,False,20.39019048654942,4831.887977663654,1.344045766730221,1318.823593244405,3708.7057237236127,3297.058983111013,9271.76430930903,6594.117966222026,18543.52861861806,13188.235932444051,37087.05723723612,VERY POOR
22.2,108.6,10000,False,16.786735665302338,3822.874923164394,1.7198431171145667,990.2630639909321,2740.253188324573,2475.65765997733,6850.632970811432,4951.31531995466,13701.265941622863,9902.63063990932,27402.531883245727,VERY POOR
22.2,108.7,10000,False,15.099502657602745,3318.530415468513,2.9159818693547743,858.2001195212108,2345.391285007505,2145.500298803027,5863.478212518761,4291.000597606054,11726.956425037522,8582.001195212108,23453.912850075045,VERY POOR
22.2,108.8,10000,False,14.39191261931997,3069.9158329059196,2.3922855333630464,836.4025299232153,2219.7378274620733,2091.0063248080382,5549.344568655184,4182.0126496160765,11098.689137310368,8364.025299232153,22197.378274620736,VERY POOR
22.2,108.9,10000,False,14.241616477788744,2965.7423540894074,2.553905534511297,771.5634754416151,2151.6239988221723,1928.9086886040375,5379.059997055431,3857.817377208075,10758.119994110863,7715.63475441615,21516.239988221725,VERY POOR
22.2,109.0,10000,False,14.453118710369544,2954.400169345198,2.704465213614442,841.2360133273637,2147.2681489963516,2103.0900333184095,5368.17037249088,4206.180066636819,10736.34074498176,8412.360133273638,21472.68148996352,VERY POOR
22.3,104.5,10000,False,8.176374435092805,794.3103736822181,9.209743791130423,229.6153466787848,636.3777664213519,574.0383666969619,1590.9444160533799,1148.0767333939239,3181.8888321067598,2296.1534667878477,6363.7776642135195,POOR
22.3,104.6,10000,False,8.026703509606925,768.6831776248329,9.140660656324673,222.6251849177975,616.1252113607371,556.5629622944937,1540.3130284018425,1113.1259245889873,3080.626056803685,2226.2518491779747,6161.25211360737,POOR
22.3,104.7,10000,False,7.8811880444523865,744.331903451146,7.807509879308839,216.02445242537107,596.8977647089084,540.0611310634276,1492.2444117722714,1080.1222621268553,2984.488823544543,2160.2445242537106,5968.977647089086,ACCEPTABLE
22.3,104.8,10000,False,7.7400824645868465,721.2537552391592,7.9839732565643455,209.81415707866535,578.696490678559,524.5353926966633,1446.7412266963975,1049.0707853933266,2893.482453392795,2098.141570786653,5786.96490678559,ACCEPTABLE
22.3,104.9,10000,False,7.603668223061642,699.4486129760444,8.315812146375045,203.97798770641882,561.5250373165732,509.944969266047,1403.8125932914331,1019.889938532094,2807.6251865828663,2039.779877064188,5615.2503731657325,ACCEPTABLE
22.3,105.0,10000,False,7.472257888336474,678.9196924006085,8.805659119689661,198.3646582099198,545.3902544867917,495.9116455247994,1363.4756362169792,991.8232910495988,2726.9512724339584,1983.6465820991975,5453.902544867917,ACCEPTABLE
22.3,105.1,10000,False,7.346200034462002,659.6743507313388,9.448360616334819,193.12497354108547,530.3029498223107,482.81243385271375,1325.7573745557766,965.6248677054275,2651.514749111553,1931.249735410855,5303.029498223106,ACCEPTABLE
22.3,105.2,10000,False,7.225885134932471,641.7250763349823,10.23338760819869,188.00406273487005,516.2788186301478,470.01015683717503,1290.6970465753695,940.0203136743501,2581.394093150739,1880.0406273487001,5162.788186301478,ACCEPTABLE
22.3,105.3,10000,False,7.111752726722753,625.090713169696,11.147520930277894,182.6335381062188,503.33959561100653,456.583845265547,1258.3489890275166,913.167690531094,2516.697978055033,1826.335381062188,5033.395956110066,ACCEPTABLE
22.3,105.4,10000,False,7.004300203725122,609.7979887641307,12.176930242209611,177.1857641751514,491.51449284653296,442.9644104378784,1228.7862321163325,885.9288208757569,2457.572464232665,1771.8576417515137,4915.14492846533,ACCEPTABLE
22.3,105.5,10000,False,6.904093731411776,595.8834399201598,13.308390645661367,173.10647430885425,480.8420119445627,432.7661857721356,1202.1050298614068,865.5323715442712,2404.2100597228136,1731.0647430885424,4808.420119445627,ACCEPTABLE
22.3,105.6,10000,False,6.811781966914451,583.3958668139792,14.529785319876042,170.5530505273954,471.3722517652158,426.3826263184886,1178.4306294130395,852.7652526369772,2356.861258826079,1705.5305052739543,4713.722517652158,ACCEPTABLE
22.3,105.7,10000,False,6.728113551659067,572.3994991955602,15.830153939305005,166.7130495679838,463.16988178288807,416.7826239199594,1157.92470445722,833.5652478399188,2315.84940891444,1667.1304956798376,4631.69881782888,ACCEPTABLE
22.3,105.8,10000,False,6.653959765745045,562.9781365093552,16.582792079929526,162.9822294308767,455.8722201772498,407.4555735771918,1139.6805504431245,814.9111471543836,2279.361100886249,1629.8222943087671,4558.722201772498,ACCEPTABLE
22.3,105.9,10000,False,6.590344371845784,555.240640585149,16.94681884329707,160.76553173620226,449.7134286371334,401.9138293405057,1124.2835715928334,803.8276586810114,2248.5671431856667,1607.6553173620227,4497.1342863713335,ACCEPTABLE
22.3,106.0,10000,False,6.538483656954816,549.3283371034142,17.593176733774477,159.58757544527379,445.0702221832999,398.96893861318443,1112.6755554582498,797.9378772263689,2225.3511109164997,1595.8757544527377,4450.702221832999,ACCEPTABLE
22.3,106.1,10000,False,6.4998412093610085,545.4251566977658,18.521907944741887,158.3796157491169,442.1007513585985,395.9490393727922,1105.2518783964963,791.8980787455844,2210.5037567929926,1583.7961574911687,4421.007513585985,ACCEPTABLE
22.3,106.2,10000,False,6.476204392334945,543.7717796999418,19.72213995977062,158.2455477457802,441.01181945109033,395.61386936445047,1102.529548627726,791.2277387289009,2205.059097255452,1582.4554774578019,4410.118194510904,ACCEPTABLE
22.3,106.3,10000,False,6.469793389038247,544.685746256016,20.432595136905206,157.97237719585445,441.8971736140635,394.93094298963615,1104.742934035159,789.8618859792723,2209.485868070318,1579.7237719585446,4418.971736140636,ACCEPTABLE
22.3,106.4,10000,False,6.483420138659179,548.590644209196,18.8486181496336,158.84080168334944,444.75890258518984,397.1020042083736,1111.8972564629746,794.2040084167472,2223.794512925949,1588.4080168334945,4447.589025851898,ACCEPTABLE
22.3,106.5,10000,False,6.520725350564077,556.0594354841521,17.330265970121346,162.1285763700949,450.47574478757144,405.3214409252372,1126.1893619689286,810.6428818504744,2252.378723937857,1621.2857637009488,4504.757447875714,ACCEPTABLE
22.3,106.6,10000,False,6.58654061423439,567.8803809767217,15.96908328453164,166.10530636138665,459.6792472607954,415.2632659034666,1149.1981181519886,830.5265318069332,2298.3962363039773,1661.0530636138665,4596.792472607955,ACCEPTABLE
22.3,106.7,10000,False,6.687456354070095,585.160163018175,14.90008514290305,171.27570903005193,473.25805024701026,428.18927257512985,1183.1451256175255,856.3785451502597,2366.290251235051,1712.7570903005194,4732.580502470102,ACCEPTABLE
22.3,106.8,10000,False,6.832739297708753,609.490348856347,14.296466285604593,179.83863607616334,492.49216918331945,449.5965901904084,1231.2304229582987,899.1931803808168,2462.4608459165975,1798.3863607616336,4924.921691833195,ACCEPTABLE
22.3,106.9,10000,False,7.0358664664161745,643.226113618458,14.326775383664824,191.6920451449359,519.2767049306509,479.23011286233975,1298.1917623266274,958.4602257246795,2596.383524653255,1916.920451449359,5192.76704930651,ACCEPTABLE
22.3,107.0,10000,False,7.317199535081962,689.9737312920914,15.074095020907917,203.64998852963305,556.5101643026903,509.12497132408265,1391.2754107567257,1018.2499426481653,2782.5508215134514,2036.4998852963306,5565.101643026903,ACCEPTABLE
22.3,107.1,10000,False,7.7088985541650565,755.4899501433863,16.473550994234742,218.69466031105293,607.6545340025692,546.7366507776323,1519.136335006423,1093.4733015552647,3038.272670012846,2186.9466031105294,6076.545340025692,POOR
22.3,107.2,10000,False,8.264579060832089,849.4563889759352,13.909254624116922,246.57860611137525,678.9519333062719,616.4465152784381,1697.3798332656797,1232.8930305568763,3394.7596665313595,2465.7860611137526,6789.519333062719,POOR
22.3,107.3,10000,False,9.080032492357526,989.297104461209,10.289890467228465,284.67567037573446,784.1067179309091,711.6891759393363,1960.2667948272726,1423.3783518786727,3920.5335896545453,2846.7567037573453,7841.0671793090905,POOR
22.3,107.4,10000,False,10.343186833213117,1209.3975600037124,7.6531324719412295,341.8239239626555,947.2960905981058,854.5598099066389,2368.2402264952643,1709.1196198132777,4736.480452990529,3418.2392396265554,9472.960905981057,POOR
22.3,107.5,10000,False,12.475724984128892,1587.2641321651324,7.069845302109525,440.4931005534423,1246.5632779092052,1101.2327513836055,3116.408194773013,2202.465502767211,6232.816389546026,4404.931005534422,12465.632779092051,POOR
22.3,107.6,10000,False,16.64545762286114,2338.2910609896153,8.329185952748295,657.8222008347354,1865.628348697985,1644.5555020868383,4664.0708717449625,3289.1110041736765,9328.141743489925,6578.222008347353,18656.28348697985,POOR
22.3,107.7,10000,False,27.628642518840614,4345.949671046832,6.730400523626078,1209.4071926843856,3504.8121303948064,3023.517981710964,8762.030325987018,6047.035963421928,17524.060651974036,12094.071926843855,35048.12130394807,VERY POOR
22.3,107.8,10000,False,110.58554366019591,19692.20529628862,2.4917883702385986,5432.167126499526,15771.549061574015,13580.417816248813,39428.87265393504,27160.835632497627,78857.74530787008,54321.67126499525,157715.49061574016,VERY POOR
22.3,107.9,10000,False,51.21454676467825,10362.860572771253,0.3425782018705287,2687.545368391679,8014.963340243912,6718.863420979197,20037.40835060978,13437.726841958394,40074.81670121956,26875.45368391679,80149.63340243913,VERY POOR
22.3,108.0,10000,False,22.67838922155806,5168.665984379356,1.588643155740813,1364.0190009477117,3917.042329510703,3410.047502369279,9792.60582377676,6820.095004738558,19585.21164755352,13640.190009477115,39170.42329510704,VERY POOR
22.3,108.1,10000,False,17.34169575798475,4341.984504829353,2.6701662238869863,1147.6848210412788,3141.2825011519426,2869.2120526031977,7853.206252879856,5738.424105206395,15706.412505759712,11476.84821041279,31412.825011519424,VERY POOR
22.3,108.2,10000,False,17.963222538065985,4758.133323207825,2.816402309988218,1317.9117545270924,3392.9869664354774,3294.7793863177308,8482.467416088693,6589.5587726354615,16964.934832177387,13179.117545270923,33929.869664354774,VERY POOR
22.3,108.3,10000,False,23.632696378340103,6371.418925260495,1.6961716900624815,1716.0370805332313,4529.7798183610175,4290.092701333079,11324.449545902544,8580.185402666159,22648.899091805088,17160.370805332317,45297.798183610175,VERY POOR
22.3,108.4,10000,False,32.27342605476465,8605.55990493137,2.5060830185693335,2338.2586073620573,6697.703562177648,5845.646518405144,16744.25890544412,11691.293036810288,33488.51781088824,23382.586073620576,66977.03562177648,VERY POOR
22.3,108.5,10000,False,29.267405098681238,7595.804159825565,2.2973698816738195,2061.6401618119003,5947.89959592923,5154.10040452975,14869.748989823074,10308.2008090595,29739.49797964615,20616.401618119,59478.9959592923,VERY POOR
22.3,108.6,10000,False,22.400709786661395,5623.390417362379,2.144742605077788,1549.8894885461864,4262.380612171185,3874.7237213654653,10655.95153042796,7749.447442730931,21311.90306085592,15498.894885461861,42623.80612171184,VERY POOR
22.3,108.7,10000,False,18.57400142786387,4508.850525802963,3.42932141275639,1166.6508563152265,3231.5071205705763,2916.627140788066,8078.767801426438,5833.254281576132,16157.535602852877,11666.508563152263,32315.071205705754,VERY POOR
22.3,108.8,10000,False,16.688984280463494,3928.585263530695,2.845833823931488,1010.4918130140061,2779.6074031038215,2526.229532535015,6949.018507759554,5052.45906507003,13898.037015519109,10104.91813014006,27796.074031038217,VERY POOR
22.3,108.9,10000,False,15.835912873398092,3629.9450557136165,2.698339070657419,997.9876211694366,2646.2667501926735,2494.9690529235913,6615.666875481684,4989.938105847183,13231.333750963367,9979.876211694365,26462.667501926735,VERY POOR
22.3,109.0,10000,False,15.58377464710077,3494.1757805579596,2.17138694216698,928.8330375475746,2557.363911143572,2322.0825938689363,6393.409777858929,4644.165187737873,12786.819555717859,9288.330375475745,25573.639111435717,VERY POOR
22.4,104.5,10000,False,8.378003146076852,830.5952500106179,8.419172040646423,240.57020644150816,666.4013906077279,601.4255161037704,1666.0034765193195,1202.8510322075408,3332.006953038639,2405.7020644150816,6664.013906077278,POOR
22.4,104.6,10000,False,8.234268956236445,805.4076182442233,8.465720648783483,233.7268171162574,646.5327711896914,584.3170427906434,1616.3319279742286,1168.6340855812869,3232.6638559484572,2337.2681711625737,6465.3277118969145,POOR
22.4,104.7,10000,False,8.094949618873263,781.5209797717673,8.660158950686347,227.28125298566573,627.7133586136173,568.2031324641642,1569.2833965340435,1136.4062649283285,3138.566793068087,2272.812529856657,6277.133586136174,POOR
22.4,104.8,10000,False,7.9603240064010565,758.9378773783179,9.013984329978882,221.23620382575382,609.9488808460169,553.0905095643845,1524.8722021150422,1106.181019128769,3049.7444042300845,2212.362038257538,6099.488808460169,POOR
22.4,104.9,10000,False,7.830701453861677,737.6643075060456,9.530157714484353,215.5646593664041,593.2483328960493,538.9116484160102,1483.1208322401235,1077.8232968320203,2966.241664480247,2155.6465936640407,5932.483328960494,ACCEPTABLE
22.4,105.0,10000,False,7.706426490128769,717.7105155714617,10.203915968058356,210.14912477685755,577.62471379655,525.3728119421438,1444.061784491375,1050.7456238842876,2888.12356898275,2101.4912477685752,5776.2471379655,ACCEPTABLE
22.4,105.1,10000,False,7.5878845334725185,699.0919696132678,11.02502495476533,204.96889514599258,563.0959297059046,512.4222378649815,1407.7398242647616,1024.844475729963,2815.4796485295233,2049.688951459926,5630.959297059047,ACCEPTABLE
22.4,105.2,10000,False,7.475508802947003,681.8305600493579,11.980357237679907,200.06689959391406,549.6859074998824,500.16724898478515,1374.2147687497059,1000.3344979695703,2748.4295374994117,2000.6689959391406,5496.859074998823,ACCEPTABLE
22.4,105.3,10000,False,7.369788780783935,665.9560893786263,13.055956915018237,194.6567660444902,537.4259779534325,486.6419151112255,1343.5649448835811,973.283830222451,2687.1298897671622,1946.567660444902,5374.2597795343245,ACCEPTABLE
22.4,105.4,10000,False,7.2712806785927455,651.5081380990596,14.238309942162259,189.46915382057074,526.3566081447398,473.6728845514269,1315.8915203618494,947.3457691028538,2631.783040723699,1894.6915382057075,5263.566081447398,ACCEPTABLE
22.4,105.5,10000,False,7.180620527436947,638.5384248030805,15.163069806455452,185.32644430890196,516.5295916633524,463.3161107722549,1291.3239791583815,926.6322215445098,2582.647958316763,1853.2644430890196,5165.295916633526,ACCEPTABLE
22.4,105.6,10000,False,7.0985407527048565,627.1138236917081,14.96551310756851,183.10662076182115,508.010846527106,457.7665519045529,1270.0271163177651,915.5331038091058,2540.0542326355303,1831.0662076182116,5080.108465271061,ACCEPTABLE
22.4,105.7,10000,False,7.025891445897275,617.3202682633262,15.015704771322612,180.393946794653,500.6436526341492,450.9848669866326,1251.609131585373,901.9697339732652,2503.218263170746,1803.9394679465304,5006.436526341492,ACCEPTABLE
22.4,105.8,10000,False,6.963668064274989,609.267866009397,15.342497924326818,177.12703663415667,494.25863653559503,442.8175915853916,1235.6465913389877,885.6351831707832,2471.2931826779754,1771.2703663415664,4942.586365355951,ACCEPTABLE
22.4,105.9,10000,False,6.913048066217362,603.0976919276153,15.959683059894042,175.22267954572425,489.43714369169817,438.05669886431065,1223.5928592292453,876.1133977286213,2447.1857184584906,1752.2267954572426,4894.371436916981,ACCEPTABLE
22.4,106.0,10000,False,6.875440170360292,598.9909448628698,16.86500862702604,174.6543162348055,486.3349182789806,436.63579058701373,1215.8372956974515,873.2715811740275,2431.674591394903,1746.543162348055,4863.349182789806,ACCEPTABLE
22.4,106.1,10000,False,6.852551747463388,597.1814833658171,18.04293339499026,174.25096964310896,485.1528343535058,435.6274241077723,1212.8820858837648,871.2548482155446,2425.7641717675297,1742.5096964310892,4851.528343535059,ACCEPTABLE
22.4,106.2,10000,False,6.846482711483563,597.9732796000231,18.999323416255567,174.2375998870106,485.9033560209078,435.59399971752646,1214.7583900522695,871.1879994350529,2429.516780104539,1742.3759988701058,4859.033560209078,ACCEPTABLE
22.4,106.3,10000,False,6.8598588470327675,601.7651659955486,17.44709163391698,175.89488734383158,488.7337007876117,439.73721835957895,1221.8342519690293,879.4744367191579,2443.6685039380586,1758.9488734383158,4887.337007876117,ACCEPTABLE
22.4,106.4,10000,False,6.896024982622299,609.0866214356749,15.96317984273684,177.20500000275766,494.40598955922377,443.0125000068942,1236.0149738980595,886.0250000137884,2472.029947796119,1772.0500000275767,4944.059895592238,ACCEPTABLE
22.4,106.5,10000,False,6.959330949205528,620.6506566261183,14.633910824119578,180.89302186026697,503.4934527189765,452.23255465066745,1258.7336317974414,904.4651093013349,2517.4672635948828,1808.9302186026698,5034.9345271897655,ACCEPTABLE
22.4,106.6,10000,False,7.055564915794271,637.433878653908,13.583759733798301,186.40867505329635,516.7821415303212,466.02168763324084,1291.9553538258028,932.0433752664817,2583.9107076516057,1864.0867505329634,5167.821415303211,ACCEPTABLE
22.4,106.7,10000,False,7.192627472600832,660.8010558434984,12.969175116019752,192.1414685296723,535.3711447359557,480.3536713241807,1338.4278618398896,960.7073426483614,2676.855723679779,1921.4146852967228,5353.711447359558,ACCEPTABLE
22.4,106.8,10000,False,7.3816123133653635,692.7050981356153,12.939139990101255,198.57917883457577,560.8327103496156,496.4479470864395,1402.081775874039,992.895894172879,2804.163551748078,1985.791788345758,5608.327103496156,ACCEPTABLE
22.4,106.9,10000,False,7.638601891860126,736.0201660140051,13.564729096685566,210.1808705311044,595.477204533174,525.452176327761,1488.693011332935,1050.904352655522,2977.38602266587,2101.808705311044,5954.77204533174,ACCEPTABLE
22.4,107.0,10000,False,7.987783977598346,795.1215975236189,14.790209724809577,228.15409631671193,641.4707130380615,570.3852407917798,1603.6767825951538,1140.7704815835596,3207.3535651903076,2281.540963167119,6414.707130380615,POOR
22.4,107.1,10000,False,8.467161740956598,876.9516684326289,14.390284125027353,254.00855157954402,703.8995299630953,635.02137894886,1759.7488249077383,1270.04275789772,3519.4976498154765,2540.08551579544,7038.995299630953,POOR
22.4,107.2,10000,False,9.139755499685862,993.1154517526596,10.991467595611974,287.4690070231939,791.8788801453127,718.6725175579845,1979.6972003632818,1437.345035115969,3959.3944007265636,2874.690070231938,7918.788801453127,POOR
22.4,107.3,10000,False,10.117591599967442,1164.3765913061432,8.077187707885873,331.8028211366394,920.2107275862124,829.5070528415986,2300.526818965531,1659.0141056831972,4601.053637931062,3318.0282113663943,9202.107275862125,POOR
22.4,107.4,10000,False,11.619374853367916,1431.4780433182318,6.423224062092574,399.96350649000556,1121.8848822695004,999.908766225014,2804.712205673751,1999.817532450028,5609.424411347502,3999.635064900056,11218.848822695005,POOR
22.4,107.5,10000,False,14.133262914306595,1885.7159579838599,6.684541552840919,526.0363624478575,1495.5907907032797,1315.090906119644,3738.9769767581997,2630.181812239288,7477.953953516399,5260.363624478576,14955.907907032799,POOR
22.4,107.6,10000,False,19.002432165420057,2779.065028995584,8.111671238937124,786.7224127784219,2260.3045793044735,1966.8060319460544,5650.7614482611825,3933.612063892109,11301.522896522365,7867.224127784218,22603.04579304473,VERY POOR
22.4,107.7,10000,False,31.668973620071196,5134.960119927408,5.366758381738727,1428.733017879873,4151.774810347818,3571.8325446996832,10379.437025869547,7143.6650893993665,20758.874051739094,14287.330178798733,41517.74810347819,VERY POOR
22.4,107.8,10000,False,124.11307303078718,22515.437156692304,2.013126116369701,6196.509970967905,18080.413666107044,15491.274927419761,45201.034165267614,30982.549854839523,90402.06833053523,61965.099709679045,180804.13666107046,VERY POOR
22.4,107.9,10000,False,59.94111293991285,12216.505829302667,0.16823437313276424,3175.763446919673,9492.097042010017,7939.408617299181,23730.242605025043,15878.817234598362,47460.48521005009,31757.634469196724,94920.97042010017,VERY POOR
22.4,108.0,10000,False,25.532765555338372,5821.811877719241,1.8134078344166624,1534.0655421723056,4419.898888154353,3835.1638554307647,11049.74722038588,7670.327710861529,22099.49444077176,15340.655421723059,44198.98888154352,VERY POOR
22.4,108.1,10000,False,18.300810317536047,4596.520224593153,2.5828859992772704,1239.538033558209,3442.839256798227,3098.8450838955214,8607.098141995568,6197.690167791043,17214.196283991136,12395.380335582086,34428.39256798227,VERY POOR
22.4,108.2,10000,False,17.070784533014738,4598.922500109502,2.987198818632693,1258.804714784838,3285.492476367731,3147.011786962096,8213.731190919327,6294.023573924192,16427.462381838654,12588.047147848383,32854.92476367731,VERY POOR
22.4,108.3,10000,False,19.740254249085286,5524.598105922637,2.1453911649112767,1442.9078170487624,3763.5351872768165,3607.269542621906,9408.837968192041,7214.539085243812,18817.675936384083,14429.078170487624,37635.351872768166,VERY POOR
22.4,108.4,10000,False,27.183032097131296,7677.22091556376,1.417375181698525,2110.747509329845,5437.490157817066,5276.8687733246115,13593.725394542664,10553.737546649223,27187.450789085327,21107.475093298446,54374.901578170655,VERY POOR
22.4,108.5,10000,False,35.75293250489238,9982.355216136599,2.7568949639481564,2543.4190660315144,7780.196111647295,6358.547665078786,19450.490279118232,12717.095330157572,38900.980558236464,25434.190660315144,77801.96111647293,VERY POOR
22.4,108.6,10000,False,31.412416598920057,8569.455319764063,1.7518640949494957,2346.5870910851622,6600.42601991449,5866.467727712907,16501.06504978623,11732.935455425813,33002.13009957246,23465.870910851627,66004.26019914492,VERY POOR
22.4,108.7,10000,False,24.361307325102644,6461.608754628753,1.8675644654925807,1773.7635500115011,4841.586909626518,4434.408875028752,12103.967274066297,8868.817750057504,24207.934548132595,17737.635500115008,48415.86909626519,VERY POOR
22.4,108.8,10000,False,20.346423097729794,5243.923093529006,3.1178699467584576,1356.0498333978603,3756.444675604332,3390.1245834946512,9391.111689010831,6780.2491669893025,18782.223378021663,13560.498333978605,37564.446756043326,VERY POOR
22.4,108.9,10000,False,18.285638939774614,4587.859326264035,3.1833295347559294,1172.8064841255273,3266.9196032326436,2932.016210313818,8167.299008081608,5864.032420627636,16334.598016163216,11728.064841255273,32669.196032326432,VERY POOR
22.4,109.0,10000,False,17.298042477516514,4237.956648766809,2.3922855333630464,1160.8873307054391,3108.854567222344,2902.2183267635974,7772.136418055861,5804.436653527195,15544.272836111722,11608.87330705439,31088.545672223445,VERY POOR
22.5,104.5,10000,False,8.59042847776578,869.480773062423,7.807509879308839,252.251187115415,698.5763693042317,630.6279677885374,1746.4409232605792,1261.2559355770748,3492.8818465211584,2522.5118711541495,6985.763693042317,POOR
22.5,104.6,10000,False,8.452877577491856,844.7891732786743,7.9839732565643455,245.57011881130626,679.1404388084329,613.9252970282657,1697.8510970210823,1227.8505940565315,3395.7021940421646,2455.701188113063,6791.404388084329,POOR
22.5,104.7,10000,False,8.320020870842047,821.4301607244865,8.315812146375045,239.29702970760067,660.7832327206053,598.2425742690018,1651.9580818015133,1196.4851485380036,3303.9161636030267,2392.9702970760072,6607.832327206053,POOR
22.5,104.8,10000,False,8.192163986081493,799.4122488082998,8.805659119689661,233.436445330525,643.5156714448871,583.5911133263126,1608.7891786122177,1167.182226652625,3217.5783572244354,2334.36445330525,6435.156714448871,POOR
22.5,104.9,10000,False,8.069646827303375,778.7482748275725,9.448360616334819,227.9944880431631,627.3527024254167,569.9862201079077,1568.3817560635416,1139.9724402158154,3136.7635121270832,2279.9448804316307,6273.5270242541665,POOR
22.5,105.0,10000,False,7.952849030501652,759.4563498219914,10.23338760819869,222.83027411601415,612.3141719651748,557.0756852900354,1530.7854299129374,1114.1513705800708,3061.570859825875,2228.3027411601415,6123.14171965175,POOR
22.5,105.1,10000,False,7.842196564095928,741.5610235554599,11.147520930277894,217.7741246015048,598.4258950150761,544.435311503762,1496.0647375376902,1088.870623007524,2992.1294750753805,2177.741246015048,5984.258950150761,ACCEPTABLE
22.5,105.2,10000,False,7.738169779890622,725.0947231567025,12.176930242209611,213.13599586167368,585.72097659885,532.8399896541841,1464.3024414971253,1065.6799793083683,2928.6048829942506,2131.3599586167365,5857.209765988501,ACCEPTABLE
22.5,105.3,10000,False,7.641313322709818,710.099543548271,13.308390645661367,207.8563495489875,574.2414563668393,519.6408738724688,1435.6036409170983,1039.2817477449375,2871.2072818341967,2078.563495489875,5742.414563668393,ACCEPTABLE
22.5,105.4,10000,False,7.552248449911311,696.6294950795265,13.897709292655891,202.98273444945409,564.040372564674,507.4568361236351,1410.100931411685,1014.9136722472703,2820.20186282337,2029.8273444945405,5640.40372564674,ACCEPTABLE
22.5,105.5,10000,False,7.471688514116589,684.7533521739499,13.652877912757877,198.53716154253254,555.1843765735352,496.34290385633136,1387.9609414338383,992.6858077126627,2775.9218828676767,1985.3716154253254,5551.843765735353,ACCEPTABLE
22.5,105.6,10000,False,7.4004586515980595,674.5583014503535,13.65504616976636,196.65296158749618,547.7570788183345,491.6324039687405,1369.3926970458363,983.264807937481,2738.7853940916725,1966.529615874962,5477.570788183345,ACCEPTABLE
22.5,105.7,10000,False,7.339521137263026,666.1546665327263,13.93595919459277,195.36590748532242,541.1130133560948,488.41476871330605,1352.782533390237,976.8295374266121,2705.565066780474,1953.6590748532242,5411.130133560948,ACCEPTABLE
22.5,105.8,10000,False,7.290008480649885,659.6821017876405,14.510404838128103,192.80682642929216,536.0724068131306,482.01706607323035,1340.1810170328265,964.0341321464607,2680.362034065653,1928.0682642929214,5360.724068131306,ACCEPTABLE
22.5,105.9,10000,False,7.253267248829592,655.3178176943725,15.374692083037443,191.05054688857314,532.7880827995456,477.6263672214328,1331.9702069988641,955.2527344428656,2663.9404139977282,1910.5054688857313,5327.8808279954565,ACCEPTABLE
22.5,106.0,10000,False,7.230916976171146,653.2876572406207,16.50993186306745,191.18179809729423,531.4538487943062,477.95449524323556,1328.6346219857658,955.9089904864711,2657.2692439715315,1911.8179809729422,5314.538487943063,ACCEPTABLE
22.5,106.1,10000,False,7.224930625766676,653.8812360853436,17.862094526579188,191.47583204323874,531.9886133824075,478.68958010809683,1329.9715334560187,957.3791602161937,2659.9430669120375,1914.7583204323873,5319.886133824075,ACCEPTABLE
22.5,106.2,10000,False,7.23774634974496,657.4729737815795,16.343217323878328,192.0496797468806,534.6988331207506,480.1241993672014,1336.7470828018766,960.2483987344028,2673.494165603753,1920.4967974688057,5346.988331207506,ACCEPTABLE
22.5,106.3,10000,False,7.272425519546131,664.5518244399116,14.886440905054622,195.33673409540188,540.2262496312891,488.34183523850464,1350.5656240782228,976.6836704770093,2701.1312481564455,1953.3673409540186,5402.262496312891,ACCEPTABLE
22.5,106.4,10000,False,7.332880507179647,675.7641198784332,13.570435920488142,198.7442505461675,549.0914695182596,496.86062636541874,1372.7286737956488,993.7212527308375,2745.4573475912975,1987.442505461675,5490.914695182595,ACCEPTABLE
22.5,106.5,10000,False,7.424209942963158,691.9766359954264,12.508329107557923,204.06158905750308,561.9929773213776,510.1539726437577,1404.9824433034441,1020.3079452875154,2809.9648866068883,2040.6158905750308,5619.929773213777,ACCEPTABLE
22.5,106.6,10000,False,7.55320378630994,714.3716730196644,11.843400918787545,209.88608824310884,579.8834480178388,524.715220607772,1449.7086200445965,1049.430441215544,2899.417240089193,2098.860882431088,5798.834480178386,ACCEPTABLE
22.5,106.7,10000,False,7.729124673763142,744.5943580590459,11.715295011208164,217.06560935204553,604.0874396162591,542.6640233801138,1510.2185990406483,1085.3280467602276,3020.4371980812966,2170.656093520455,6040.874396162593,POOR
22.5,106.8,10000,False,7.964954625974352,784.9881684665078,12.196300518478647,228.11111529650685,636.4884713605676,570.2777882412672,1591.2211784014194,1140.5555764825344,3182.4423568028387,2281.111152965069,6364.8847136056775,POOR
22.5,106.9,10000,False,8.27945885897668,838.9857821964484,13.245050691512054,241.35839665400323,678.1350897583831,603.3959916350082,1695.3377243959576,1206.7919832700163,3390.675448791915,2413.5839665400326,6781.35089758383,POOR
22.5,107.0,10000,False,8.700758054199346,911.787288318119,14.722958744596516,263.0038050071621,733.8815850171143,657.5095125179053,1834.7039625427856,1315.0190250358105,3669.407925085571,2630.038050071621,7338.815850171142,POOR
22.5,107.1,10000,False,9.272860149566908,1011.6029532362446,11.734929495048597,293.55861319970575,809.8514958140705,733.8965329992643,2024.6287395351762,1467.7930659985286,4049.2574790703525,2935.5861319970572,8098.514958140705,POOR
22.5,107.2,10000,False,10.068449292624067,1152.0905161098715,8.807601800766982,329.1455230458706,915.8726353530766,822.8638076146765,2289.6815883826916,1645.727615229353,4579.363176765383,3291.455230458706,9158.726353530767,POOR
22.5,107.3,10000,False,11.216205770375023,1357.5681135964167,6.5498349236630595,384.33071589851863,1069.1421042598968,960.8267897462966,2672.8552606497415,1921.6535794925933,5345.710521299483,3843.3071589851866,10691.421042598966,POOR
22.5,107.4,10000,False,12.966259255731828,1675.5165318536867,5.6978151482571775,467.75775063762114,1325.2293328690432,1169.3943765940526,3313.0733321726084,2338.788753188105,6626.146664345217,4677.57750637621,13252.293328690434,POOR
22.5,107.5,10000,False,15.87406824476303,2211.7407398125397,6.4426220739943565,617.2717695696067,1770.3867349141078,1543.1794239240166,4425.96683728527,3086.3588478480333,8851.93367457054,6172.717695696067,17703.86734914108,POOR
22.5,107.6,10000,False,21.457791756477846,3256.2140950223156,7.877486967897493,927.394095476404,2655.410424070967,2318.4852386910097,6638.526060177419,4636.970477382019,13277.052120354838,9273.940954764039,26554.104240709676,VERY POOR
22.5,107.7,10000,False,35.80246845499696,5973.669950777464,4.479501197940012,1663.9567464294064,4838.259296897111,4159.891866073514,12095.648242242776,8319.783732147029,24191.296484485552,16639.567464294058,48382.592968971105,VERY POOR
22.5,107.8,10000,False,136.08772188571126,25159.1744111659,1.6494218106878908,7071.411170071714,19969.410958525623,17678.52792517928,49923.527396314064,35357.05585035856,99847.05479262813,70714.11170071713,199694.10958525626,VERY POOR
22.5,107.9,10000,False,70.06277575992476,14412.452281402779,0.3245598181573887,3748.7702063422435,11233.462304235854,9371.925515855608,28083.655760589638,18743.851031711216,56167.311521179276,37487.70206342243,112334.62304235855,VERY POOR
22.5,108.0,10000,False,28.8970043790896,6603.88636625301,1.4996416727417843,1746.001676809553,5018.815487624874,4365.004192023882,12547.038719062182,8730.008384047764,25094.077438124365,17460.016768095527,50188.15487624873,VERY POOR
22.5,108.1,10000,False,19.826491544359246,4985.922033030172,2.3467756932536212,1341.4097542090485,3742.527437919272,3353.5243855226217,9356.31859479818,6707.0487710452435,18712.63718959636,13414.097542090487,37425.27437919272,VERY POOR
22.5,108.2,10000,False,17.215452508691094,4677.46548670712,2.851781271482776,1242.0208266322575,3383.592190472247,3105.0520665806444,8458.980476180615,6210.104133161289,16917.96095236123,12420.208266322577,33835.92190472246,VERY POOR
22.5,108.3,10000,False,17.966309536508213,5144.758186888526,2.491011560458795,1414.5973277614173,3745.0521417027667,3536.493319403544,9362.630354256917,7072.986638807088,18725.260708513833,14145.973277614175,37450.52141702767,VERY POOR
22.5,108.4,10000,False,22.19881033861664,6527.303935400714,1.5974658615631996,1679.6200133662946,4401.910657481867,4199.050033415737,11004.77664370467,8398.100066831474,22009.55328740934,16796.200133662947,44019.10657481868,VERY POOR
22.5,108.5,10000,False,31.160777595313757,9203.454655605225,1.5379596781172669,2514.1950628526943,6644.576407268977,6285.487657131735,16611.44101817244,12570.97531426347,33222.88203634488,25141.95062852694,66445.76407268977,VERY POOR
22.5,108.6,10000,False,39.066410208582916,11412.818545040644,2.0764486653787753,2904.562046552118,9013.756583761651,7261.405116380293,22534.391459404127,14522.810232760587,45068.782918808254,29045.620465521173,90137.56583761651,VERY POOR
22.5,108.7,10000,False,33.495880525028966,9592.158781613607,1.344045766730221,2667.7555752057715,7386.7641698631005,6669.388938014427,18466.91042465775,13338.777876028855,36933.8208493155,26677.55575205771,73867.641698631,VERY POOR
22.5,108.8,10000,False,26.293887399840173,7350.829833447176,1.7198431171145667,2027.50954529292,5454.962980325903,5068.7738632323,13637.407450814757,10137.5477264646,27274.814901629514,20275.0954529292,54549.62980325903,VERY POOR
22.5,108.9,10000,False,22.11643668839562,6031.1522619623765,2.8277176745644037,1562.7538910422534,4317.614508250783,3906.884727605633,10794.036270626952,7813.769455211266,21588.072541253903,15627.538910422532,43176.14508250781,VERY POOR
22.5,109.0,10000,False,19.896617967269467,5298.787489010133,2.845833823931488,1356.4748067430237,3798.155724191895,3391.187016857559,9495.389310479739,6782.374033715118,18990.778620959478,13564.748067430235,37981.557241918956,VERY POOR
